url_count,ip_url_count,suspicious_tld_count,long_url_count,urgent_count,credential_count,threat_count,reply_to_mismatch,attachment_count,suspicious_attachment_count,text_length,exclamation_count,label
7,3,1,4,7,6,3,0,0,0,348,4,1
1,1,0,1,6,1,2,0,3,2,4094,6,1
3,3,2,2,6,1,1,1,3,2,3833,5,1
5,2,2,0,1,2,0,0,3,2,2489,4,1
4,1,3,0,2,3,5,0,0,0,1473,6,1
8,2,1,2,6,3,1,0,1,0,4131,10,1
7,0,3,3,3,2,5,0,3,1,3541,3,1
6,2,2,1,4,3,2,0,3,0,4712,4,1
5,0,0,2,1,6,2,1,3,1,4956,0,1
6,0,0,3,6,3,3,0,0,0,1877,9,1
4,3,1,2,2,2,5,0,3,1,4261,8,1
6,0,3,6,1,2,4,0,3,0,3530,2,1
1,0,1,1,8,4,1,0,0,0,3341,6,1
7,3,2,1,7,2,4,1,1,0,3883,3,1
4,1,1,3,6,6,2,0,0,0,2777,5,1
1,0,1,1,5,5,3,0,1,0,2186,1,1
7,1,3,6,8,5,4,1,1,0,1846,2,1
4,3,3,3,2,6,1,1,0,0,4403,6,1
6,0,0,4,7,3,5,1,3,0,3996,3,1
6,3,3,0,5,4,2,1,1,0,3777,8,1
8,1,1,7,4,4,5,0,0,0,3031,2,1
6,2,3,0,7,5,2,0,0,0,2049,9,1
8,0,1,4,2,1,4,1,3,3,893,10,1
8,1,0,0,3,6,3,0,2,2,4316,9,1
5,2,1,1,3,4,0,1,0,0,3811,4,1
2,1,0,0,8,6,2,0,3,3,3091,10,1
1,0,1,1,5,2,3,0,3,0,1809,0,1
5,3,1,2,4,6,1,1,0,0,3255,5,1
6,0,0,6,6,1,0,0,1,0,2117,9,1
3,2,0,0,5,5,2,0,1,1,3140,4,1
6,3,2,4,2,5,3,0,2,1,4676,6,1
6,2,0,4,4,3,0,0,1,0,4231,9,1
3,0,3,1,3,2,0,1,1,0,2829,7,1
3,2,0,2,3,3,5,1,1,0,384,9,1
3,2,1,0,1,4,2,0,0,0,557,4,1
8,1,3,4,6,2,3,0,1,0,565,8,1
2,0,2,1,1,5,5,1,0,0,364,3,1
7,2,2,4,6,1,4,0,3,3,4655,1,1
1,1,1,0,2,5,4,0,3,1,3052,10,1
6,1,0,5,3,2,2,1,3,2,3573,2,1
8,2,1,1,1,2,0,1,3,0,640,4,1
2,0,0,2,2,5,3,0,1,1,4912,8,1
3,0,2,2,4,2,5,0,1,0,485,6,1
5,2,1,5,7,6,4,0,1,0,1398,2,1
8,1,2,0,5,5,3,0,2,2,2635,7,1
1,1,0,0,6,2,0,0,1,1,1927,4,1
3,3,2,1,7,6,3,1,3,3,1230,7,1
4,0,0,4,1,4,0,1,3,0,3927,1,1
1,0,1,1,2,5,5,1,1,0,1725,5,1
7,3,1,4,4,2,3,0,2,2,3177,4,1
1,0,0,0,5,1,5,1,2,1,816,1,1
2,2,2,1,1,2,2,1,1,1,1639,4,1
2,0,2,1,8,3,3,1,1,1,2705,1,1
7,0,0,1,1,6,3,0,1,1,2289,6,1
7,3,1,0,3,6,1,1,0,0,2920,5,1
5,1,3,3,5,4,1,0,0,0,4247,9,1
2,0,2,0,3,1,0,1,2,1,4103,2,1
8,0,3,1,5,6,1,0,1,0,3649,7,1
4,1,0,2,1,2,0,1,3,3,2180,7,1
6,0,0,6,3,5,0,0,0,0,3918,2,1
8,2,1,6,8,3,3,1,0,0,1468,3,1
2,1,1,0,8,6,5,1,0,0,3651,2,1
1,1,0,0,7,2,3,0,3,2,1204,4,1
7,3,2,3,3,2,1,0,3,0,3681,8,1
2,1,2,0,3,5,0,0,3,1,3287,8,1
3,1,1,2,4,5,5,0,1,0,2181,6,1
8,2,1,5,4,4,1,1,1,0,3027,4,1
6,2,0,6,8,1,5,1,3,2,3868,9,1
7,2,1,3,3,1,2,1,3,1,4824,9,1
8,2,0,4,8,2,2,0,1,1,2955,6,1
4,0,1,1,1,2,1,1,1,0,2854,7,1
1,1,0,0,3,1,2,0,3,3,4569,3,1
6,1,0,1,6,2,4,0,2,2,2459,10,1
1,0,0,0,3,1,0,0,3,3,4616,10,1
1,1,0,1,5,1,0,0,1,0,4277,2,1
1,0,0,1,6,4,3,1,3,2,2952,2,1
1,0,1,0,8,2,2,0,1,0,897,1,1
1,1,1,0,4,6,2,1,3,0,3030,4,1
4,3,1,3,8,1,1,0,1,1,2290,2,1
6,0,1,2,6,2,3,1,3,3,387,0,1
1,0,0,1,8,1,4,1,3,1,3172,6,1
2,0,0,1,2,3,5,1,0,0,3501,5,1
4,1,2,2,6,1,0,0,2,1,2368,3,1
2,1,2,0,6,2,5,1,0,0,4895,6,1
8,1,3,4,3,4,3,1,0,0,1714,2,1
2,1,0,0,8,1,2,0,1,0,1520,8,1
8,1,2,4,6,5,2,0,0,0,937,9,1
5,1,1,3,8,5,3,0,3,0,3519,10,1
2,2,0,1,2,1,3,1,1,1,4705,8,1
2,1,2,1,5,6,2,0,1,1,4781,5,1
6,0,2,5,5,3,0,0,2,2,3065,4,1
6,0,3,5,2,4,4,1,2,0,1417,5,1
6,0,1,3,6,2,3,1,3,0,2847,2,1
2,0,1,0,1,4,4,0,2,1,1801,10,1
8,2,3,6,1,4,2,1,0,0,2845,8,1
7,1,3,7,1,5,0,1,1,1,2641,1,1
8,0,1,1,5,2,0,0,2,0,418,5,1
7,1,2,7,2,6,3,1,1,1,1153,10,1
7,2,0,6,6,6,3,0,2,1,3307,8,1
8,3,2,4,6,1,2,1,2,2,3636,4,1
8,1,2,0,4,6,1,1,1,1,1164,3,1
6,2,0,1,8,6,0,0,2,2,1649,6,1
6,1,0,4,3,6,5,0,2,1,4134,1,1
8,3,0,6,5,4,5,1,2,1,2505,10,1
8,0,3,3,5,6,2,0,3,0,631,9,1
8,3,3,4,2,5,1,1,3,0,2727,3,1
5,2,2,5,5,3,0,0,1,1,2115,4,1
7,0,2,2,6,1,5,0,1,1,3861,9,1
6,1,2,5,3,3,5,1,2,2,1241,1,1
8,0,1,5,3,6,5,0,0,0,589,9,1
5,3,1,3,5,2,2,1,1,1,4406,3,1
6,1,2,4,1,4,2,1,0,0,2053,9,1
6,2,2,1,6,5,4,0,3,3,2263,4,1
3,1,1,0,6,4,2,1,0,0,1540,8,1
6,0,0,2,4,5,2,0,1,0,1691,6,1
7,2,0,2,2,6,1,1,2,1,2733,7,1
2,0,0,2,2,6,1,1,3,2,4588,9,1
4,0,3,4,3,5,5,1,0,0,4192,10,1
2,1,0,0,2,4,2,1,1,1,4258,0,1
7,3,3,4,5,6,4,1,3,3,3714,3,1
5,1,0,0,7,6,2,0,2,2,3822,9,1
7,0,0,5,7,1,3,1,0,0,4623,4,1
2,2,2,2,5,1,5,0,3,0,3532,9,1
1,0,0,1,4,1,4,0,2,2,679,1,1
8,1,3,5,5,6,3,0,1,1,3502,3,1
8,1,1,3,1,1,5,1,2,0,1860,3,1
4,3,0,0,1,4,5,0,3,2,2655,2,1
2,1,2,2,5,2,1,0,3,2,3354,2,1
3,0,3,2,3,6,1,0,2,2,4158,7,1
1,1,1,0,1,2,2,0,1,1,1422,6,1
7,3,1,1,8,3,2,0,1,1,1099,7,1
1,1,1,1,4,5,4,1,3,2,4487,7,1
7,3,2,3,2,4,2,1,2,1,1025,6,1
7,0,2,4,4,5,1,1,1,1,4783,6,1
4,3,0,2,8,6,1,1,3,0,1341,8,1
7,0,1,2,4,3,0,0,1,1,1204,1,1
7,0,1,0,2,6,5,1,2,0,1824,10,1
7,3,3,5,1,1,4,0,0,0,1394,3,1
2,0,2,0,4,6,4,1,3,2,4458,3,1
2,1,2,0,1,3,4,0,0,0,757,9,1
8,0,2,5,7,1,1,1,3,0,4080,2,1
2,1,2,1,1,6,5,1,1,1,4516,1,1
1,0,1,1,7,3,1,1,2,1,3190,10,1
1,0,0,1,7,3,2,1,0,0,3968,0,1
2,1,0,2,8,5,4,0,1,1,839,5,1
6,3,0,4,3,3,2,0,3,3,3024,2,1
4,3,2,4,3,6,4,0,0,0,1324,7,1
4,2,0,1,6,1,4,0,1,1,2774,1,1
1,0,1,1,8,2,1,1,0,0,2603,6,1
5,3,2,5,4,3,4,1,1,1,2257,9,1
3,2,0,1,8,3,5,1,2,2,4493,0,1
3,2,3,1,7,2,4,1,3,2,1035,9,1
5,3,3,2,5,2,5,1,1,1,4840,2,1
1,1,1,1,5,2,0,1,0,0,480,10,1
4,1,3,2,3,5,5,0,2,2,2265,0,1
4,2,0,3,2,4,1,0,1,1,2592,0,1
3,2,0,1,5,1,1,1,2,2,4495,0,1
6,0,2,3,2,5,1,0,2,2,770,0,1
6,2,0,2,1,3,4,0,1,1,3126,9,1
8,3,2,1,7,3,2,0,1,0,2949,2,1
6,1,3,6,1,1,3,0,3,0,1108,8,1
1,0,0,0,3,6,1,1,2,0,1413,1,1
3,3,0,2,2,3,4,1,2,2,1790,10,1
8,2,3,7,4,5,0,0,1,0,4820,10,1
2,1,2,2,7,2,4,1,1,1,4351,10,1
6,1,0,0,2,4,4,0,0,0,2109,8,1
1,1,1,1,2,1,1,0,2,1,4858,8,1
7,2,0,5,3,4,1,1,2,1,4058,5,1
7,0,1,5,7,4,2,0,3,3,4665,1,1
1,0,0,1,1,6,0,0,3,0,1415,5,1
3,2,2,1,8,5,1,1,0,0,1508,2,1
3,1,0,0,2,6,5,0,1,0,3854,3,1
1,1,0,1,3,1,1,1,1,1,2689,8,1
3,3,3,2,1,2,2,1,2,0,1113,10,1
8,3,2,2,3,6,4,1,1,1,2164,8,1
8,2,1,0,6,5,3,0,1,1,3770,1,1
5,0,3,4,6,4,2,1,0,0,3635,9,1
8,3,0,4,4,4,3,1,3,2,4575,0,1
7,2,2,3,1,4,4,0,2,0,2461,7,1
1,0,1,1,5,6,2,1,2,0,610,3,1
1,0,0,0,3,2,4,1,3,3,486,7,1
8,3,0,2,3,5,4,1,3,0,1656,5,1
7,0,2,0,7,4,2,0,2,2,1284,6,1
3,1,3,3,7,1,2,0,1,0,4029,8,1
2,2,2,0,8,3,2,1,2,1,2746,1,1
1,0,0,1,4,4,3,1,2,0,3228,3,1
7,3,3,1,4,3,3,0,1,0,1698,9,1
5,2,0,1,6,1,4,0,2,1,4701,2,1
1,1,1,1,6,1,4,0,2,1,4547,10,1
2,1,0,2,1,2,2,0,3,0,3309,8,1
3,3,0,2,2,3,4,0,2,0,3392,3,1
1,1,1,1,8,4,3,1,2,1,3485,10,1
6,3,0,2,5,3,1,0,3,0,3468,5,1
5,3,3,0,6,3,0,1,1,0,654,3,1
1,0,0,0,2,4,5,0,0,0,1360,9,1
8,2,3,6,6,6,0,1,3,2,4485,8,1
8,1,0,3,3,5,5,0,0,0,492,8,1
8,2,3,4,8,2,4,1,1,1,454,4,1
6,0,1,6,2,6,0,0,2,2,2378,7,1
8,2,1,5,4,6,0,1,0,0,4785,8,1
6,2,3,6,2,4,2,0,0,0,1719,4,1
5,1,1,0,5,6,1,1,0,0,1760,9,1
2,0,0,0,7,6,4,0,0,0,2858,8,1
7,1,1,3,3,6,2,0,3,3,450,8,1
6,2,1,3,4,6,3,1,1,0,945,5,1
7,3,3,6,3,3,1,1,3,1,2940,7,1
1,1,0,1,2,2,2,1,0,0,2759,2,1
4,0,2,2,2,3,5,1,0,0,3147,5,1
4,1,2,2,4,5,3,1,3,3,4044,1,1
6,0,1,6,4,5,0,1,1,1,4318,7,1
1,1,1,0,6,6,2,0,0,0,4210,3,1
3,2,0,2,3,5,0,0,1,0,3559,6,1
5,2,1,0,5,6,2,0,0,0,2125,0,1
2,0,1,0,1,5,0,0,2,1,2456,3,1
3,0,1,3,7,2,3,1,0,0,1576,6,1
4,2,0,3,6,4,1,0,1,0,2527,1,1
2,1,1,1,4,3,2,1,2,2,1296,2,1
7,3,1,1,1,5,5,0,0,0,1620,8,1
8,1,3,2,8,1,1,1,0,0,1026,2,1
5,0,1,0,4,3,1,1,2,1,4513,7,1
6,2,2,2,4,2,5,0,3,2,2554,0,1
7,2,3,0,7,2,2,1,2,2,4369,9,1
4,3,0,0,2,3,4,1,1,0,3196,9,1
5,3,1,0,8,6,1,1,1,0,4906,6,1
3,0,0,0,1,2,4,1,3,3,709,9,1
2,1,2,2,1,3,4,1,0,0,4380,2,1
8,0,1,7,4,2,4,0,1,0,1398,2,1
1,0,1,1,2,1,5,0,0,0,4467,1,1
8,1,0,1,3,4,4,0,2,2,1254,10,1
4,1,2,4,1,3,4,0,3,3,582,6,1
8,1,1,2,4,2,2,0,0,0,3547,2,1
3,1,2,3,5,3,5,1,1,1,3792,0,1
7,1,1,3,3,4,4,1,1,0,2533,8,1
4,1,2,4,4,4,0,1,0,0,3601,8,1
7,1,1,2,5,5,2,1,3,1,3335,8,1
2,1,1,2,4,3,2,0,0,0,3077,2,1
2,0,1,2,3,4,4,1,2,0,3991,10,1
2,2,0,2,4,2,0,0,2,1,4219,3,1
8,3,2,4,8,3,1,1,2,2,4225,10,1
3,2,0,3,6,3,4,1,3,2,3545,3,1
1,0,0,0,4,1,4,0,2,1,3986,4,1
5,2,2,1,8,1,3,1,0,0,603,8,1
5,1,2,3,1,2,1,0,1,0,645,7,1
8,2,1,2,4,4,5,0,3,2,1687,1,1
2,0,0,0,7,2,2,0,3,2,323,9,1
7,0,1,5,6,2,3,1,2,2,4737,8,1
6,2,3,6,1,1,5,0,2,0,3048,9,1
7,1,2,2,5,3,4,1,1,1,1510,5,1
6,2,1,2,1,5,1,0,3,1,2762,3,1
5,0,2,4,7,5,0,0,0,0,1926,9,1
6,1,1,1,2,4,5,0,0,0,3294,7,1
1,0,1,1,8,5,3,1,3,1,745,5,1
5,1,2,3,1,6,5,1,2,2,3805,10,1
5,2,0,5,7,4,3,0,3,3,1793,4,1
6,1,3,4,1,6,0,0,1,1,4401,4,1
7,2,2,7,7,4,4,1,0,0,1268,3,1
3,3,1,0,1,4,4,0,2,1,3029,3,1
7,3,2,3,5,2,3,1,1,1,2593,10,1
1,1,1,0,8,5,0,1,2,2,2718,0,1
3,3,1,0,5,3,3,1,3,1,4493,1,1
1,1,1,1,2,2,0,0,3,3,4866,4,1
6,2,1,5,1,3,1,1,3,0,1721,3,1
4,0,2,2,8,4,2,0,3,0,3209,10,1
3,3,0,2,7,1,3,0,1,0,2294,3,1
4,0,0,0,8,4,0,0,2,2,1138,2,1
2,1,2,0,6,6,2,1,2,0,432,3,1
6,2,2,2,8,6,3,1,3,2,1010,5,1
3,0,1,3,8,3,5,1,0,0,801,0,1
8,1,1,8,8,3,5,1,0,0,4636,8,1
8,3,0,3,7,1,5,0,3,2,4246,0,1
6,1,2,0,4,1,2,0,0,0,3743,1,1
7,2,1,1,1,6,4,1,1,0,4253,0,1
5,3,2,5,2,5,3,0,2,0,4889,8,1
8,0,1,6,6,5,1,0,3,1,4031,4,1
6,0,2,3,2,5,2,0,1,0,4124,9,1
2,1,1,2,2,6,2,0,1,0,3096,2,1
7,0,0,4,8,6,1,1,3,0,2395,8,1
5,3,0,2,4,4,5,0,0,0,1767,2,1
6,3,1,1,1,2,5,0,2,2,3202,9,1
5,1,3,5,4,5,2,1,0,0,657,4,1
7,1,1,2,1,4,1,1,0,0,4291,4,1
7,3,3,3,7,4,3,0,0,0,3502,7,1
8,1,3,3,4,5,0,1,0,0,763,9,1
1,1,1,0,3,2,4,0,3,2,2241,3,1
4,1,1,3,1,3,1,1,2,2,928,6,1
7,3,2,7,3,3,2,1,0,0,390,1,1
6,1,3,3,6,6,2,0,2,1,849,0,1
7,2,1,3,8,3,2,1,0,0,3919,5,1
1,1,0,0,4,1,1,0,0,0,3125,7,1
6,1,1,5,6,5,3,1,1,0,909,2,1
6,2,1,6,4,6,3,1,3,3,2213,4,1
1,0,1,0,5,1,2,1,2,1,762,1,1
7,0,2,2,2,3,2,1,2,2,3629,7,1
1,1,1,1,5,5,0,1,0,0,827,8,1
4,2,2,2,8,1,4,0,1,1,3062,0,1
7,2,2,3,8,4,2,0,1,1,1539,1,1
1,1,0,0,3,2,3,1,3,1,627,4,1
7,2,3,1,3,2,0,1,1,1,4793,5,1
1,1,1,1,1,1,0,1,3,2,4159,4,1
7,2,3,4,2,1,2,0,2,2,950,8,1
5,1,2,5,4,5,1,1,2,0,3584,9,1
4,0,3,1,5,1,1,0,2,0,4400,10,1
5,3,1,4,6,1,5,1,0,0,2583,10,1
3,0,2,1,2,1,1,0,1,1,4558,2,1
8,3,0,6,1,4,3,0,0,0,4988,9,1
6,2,0,2,5,1,1,0,2,0,3609,1,1
3,2,3,1,8,2,0,0,0,0,1232,9,1
8,2,2,6,1,5,4,0,1,0,1225,0,1
8,0,2,6,5,3,4,1,1,0,1559,9,1
6,3,3,1,3,5,1,0,1,1,2821,5,1
3,1,3,0,7,6,1,1,2,1,2446,10,1
8,3,0,8,8,1,0,1,0,0,2948,4,1
8,3,2,5,8,6,5,0,1,0,4742,9,1
8,0,2,4,1,4,4,0,0,0,3070,10,1
7,1,1,6,6,3,2,1,0,0,1816,1,1
6,2,0,3,8,5,5,0,2,1,4230,7,1
6,2,0,0,7,4,2,0,1,0,3432,7,1
6,3,3,4,6,1,4,0,2,1,3302,6,1
3,1,0,1,8,1,0,0,0,0,2266,1,1
3,2,1,0,8,1,4,0,3,1,938,10,1
1,0,0,1,8,4,1,0,0,0,4121,7,1
6,2,2,5,5,6,2,1,1,0,1540,1,1
8,2,1,6,4,6,4,0,2,1,4030,9,1
4,0,2,0,5,2,0,0,3,3,3187,9,1
8,1,0,6,3,4,2,1,1,1,469,1,1
4,3,3,1,6,2,1,1,3,1,3673,9,1
8,3,1,4,6,5,0,0,2,1,3581,3,1
2,2,2,1,2,1,5,0,0,0,686,7,1
6,0,3,1,4,5,4,0,3,2,1283,10,1
1,1,0,1,8,1,5,1,1,1,1384,10,1
2,0,0,2,1,1,4,0,1,0,4969,8,1
5,0,0,4,7,1,1,1,3,0,1009,2,1
1,0,1,1,1,3,4,1,0,0,4657,6,1
7,3,1,0,7,6,5,1,3,2,690,7,1
3,1,2,3,5,5,4,1,3,3,3563,0,1
4,3,2,0,4,4,0,0,1,0,1425,4,1
3,3,0,2,5,6,2,1,1,0,2016,10,1
5,3,0,3,7,5,2,1,3,1,3232,3,1
7,1,2,3,5,2,0,1,2,0,928,7,1
5,2,0,4,6,1,4,0,1,0,2949,0,1
8,3,1,7,2,1,5,1,2,2,494,5,1
5,0,1,4,2,1,4,1,3,1,1293,6,1
5,2,0,4,8,4,5,1,0,0,1591,9,1
6,3,0,1,3,1,3,0,3,1,3202,10,1
4,1,0,3,3,4,2,0,3,3,2163,7,1
3,2,1,0,7,2,1,1,1,1,871,8,1
8,0,2,2,5,2,5,0,1,1,1460,1,1
1,0,1,1,1,6,2,0,1,0,4444,10,1
4,2,1,1,1,4,2,0,3,1,4134,2,1
4,3,2,4,3,2,2,0,1,1,4252,4,1
1,0,1,1,3,3,1,1,1,0,691,9,1
2,0,2,2,2,1,5,0,1,0,2496,8,1
1,0,0,0,7,5,3,1,2,1,377,4,1
6,1,0,3,1,1,3,1,3,2,1509,2,1
8,1,3,1,6,3,0,1,1,0,3786,7,1
3,1,1,3,2,3,4,1,2,0,2278,9,1
8,1,1,4,1,4,5,0,2,0,2164,6,1
1,1,1,1,3,6,2,0,3,2,3731,4,1
3,2,1,2,4,3,2,0,2,2,2811,1,1
7,3,0,3,1,6,1,1,2,2,4872,0,1
6,2,1,5,6,1,2,0,1,0,2672,1,1
6,1,1,3,2,3,0,0,3,3,2539,8,1
8,0,2,2,6,1,3,0,1,1,485,1,1
8,1,3,5,8,6,2,0,0,0,986,8,1
7,3,3,2,3,3,2,0,0,0,956,6,1
7,1,2,3,2,5,4,1,0,0,3119,3,1
3,2,3,0,7,3,5,1,3,3,4607,6,1
1,0,1,0,2,1,3,0,1,1,1218,3,1
3,3,0,0,7,5,5,1,0,0,4364,0,1
6,2,2,3,1,1,1,1,3,1,4241,2,1
3,0,0,0,8,5,0,0,2,1,1343,5,1
2,0,2,2,3,6,1,0,3,1,2565,0,1
7,1,3,1,2,6,0,1,1,0,4982,9,1
3,3,2,1,6,6,1,0,0,0,4272,3,1
3,1,1,2,4,3,4,0,2,0,1794,6,1
2,0,0,0,8,4,1,0,0,0,1813,8,1
1,0,0,1,8,5,1,1,0,0,3197,1,1
4,1,2,3,8,6,1,1,3,2,885,2,1
3,3,3,3,8,3,3,1,0,0,3402,6,1
2,1,0,0,5,1,0,0,0,0,497,9,1
4,3,2,2,8,5,2,1,0,0,1996,1,1
7,1,3,0,4,5,2,0,2,2,1054,7,1
4,1,3,2,7,2,2,1,1,1,662,2,1
1,1,1,1,2,5,5,0,0,0,3304,3,1
2,0,2,1,4,4,0,0,2,0,3368,10,1
1,1,1,0,8,4,1,1,2,1,2727,1,1
5,1,0,3,8,4,1,0,1,0,4726,2,1
1,0,1,1,5,3,3,0,0,0,4948,9,1
8,3,2,7,8,6,0,1,2,0,556,1,1
6,1,1,1,7,5,1,1,3,0,2165,3,1
7,1,1,7,5,6,2,0,3,0,1070,0,1
8,2,2,0,6,1,5,0,0,0,4723,1,1
4,0,1,0,3,3,2,0,3,3,682,3,1
6,3,3,5,8,5,0,0,0,0,909,5,1
5,3,0,2,8,4,4,0,3,0,1325,9,1
5,0,0,1,5,6,0,1,2,2,1517,2,1
5,1,1,3,5,1,3,1,1,1,3454,4,1
3,3,1,3,5,1,3,0,2,1,4184,1,1
1,1,1,1,8,5,3,0,0,0,4988,1,1
7,1,3,4,7,4,0,1,2,0,4477,5,1
8,0,1,6,5,4,3,0,3,3,4615,8,1
1,0,0,0,2,5,5,1,2,2,1260,3,1
8,3,2,2,8,4,2,1,3,1,2904,3,1
2,2,1,1,7,3,4,1,0,0,4425,2,1
7,1,1,1,4,2,4,1,0,0,1208,6,1
3,1,1,3,8,5,5,0,2,2,3800,9,1
2,1,1,1,4,3,3,1,2,0,3637,2,1
8,2,3,2,8,6,2,0,3,1,2725,7,1
2,0,0,0,1,6,4,0,2,1,2321,9,1
1,0,0,1,2,2,3,0,0,0,464,2,1
3,1,0,2,1,3,2,0,2,1,3473,2,1
4,0,0,0,6,1,4,0,2,0,3405,4,1
7,3,0,0,5,4,4,0,3,3,2345,10,1
3,0,2,2,1,1,0,0,1,0,2491,8,1
8,1,0,5,1,1,1,1,0,0,3259,1,1
5,0,0,3,2,5,2,0,1,1,3380,10,1
8,0,3,3,1,3,3,1,1,1,1847,2,1
5,2,3,1,1,6,2,1,2,0,1157,8,1
7,0,2,7,5,3,4,1,2,2,1690,9,1
5,3,1,2,6,2,3,0,0,0,693,6,1
4,2,2,0,6,1,1,0,0,0,3063,0,1
6,3,1,4,2,3,0,0,1,1,4662,9,1
6,2,1,1,5,2,2,0,0,0,2857,1,1
1,0,1,1,2,4,3,1,3,0,349,0,1
7,1,2,0,5,1,4,1,3,3,4686,0,1
8,2,1,5,8,6,5,0,2,2,1929,2,1
8,0,3,2,1,3,2,0,1,0,3583,1,1
5,3,1,1,7,5,1,0,3,2,1216,2,1
7,3,2,0,4,5,1,1,2,2,3371,10,1
1,1,0,0,6,2,4,0,0,0,927,10,1
8,1,1,5,1,5,4,1,2,2,4497,2,1
7,0,0,0,5,3,3,0,1,1,2165,1,1
8,0,3,3,8,5,1,1,1,0,596,7,1
5,0,2,0,7,4,0,0,1,1,3322,1,1
4,1,2,0,4,2,1,0,2,2,4633,6,1
3,0,1,3,7,3,1,1,2,0,2010,6,1
3,1,3,2,6,4,1,1,0,0,324,8,1
2,0,1,2,1,3,4,0,0,0,1673,2,1
8,3,0,0,4,5,2,1,0,0,1013,5,1
1,0,1,0,8,4,5,0,2,0,3674,1,1
6,3,1,2,7,6,1,1,1,1,1462,7,1
3,1,1,3,1,2,3,0,3,3,3443,8,1
4,1,2,3,8,2,5,1,2,1,3329,2,1
7,3,1,1,1,4,3,0,1,1,3517,2,1
6,3,2,3,8,3,4,0,2,2,499,4,1
3,0,2,1,2,3,5,1,1,0,2826,9,1
6,0,2,4,3,2,3,1,0,0,3873,1,1
4,0,2,2,1,4,2,0,1,1,3603,4,1
7,3,0,5,1,4,5,0,3,3,3688,8,1
3,1,2,0,7,2,1,1,2,0,3154,10,1
4,0,3,4,1,5,4,1,3,2,3528,5,1
4,3,2,1,2,5,5,0,0,0,641,2,1
2,1,1,0,2,4,3,0,1,0,1521,0,1
1,1,0,0,3,1,5,1,0,0,2248,6,1
6,2,2,6,8,6,0,1,2,1,1989,9,1
1,1,1,1,1,4,1,1,0,0,1458,2,1
8,1,3,8,5,4,0,1,1,0,3373,2,1
8,0,2,7,1,2,4,1,0,0,1075,0,1
7,3,1,0,1,2,0,1,3,1,3772,10,1
4,2,0,2,1,1,0,0,0,0,3905,5,1
1,0,0,1,3,1,1,1,3,2,3807,6,1
3,0,1,2,4,2,0,0,3,0,2399,3,1
2,2,0,2,8,6,5,0,1,0,2556,5,1
5,0,3,1,2,4,3,1,0,0,1047,3,1
1,1,0,1,6,5,4,0,2,2,2244,0,1
4,1,1,4,7,3,3,0,3,2,3069,0,1
6,1,0,4,5,1,4,0,1,0,4716,7,1
4,3,1,0,3,1,4,0,2,1,1033,10,1
6,2,1,2,1,5,1,1,3,1,614,8,1
1,0,1,1,8,3,2,1,2,0,2792,1,1
4,3,2,0,7,5,4,0,3,1,369,6,1
8,1,0,6,5,4,0,1,1,0,1455,2,1
2,2,1,0,2,5,2,1,0,0,4166,0,1
3,3,2,0,3,6,3,0,3,3,4457,5,1
5,0,3,5,8,6,5,0,0,0,4975,10,1
3,3,1,1,7,3,5,1,2,2,684,7,1
3,2,0,1,8,5,2,0,1,0,860,2,1
2,0,0,1,7,1,5,1,2,2,2268,6,1
1,1,0,0,4,4,3,0,2,0,3697,3,1
4,1,2,0,3,2,3,0,3,2,2017,4,1
5,0,1,1,2,1,0,0,1,0,4347,10,1
3,1,3,1,7,3,1,1,3,1,2746,0,1
3,1,1,0,1,2,5,1,2,2,3854,6,1
6,3,3,4,7,4,4,0,0,0,4790,4,1
2,1,2,2,8,1,4,0,3,2,4575,3,1
7,2,3,2,1,3,4,1,0,0,4755,0,1
7,2,0,6,6,5,5,1,0,0,413,3,1
1,1,0,0,1,6,4,0,2,2,642,10,1
5,0,0,0,5,6,5,0,3,3,608,3,1
4,3,0,3,8,4,2,0,0,0,4139,5,1
5,3,0,2,1,2,1,1,3,3,2862,0,1
7,3,0,2,4,2,0,1,3,0,3130,2,1
2,2,0,1,1,6,0,1,3,3,3010,2,1
2,0,2,1,2,5,1,0,1,1,4001,4,1
7,1,1,3,4,4,0,0,2,0,1053,10,1
7,2,1,4,8,1,4,0,2,0,3232,1,1
4,3,0,1,2,6,5,1,3,0,764,2,1
8,2,0,8,2,3,4,0,2,1,4457,6,1
7,3,2,1,8,3,1,1,2,0,875,10,1
8,3,0,8,3,5,1,0,0,0,2459,2,1
5,3,2,0,1,3,2,1,3,1,1110,4,1
2,2,0,1,2,2,3,0,0,0,2585,4,1
5,2,2,4,2,6,4,0,2,0,1361,5,1
2,0,2,0,1,6,2,0,1,0,3247,7,1
1,1,0,1,1,4,1,0,0,0,1160,10,1
8,2,0,5,5,1,5,0,3,0,3816,1,1
8,3,0,7,2,1,5,0,3,2,885,7,1
1,1,1,1,2,6,1,1,1,1,2263,0,1
4,2,2,1,7,6,1,0,3,1,934,2,1
7,2,0,4,4,5,2,1,2,1,3320,0,1
8,2,3,5,5,2,3,0,1,1,3421,8,1
5,1,3,2,1,6,4,0,2,0,2365,5,1
3,3,2,3,3,1,5,0,1,1,4371,5,1
5,1,2,4,6,6,0,1,0,0,2883,6,1
1,1,1,1,1,2,0,0,3,3,2914,3,1
2,0,1,2,5,5,1,1,3,0,4842,0,1
4,1,1,1,6,1,1,1,1,0,995,10,1
5,2,2,2,7,4,3,1,2,1,398,3,1
4,0,2,4,6,2,1,0,2,0,1051,10,1
4,1,1,3,6,6,2,0,1,1,1131,2,1
2,2,0,0,6,2,5,1,1,0,4271,8,1
1,1,1,0,5,1,3,0,0,0,2211,7,1
5,3,3,5,2,2,3,1,1,0,3555,8,1
4,2,2,0,5,2,3,0,3,1,3331,9,1
4,2,3,2,8,4,1,0,1,1,3043,6,1
8,2,3,7,1,5,5,1,0,0,2822,7,1
6,1,0,5,3,4,3,1,2,2,2249,6,1
7,0,1,4,3,2,0,1,1,1,2853,8,1
2,1,2,1,7,6,2,1,3,3,1210,7,1
6,2,0,3,4,5,1,1,3,2,3319,2,1
4,0,2,3,8,1,4,0,2,1,4267,2,1
4,2,1,3,3,2,1,1,1,0,2350,6,1
6,1,3,3,8,6,4,1,0,0,1028,6,1
6,1,3,5,6,4,2,1,1,1,4979,6,1
5,1,2,5,3,3,3,1,3,1,3041,0,1
3,3,2,2,6,2,0,1,2,1,2484,1,1
4,3,1,2,6,1,3,0,3,3,1276,6,1
6,0,3,6,1,4,3,1,3,2,1859,9,1
6,2,0,1,6,2,1,1,2,1,932,1,1
3,2,1,2,1,1,2,0,3,3,462,4,1
2,0,0,0,2,5,4,1,0,0,4295,1,1
3,1,3,0,5,3,2,1,1,1,3864,5,1
4,2,3,1,1,3,5,1,3,0,4903,2,1
6,2,2,0,2,6,5,1,2,2,2014,3,1
6,3,0,0,8,5,4,0,0,0,4142,1,1
5,2,3,2,8,6,1,0,0,0,4624,2,1
8,2,3,1,7,2,4,0,3,2,3320,5,1
7,2,3,4,2,5,0,1,1,1,4157,2,1
6,2,3,0,7,3,1,1,2,0,4811,9,1
3,2,2,1,5,5,1,0,1,1,3487,4,1
6,3,1,4,4,4,4,1,0,0,2335,6,1
5,3,0,5,7,3,2,0,2,2,4795,3,1
5,0,3,1,2,4,4,0,0,0,934,6,1
4,3,1,1,7,5,2,0,1,0,4667,2,1
8,1,3,0,1,6,1,0,3,2,2549,5,1
3,1,3,1,3,6,4,1,3,1,790,9,1
7,1,3,5,6,5,1,0,1,1,3417,1,1
6,1,0,1,8,4,1,1,0,0,2400,9,1
3,2,3,2,6,4,5,1,1,1,1561,1,1
4,0,3,3,3,4,1,0,3,1,2335,10,1
8,2,0,8,5,5,4,1,3,3,583,9,1
2,0,0,1,4,3,0,1,0,0,2109,6,1
4,1,0,3,1,5,1,0,0,0,4989,7,1
7,3,3,4,6,5,4,0,0,0,542,2,1
1,1,0,0,8,6,3,0,0,0,2315,7,1
8,0,3,6,2,5,5,0,3,3,1070,1,1
1,1,0,1,3,1,4,0,2,0,1413,6,1
6,0,1,3,8,3,5,1,2,1,3394,4,1
6,3,1,6,5,1,1,0,2,0,4503,9,1
1,0,0,0,2,2,0,0,3,0,4436,7,1
5,0,2,4,3,3,2,1,1,0,1387,9,1
2,2,0,2,8,3,4,0,1,1,4893,8,1
6,2,2,0,8,1,5,0,1,0,952,6,1
8,2,2,0,5,6,5,1,0,0,4322,4,1
2,1,2,1,5,2,0,1,2,2,1955,3,1
3,3,2,3,1,4,4,1,3,2,4031,0,1
8,2,2,4,1,6,2,1,2,1,388,0,1
8,2,0,6,5,5,3,1,2,0,1074,0,1
1,0,0,0,8,6,0,1,1,0,1365,1,1
8,2,2,4,7,5,0,1,0,0,499,0,1
3,2,2,3,8,2,3,0,1,1,4455,4,1
3,1,1,0,3,6,2,1,1,1,1324,8,1
1,1,0,1,7,5,4,1,3,0,2770,0,1
3,0,2,3,5,3,2,1,0,0,1473,8,1
2,2,1,2,5,4,3,0,1,0,1965,1,1
5,2,1,1,3,4,4,0,0,0,4262,6,1
1,0,0,0,4,5,0,1,1,0,1374,10,1
3,1,2,0,2,4,5,1,1,0,4793,9,1
8,2,1,1,2,6,1,0,2,1,2487,4,1
1,1,1,0,7,1,1,0,3,1,2626,6,1
8,3,0,4,3,4,2,0,2,1,3711,3,1
3,1,2,2,7,6,4,0,1,0,4412,8,1
2,2,0,1,7,1,2,1,1,1,2660,3,1
7,3,1,5,3,1,0,1,0,0,1084,8,1
3,1,2,0,5,4,5,1,0,0,716,1,1
4,1,2,0,1,6,1,0,0,0,3134,10,1
5,1,0,2,2,2,2,0,3,0,4709,6,1
1,0,0,1,6,3,0,0,1,1,1644,2,1
7,3,0,0,5,4,2,1,2,1,1524,2,1
1,1,0,1,5,3,5,0,2,0,2196,8,1
6,3,2,4,1,1,4,1,1,0,4068,0,1
1,0,1,1,7,4,5,0,0,0,4659,6,1
3,3,0,2,6,5,2,1,1,0,2441,3,1
6,0,3,3,4,2,2,0,3,3,2097,2,1
3,0,2,2,1,3,2,1,0,0,3886,6,1
3,2,1,0,7,1,5,1,0,0,1825,5,1
3,1,0,3,6,1,0,0,3,1,1451,3,1
8,0,3,8,5,2,1,0,2,2,4304,10,1
5,0,0,0,2,5,5,0,2,0,4599,7,1
6,0,3,1,4,1,4,0,3,3,3905,2,1
1,1,0,1,7,5,0,0,3,2,2086,10,1
3,0,2,3,6,2,5,1,3,2,4175,3,1
5,1,0,5,8,6,3,1,3,0,779,6,1
3,0,0,2,8,4,1,1,2,0,622,1,1
5,2,1,4,2,4,5,0,3,3,2126,1,1
3,2,1,3,4,6,4,0,1,1,2507,4,1
6,0,2,6,7,2,2,1,3,2,3594,3,1
4,2,0,1,2,5,4,0,3,0,4329,9,1
2,0,1,2,5,5,5,0,1,1,3963,2,1
7,0,0,0,3,1,4,1,1,0,324,4,1
4,2,3,0,5,4,2,1,3,0,3352,0,1
2,1,0,1,3,6,4,1,1,0,3785,2,1
2,0,1,2,5,2,5,1,3,1,2806,9,1
8,3,2,2,1,1,4,0,2,2,1982,3,1
7,3,0,7,3,2,5,0,1,1,2047,2,1
5,2,2,5,5,6,1,0,3,0,1034,8,1
4,2,0,2,7,3,2,1,2,2,2088,0,1
7,0,3,1,8,4,1,0,1,0,811,1,1
7,0,1,5,2,4,1,1,3,3,713,2,1
6,0,2,5,6,6,0,1,1,0,4509,0,1
1,0,1,0,6,5,4,1,1,1,2964,0,1
2,1,0,2,6,6,3,0,1,1,2327,10,1
8,2,2,0,7,3,3,0,0,0,2101,7,1
7,0,1,5,7,4,5,0,0,0,1579,4,1
2,0,2,1,1,2,4,0,0,0,917,1,1
8,2,3,1,5,6,0,0,0,0,2413,7,1
7,3,2,7,2,3,1,0,1,1,3283,7,1
2,2,2,0,7,4,2,1,2,1,899,6,1
4,2,2,2,2,3,5,0,2,0,3294,9,1
1,0,0,0,8,4,1,0,2,0,2474,9,1
7,3,1,3,6,2,0,0,3,2,3812,9,1
4,0,1,1,8,2,3,0,3,0,800,3,1
6,0,1,2,5,6,2,0,3,0,4889,3,1
2,1,0,0,2,1,0,0,0,0,701,3,1
4,1,1,4,2,6,3,1,0,0,2103,8,1
5,0,1,3,5,1,5,0,1,0,4211,4,1
4,1,0,1,3,2,5,0,0,0,4586,3,1
8,3,3,5,4,1,3,0,3,1,1723,4,1
3,2,0,1,5,6,2,0,0,0,4191,10,1
8,2,2,0,5,1,1,0,0,0,2063,7,1
6,3,0,4,5,4,3,1,0,0,3643,3,1
7,3,2,1,2,4,2,1,0,0,4526,9,1
6,2,2,2,3,1,4,1,2,2,4870,3,1
6,1,3,4,4,4,5,0,2,2,4081,8,1
5,2,3,4,2,5,3,0,0,0,1656,6,1
5,3,1,0,7,1,4,1,0,0,2888,1,1
7,1,0,5,1,4,0,1,2,1,392,8,1
6,1,3,6,4,3,0,1,3,3,1458,6,1
6,2,2,2,4,3,2,0,0,0,2382,8,1
7,2,1,3,2,2,4,0,3,0,3343,4,1
2,2,2,1,6,1,2,1,2,1,3388,1,1
5,0,1,1,3,6,4,0,1,1,2994,10,1
1,1,0,1,6,6,5,0,2,1,3779,10,1
4,1,0,2,2,4,3,1,1,0,1173,0,1
1,1,0,0,1,2,3,0,0,0,3536,3,1
1,0,0,0,7,2,5,0,2,1,2946,7,1
3,3,1,2,4,6,1,1,0,0,672,6,1
7,1,3,5,6,2,5,1,2,2,1153,9,1
1,0,1,1,2,4,4,1,0,0,2256,2,1
2,1,0,0,8,4,4,0,0,0,3269,10,1
1,0,1,0,4,6,1,1,1,0,4876,10,1
5,1,0,1,1,6,0,1,0,0,4679,3,1
6,1,2,5,7,3,0,0,2,1,4046,1,1
8,3,2,4,3,1,2,0,3,0,1067,4,1
2,2,1,0,1,3,2,1,1,1,3495,6,1
1,1,1,0,7,6,5,1,3,1,1351,5,1
6,0,3,0,5,1,1,0,0,0,1678,3,1
7,3,1,3,2,1,0,0,1,1,3287,0,1
3,3,2,2,5,5,2,1,3,0,803,0,1
8,2,3,0,8,4,4,1,2,1,3715,10,1
6,1,1,0,1,3,5,1,2,1,1344,4,1
7,3,3,5,8,4,3,1,2,0,1103,0,1
2,2,0,0,3,4,4,0,1,0,3688,8,1
3,1,2,0,4,6,3,0,3,2,4424,3,1
4,0,3,1,8,2,4,1,1,0,1132,10,1
7,1,2,7,8,4,3,1,3,0,1009,4,1
4,1,1,1,8,6,2,1,1,1,3756,8,1
1,1,1,1,8,3,4,1,2,2,2042,4,1
1,1,0,0,7,1,3,1,2,1,4819,0,1
8,2,1,4,4,3,0,0,1,1,1249,0,1
5,0,3,2,8,4,5,1,3,3,3684,5,1
8,1,0,5,6,1,1,1,1,0,3976,7,1
8,2,1,6,6,3,4,0,2,0,2840,7,1
6,3,1,4,8,5,1,0,2,1,2279,1,1
2,1,1,0,4,2,2,0,2,0,3365,3,1
3,0,0,2,8,5,3,1,3,2,3876,6,1
7,2,2,2,8,2,0,1,2,0,1650,2,1
4,3,1,4,4,4,4,0,1,1,771,8,1
5,1,1,2,8,1,4,0,2,2,1593,4,1
8,1,3,8,8,6,2,0,2,2,3275,9,1
6,1,0,4,3,3,3,1,0,0,1734,1,1
4,3,1,0,2,6,0,0,2,0,3996,6,1
5,0,3,0,3,5,2,0,2,1,2860,4,1
6,1,0,3,5,4,0,1,0,0,1507,2,1
4,2,2,3,4,4,0,0,0,0,1026,9,1
8,3,1,7,6,4,5,0,1,1,4202,10,1
2,1,2,0,3,5,0,1,2,0,2148,3,1
3,1,0,1,1,3,5,0,1,0,4428,9,1
7,3,0,0,6,1,2,0,1,0,3266,1,1
1,1,0,0,7,1,2,1,1,1,1381,6,1
3,0,2,0,2,3,5,0,0,0,4441,8,1
5,0,0,1,2,6,4,0,3,3,4199,8,1
8,3,2,6,7,5,1,0,0,0,4235,1,1
2,0,2,2,2,2,4,1,0,0,1560,10,1
8,0,2,4,6,6,3,0,2,1,1412,3,1
8,3,0,4,1,2,1,0,1,0,3211,2,1
4,3,3,0,2,6,0,0,1,1,4426,10,1
3,2,3,2,1,5,2,1,1,1,4912,9,1
4,0,3,4,8,1,4,0,1,0,3313,1,1
6,1,3,5,8,3,1,0,3,1,4076,6,1
4,3,2,2,7,6,5,1,1,0,1286,10,1
1,0,0,1,7,4,5,0,3,3,3611,8,1
8,3,0,5,8,2,5,0,2,2,4779,8,1
7,0,1,5,6,4,5,0,2,1,3007,0,1
6,1,1,0,8,1,4,1,0,0,1494,9,1
6,0,0,5,4,3,0,1,1,0,389,1,1
4,0,1,0,2,5,3,1,1,1,4931,6,1
6,1,3,6,6,2,4,0,1,1,4099,6,1
3,3,2,2,7,5,5,1,3,2,494,4,1
3,2,2,3,1,2,2,1,3,2,4805,1,1
4,3,1,4,6,4,1,0,2,2,1233,10,1
6,1,2,2,7,4,2,1,3,0,3409,7,1
8,0,0,2,2,4,3,0,2,0,4040,10,1
2,1,2,1,6,6,1,1,2,2,2060,7,1
7,2,2,6,5,6,3,1,3,3,3242,7,1
8,2,0,1,4,3,1,1,2,1,4851,7,1
1,1,0,1,6,1,1,1,1,0,4983,6,1
5,0,2,0,3,3,1,1,2,0,2274,1,1
2,1,1,2,2,2,3,0,2,2,4392,5,1
3,2,3,3,6,4,4,1,0,0,4374,4,1
2,2,2,1,1,4,5,0,2,1,4389,2,1
6,1,0,5,6,5,1,0,2,2,2377,10,1
1,0,1,1,7,2,5,0,0,0,3170,6,1
6,3,0,1,8,2,1,1,3,1,2800,1,1
5,1,1,1,5,3,1,0,3,0,2213,7,1
5,0,3,2,3,3,3,0,3,0,653,2,1
7,1,2,1,6,6,0,1,0,0,1012,3,1
8,1,2,8,1,5,2,0,1,1,3409,10,1
3,1,1,1,4,4,0,1,1,0,2290,8,1
1,1,1,0,7,1,0,0,3,1,4479,0,1
1,0,1,0,8,6,3,0,1,1,4200,3,1
2,0,2,1,5,4,5,1,1,0,966,8,1
1,1,1,0,7,6,4,1,1,0,1173,7,1
2,1,1,1,2,4,3,1,0,0,546,9,1
6,0,0,1,3,6,5,1,3,3,1504,8,1
6,2,1,6,2,6,2,0,0,0,4844,9,1
2,0,1,1,3,3,1,1,3,0,2013,3,1
2,1,0,1,5,3,5,0,1,1,3283,7,1
4,1,3,0,2,5,3,1,0,0,1970,9,1
1,1,1,1,8,2,0,1,0,0,4463,3,1
5,2,3,5,3,4,0,0,2,2,2735,1,1
4,1,3,0,4,4,5,1,2,0,4693,1,1
3,1,1,2,6,3,5,0,0,0,750,5,1
4,1,0,0,1,6,1,1,3,2,4612,0,1
7,1,1,6,5,2,4,0,0,0,3729,7,1
6,1,0,0,2,6,5,1,2,0,1484,7,1
6,1,0,6,1,1,1,1,0,0,4540,9,1
4,1,0,2,7,5,5,0,2,2,2019,6,1
7,1,3,6,7,4,3,0,1,0,2074,8,1
2,0,1,0,8,6,1,1,0,0,4635,6,1
5,2,2,3,6,5,1,0,2,2,1042,9,1
4,1,2,1,3,6,1,1,2,1,3540,5,1
1,1,1,1,8,6,2,1,0,0,1060,10,1
3,1,2,2,7,6,3,0,3,1,2706,10,1
4,1,2,3,1,6,1,1,3,2,4196,1,1
7,2,1,7,1,1,2,1,1,1,882,9,1
8,0,1,1,5,4,3,1,2,2,445,0,1
8,1,2,2,3,5,4,0,2,2,1563,6,1
6,3,0,6,4,5,2,0,2,1,2383,9,1
2,2,0,0,3,2,4,1,3,3,2502,7,1
4,3,2,4,5,3,0,1,0,0,830,5,1
7,2,1,5,7,2,4,1,2,2,3365,9,1
6,2,2,0,1,3,5,0,1,0,4109,7,1
3,3,1,2,1,5,0,1,2,2,2688,0,1
4,2,3,1,4,6,1,0,2,1,2173,5,1
4,3,1,2,7,5,3,0,0,0,4480,5,1
1,1,1,1,2,3,3,0,2,2,4650,5,1
5,3,3,5,6,4,0,0,3,1,4734,9,1
2,0,1,0,3,3,4,0,1,1,2479,4,1
1,1,1,0,6,1,3,1,3,0,2420,2,1
7,3,2,5,5,3,2,0,3,1,417,2,1
8,0,0,4,1,1,2,0,3,2,1562,1,1
7,1,2,4,4,5,5,1,1,0,4226,4,1
4,2,1,4,3,2,0,1,1,0,3480,6,1
6,1,3,0,6,4,5,0,1,1,3612,8,1
4,0,2,0,4,3,2,0,2,0,3969,8,1
2,1,0,2,3,4,0,0,2,2,2025,0,1
5,1,0,5,6,1,4,0,1,1,4910,1,1
4,3,3,3,8,5,1,1,3,2,1125,6,1
2,1,0,1,2,2,0,0,0,0,3140,1,1
4,2,1,0,4,6,2,1,1,1,4596,2,1
1,1,0,0,8,6,2,1,1,0,4477,4,1
6,2,0,1,7,5,5,1,2,2,3388,8,1
3,0,3,1,1,5,3,0,3,2,4069,4,1
2,1,0,1,5,2,2,1,0,0,973,10,1
8,3,2,4,8,5,0,0,1,1,1617,3,1
2,2,1,0,3,2,0,1,3,3,3632,4,1
3,0,3,2,4,2,2,0,1,0,3526,6,1
2,0,2,2,5,1,4,0,0,0,3431,6,1
4,2,3,1,1,2,0,1,3,0,700,6,1
5,1,1,3,6,6,4,1,1,1,1105,3,1
6,1,3,5,3,1,1,1,2,0,2358,5,1
4,1,2,4,2,2,1,0,0,0,4424,7,1
4,3,0,0,5,6,5,0,2,2,1273,6,1
1,0,0,0,6,3,2,1,0,0,3633,7,1
1,0,1,1,8,5,2,0,1,0,4798,8,1
4,0,3,0,4,6,4,1,3,3,1793,7,1
5,2,3,1,8,2,3,0,0,0,1163,6,1
5,2,2,0,6,5,2,1,0,0,2078,2,1
8,3,1,2,8,4,5,0,1,0,1712,10,1
1,1,1,1,2,2,2,1,2,1,3521,10,1
4,1,0,2,7,3,3,0,0,0,2422,1,1
5,2,0,2,2,4,3,1,1,0,3286,9,1
5,2,2,3,5,4,5,0,3,1,2106,1,1
5,1,2,0,3,3,2,0,1,1,612,8,1
8,0,3,1,2,3,4,0,0,0,681,3,1
2,1,2,0,1,6,2,0,0,0,4944,7,1
4,3,3,3,1,2,1,1,0,0,3817,5,1
8,3,3,0,7,1,5,0,3,1,717,2,1
2,1,1,0,5,6,3,0,2,2,4350,8,1
8,2,1,8,1,6,1,1,1,1,367,6,1
4,2,0,3,7,4,1,1,0,0,2551,9,1
8,1,1,8,2,3,5,0,2,0,4600,9,1
1,1,1,1,1,1,0,0,2,1,2477,0,1
8,2,3,4,3,1,5,1,1,0,1323,9,1
3,1,0,2,8,2,4,1,1,1,2927,7,1
4,3,3,3,4,1,5,0,2,0,1089,10,1
1,0,1,0,2,3,0,1,1,1,3743,9,1
4,2,1,2,8,3,2,1,0,0,1498,5,1
7,0,3,6,7,1,5,0,0,0,3146,7,1
3,3,2,0,7,4,5,1,3,3,2591,8,1
6,3,0,0,7,4,4,1,0,0,4650,0,1
5,1,2,3,2,4,2,1,2,0,746,5,1
1,0,0,1,2,5,4,0,2,0,3664,7,1
8,1,3,3,8,3,3,0,1,1,2982,10,1
5,2,3,4,4,2,4,1,3,0,1432,4,1
4,2,0,0,8,6,3,1,2,0,4060,7,1
1,1,0,1,8,5,4,1,0,0,1617,9,1
2,2,0,0,3,6,4,1,2,1,2638,0,1
3,2,2,3,1,2,1,1,0,0,3521,9,1
8,0,3,5,8,2,0,0,0,0,2535,3,1
5,1,0,0,6,6,3,0,1,1,1274,8,1
4,3,0,2,7,5,4,1,0,0,2518,8,1
8,2,3,4,4,6,4,1,1,1,2971,2,1
8,1,1,5,1,5,0,1,1,0,4772,4,1
7,0,3,3,8,2,0,1,0,0,4346,0,1
2,0,0,0,5,1,2,1,2,0,2598,4,1
5,0,1,2,1,3,1,0,3,2,1090,1,1
8,3,0,6,4,1,3,1,1,0,749,0,1
7,0,1,2,3,2,1,1,2,1,724,7,1
8,1,1,0,5,1,4,1,3,2,1473,4,1
8,0,1,5,6,6,0,0,2,1,1855,2,1
3,0,1,0,5,6,5,1,3,1,1136,10,1
4,3,3,2,5,3,5,1,3,3,911,1,1
3,0,2,0,5,1,5,0,1,1,1169,3,1
5,1,2,2,4,1,3,1,2,0,1460,9,1
4,3,0,2,4,1,1,1,0,0,2165,1,1
6,2,0,5,3,4,4,1,3,0,2779,6,1
6,2,3,6,3,6,2,1,3,0,4469,2,1
1,1,1,0,2,6,5,1,2,2,1905,6,1
1,0,1,0,8,2,2,1,0,0,1067,9,1
6,0,3,1,5,6,1,1,1,1,2613,5,1
7,0,2,2,3,6,3,1,2,2,2455,10,1
2,1,2,1,6,3,2,1,2,0,3634,6,1
7,0,0,7,3,3,2,0,0,0,700,6,1
6,2,1,6,2,4,1,1,2,2,2818,2,1
8,0,0,4,4,1,3,0,3,3,1790,6,1
5,3,3,3,3,3,1,1,0,0,2456,0,1
1,1,1,0,5,3,5,0,0,0,1017,8,1
2,0,1,1,3,6,1,0,1,0,800,8,1
7,1,1,5,3,6,5,1,3,3,4326,4,1
2,0,1,1,7,1,0,0,1,1,1320,0,1
1,1,0,1,1,1,2,0,0,0,4933,7,1
8,3,0,3,8,4,0,0,1,0,1157,1,1
7,2,0,2,3,5,2,1,1,1,4250,0,1
4,1,1,0,1,3,3,0,2,2,2082,9,1
1,0,0,1,3,2,3,0,3,0,4033,7,1
6,3,2,3,4,6,1,0,0,0,1572,1,1
2,0,1,1,1,3,5,0,0,0,1579,5,1
4,0,1,1,6,5,3,1,2,1,3371,6,1
2,0,0,1,7,5,5,0,3,3,2608,7,1
4,1,3,4,6,5,4,1,2,0,4692,8,1
2,0,1,2,8,1,1,0,0,0,2383,4,1
2,0,2,2,8,6,2,0,1,0,1322,8,1
2,2,2,2,2,3,4,1,2,2,4086,10,1
7,1,0,4,5,2,1,1,0,0,619,2,1
2,0,2,1,4,5,3,1,2,2,3552,3,1
3,3,2,0,2,3,5,1,0,0,1575,8,1
3,3,2,3,8,5,0,1,1,1,1764,4,1
4,1,2,2,3,4,0,1,1,1,975,9,1
2,0,2,1,5,2,2,1,2,0,1224,9,1
4,1,2,4,4,5,2,0,2,2,928,1,1
6,0,3,6,7,5,2,1,0,0,2011,9,1
6,3,1,0,7,5,4,0,2,1,2646,8,1
4,2,1,0,5,5,1,1,1,1,2954,7,1
8,1,2,0,5,6,2,0,2,1,4229,1,1
8,2,3,0,3,1,1,0,3,0,3916,3,1
3,3,3,2,5,5,3,0,0,0,4036,0,1
4,1,3,4,5,1,0,1,3,3,3404,10,1
7,3,1,2,1,2,4,1,2,0,4566,1,1
5,1,3,3,2,4,0,0,3,0,347,7,1
4,0,2,2,8,4,3,1,2,0,2824,2,1
5,0,1,5,6,5,1,1,0,0,456,4,1
1,0,1,1,7,6,2,0,0,0,1754,5,1
4,3,0,2,2,6,3,1,0,0,4422,3,1
4,2,1,4,5,3,3,0,2,1,1577,10,1
4,3,3,2,5,1,4,0,0,0,3712,5,1
3,1,2,1,2,3,3,1,2,1,2783,2,1
4,1,0,2,4,2,0,1,1,1,4480,4,1
2,0,2,1,8,5,2,1,0,0,4346,8,1
2,1,1,0,4,5,3,0,3,3,3308,5,1
3,0,0,0,2,3,4,1,0,0,3420,4,1
4,2,0,3,6,6,3,1,1,1,1933,9,1
4,2,0,1,2,2,1,1,3,0,2478,0,1
2,1,0,0,2,6,1,0,3,1,3626,7,1
6,0,3,3,8,6,0,0,1,1,4031,3,1
7,3,2,7,2,2,0,0,1,1,3229,9,1
1,0,0,1,1,6,5,0,3,0,2105,0,1
8,2,3,3,8,2,0,0,2,1,3333,5,1
7,1,0,2,7,3,3,1,0,0,3336,10,1
5,1,2,1,3,6,1,0,3,0,4589,10,1
8,2,3,7,4,5,3,1,0,0,3873,5,1
6,3,1,2,1,5,3,1,2,1,2457,10,1
5,2,1,0,1,2,5,0,0,0,3858,1,1
8,2,0,3,7,3,4,1,1,0,2120,2,1
5,3,2,3,6,4,1,0,1,0,1434,4,1
5,3,1,1,3,2,2,0,2,2,3124,8,1
1,1,1,0,5,1,0,1,3,1,1598,8,1
1,1,1,0,4,3,5,0,0,0,2691,9,1
2,2,1,2,2,3,0,1,3,1,2941,10,1
8,1,1,6,5,1,1,1,3,2,1361,1,1
3,2,3,3,5,4,0,0,0,0,1287,1,1
8,3,3,5,3,1,5,0,1,1,1932,2,1
1,0,0,1,6,2,3,1,3,0,3925,1,1
6,2,0,6,8,1,2,1,1,0,4710,8,1
3,3,3,2,2,5,0,0,1,1,2087,5,1
4,0,3,0,3,4,0,0,0,0,3739,4,1
3,2,0,3,2,6,2,0,3,1,2742,3,1
4,2,3,4,1,1,3,1,3,3,2646,0,1
6,2,3,3,4,6,4,0,1,1,3201,0,1
3,1,2,1,1,2,1,1,3,2,1960,3,1
4,2,1,1,8,3,2,1,3,2,4098,5,1
5,2,2,1,6,3,2,0,1,1,370,4,1
7,0,2,7,7,3,0,1,2,2,1010,1,1
8,3,3,5,1,2,0,1,2,0,1264,10,1
5,1,2,5,8,2,2,1,0,0,4392,9,1
6,1,3,2,3,4,4,0,2,1,4175,1,1
6,3,2,5,1,6,5,1,1,0,2097,1,1
8,1,2,3,2,2,3,0,1,0,2596,4,1
5,2,3,3,2,6,1,1,0,0,2799,4,1
8,3,2,0,8,3,5,0,3,1,3906,8,1
3,3,2,2,5,5,3,0,1,0,1427,7,1
1,1,1,0,3,1,2,0,1,0,4974,0,1
7,2,2,1,3,4,0,1,1,1,3988,8,1
1,0,0,0,8,5,1,1,0,0,618,8,1
3,0,3,3,8,3,0,1,3,0,2175,6,1
2,2,2,0,3,6,0,1,3,3,2660,0,1
3,1,0,0,8,5,0,0,3,2,4632,9,1
1,1,1,1,7,4,3,0,3,0,3695,4,1
3,0,0,2,8,4,2,1,2,1,1508,8,1
6,1,3,3,2,6,2,1,1,0,2676,2,1
4,2,3,0,1,1,3,0,2,1,1563,1,1
6,3,3,1,7,2,4,1,1,1,2406,2,1
6,2,2,3,1,4,5,1,2,2,719,10,1
5,1,0,0,3,5,4,1,1,0,4030,1,1
1,1,0,0,4,1,1,1,2,2,4555,9,1
6,3,2,0,3,6,3,0,1,1,1145,9,1
4,1,0,4,2,4,4,0,1,0,4761,0,1
4,3,1,0,3,2,1,1,1,0,2416,10,1
7,0,3,5,4,5,4,1,3,1,1999,4,1
7,1,2,2,5,1,4,1,3,0,2892,9,1
3,0,1,2,2,2,1,1,1,1,3041,0,1
8,1,3,4,7,3,3,0,1,0,4272,2,1
8,2,1,2,2,5,0,1,2,0,3537,8,1
2,1,0,2,8,5,2,1,3,1,4613,4,1
3,1,3,1,6,5,2,1,1,0,4051,3,1
5,0,3,3,3,4,2,1,1,1,4677,1,1
3,3,3,2,1,3,2,0,1,0,4439,7,1
5,2,2,5,2,6,2,0,3,2,1922,10,1
1,0,1,1,5,3,5,0,3,3,3895,7,1
5,2,1,0,4,4,5,1,3,0,4683,9,1
7,0,0,1,5,6,1,0,1,0,3223,0,1
6,1,1,0,4,6,2,0,1,1,3408,7,1
3,0,0,0,4,2,3,0,1,0,3495,9,1
3,2,2,0,8,3,1,1,1,0,2279,10,1
2,0,1,1,2,4,2,0,2,2,3014,1,1
8,1,0,2,3,3,4,1,1,1,4839,6,1
4,3,2,1,5,2,5,1,1,0,4102,4,1
6,1,3,1,7,3,5,1,1,0,3870,0,1
7,2,2,3,1,2,3,0,0,0,4404,6,1
6,1,3,1,4,6,4,1,0,0,840,0,1
2,0,2,1,1,2,4,0,1,1,1394,3,1
3,0,1,3,8,6,0,0,2,0,2248,1,1
8,1,1,5,6,5,4,1,3,1,1857,6,1
5,1,1,1,7,4,5,0,0,0,1508,4,1
5,2,2,2,7,5,2,1,1,1,381,5,1
2,2,0,1,6,6,0,0,1,0,4695,2,1
3,1,0,0,2,3,2,0,3,3,2185,1,1
4,3,2,2,8,6,1,1,0,0,1884,7,1
6,3,3,5,3,5,1,0,1,1,3730,4,1
1,0,1,1,2,6,4,1,1,0,2979,2,1
6,3,0,1,7,1,2,1,2,0,696,10,1
7,2,0,5,1,5,4,0,1,1,3486,4,1
7,1,2,6,7,2,5,0,0,0,3479,1,1
2,0,1,1,2,1,3,1,2,2,2176,10,1
3,2,0,0,5,5,3,0,1,0,3522,6,1
7,1,2,1,5,4,5,1,0,0,3931,6,1
5,2,2,0,5,6,2,1,2,0,1081,5,1
1,0,1,0,7,3,5,0,2,2,4829,5,1
7,1,1,6,1,4,3,1,2,1,1096,2,1
4,2,1,3,2,6,3,1,2,0,2318,5,1
2,2,0,2,8,5,3,0,0,0,1724,6,1
1,1,0,0,4,2,5,0,1,0,1012,1,1
2,0,2,0,2,4,3,0,1,0,2246,0,1
2,0,2,1,3,6,0,1,0,0,1031,4,1
6,0,2,1,5,3,3,1,0,0,1939,3,1
5,2,2,0,6,5,2,1,1,0,2598,0,1
3,1,0,3,6,1,3,0,1,1,2874,0,1
6,1,0,0,8,1,5,0,1,0,583,1,1
6,3,2,0,7,2,3,0,1,1,764,6,1
6,0,3,6,1,6,4,1,2,1,4657,5,1
3,0,0,0,8,6,4,0,1,1,4846,7,1
7,1,0,1,2,4,5,1,0,0,3052,1,1
5,3,1,2,6,6,5,0,1,1,3247,2,1
3,1,3,3,2,5,1,0,2,1,640,8,1
8,2,0,5,1,2,0,1,3,1,3297,1,1
7,3,3,1,5,1,5,0,1,1,877,7,1
4,3,1,2,2,3,0,0,0,0,4473,0,1
3,2,2,3,8,1,0,0,3,3,3322,3,1
3,2,2,1,1,5,3,1,3,3,2409,9,1
6,1,0,2,3,2,3,0,3,1,4049,8,1
3,0,0,1,6,1,5,1,2,1,4785,9,1
6,0,0,3,5,3,4,0,3,2,4444,7,1
4,0,0,1,4,3,2,0,2,2,3149,6,1
2,2,0,1,2,1,3,1,2,0,3834,8,1
4,1,0,1,3,1,1,0,0,0,4769,7,1
5,0,3,0,5,2,4,0,1,1,653,10,1
8,1,1,6,4,5,2,0,2,2,3595,2,1
6,1,3,5,8,1,3,1,0,0,3144,7,1
2,2,0,0,3,5,0,0,3,3,4805,7,1
2,1,2,2,7,1,4,0,3,2,1355,4,1
6,3,1,5,5,6,1,1,2,2,3424,7,1
4,0,1,1,1,3,0,0,1,0,1715,4,1
2,0,1,2,6,5,5,1,1,1,2286,9,1
3,1,1,0,1,2,1,1,0,0,2741,5,1
2,0,0,1,1,3,0,0,1,0,4534,4,1
1,0,0,0,5,1,1,0,3,0,2924,1,1
1,0,1,0,2,1,0,0,3,1,886,0,1
5,1,1,4,7,1,5,1,2,1,1329,7,1
4,1,3,4,4,3,5,1,2,2,1652,1,1
4,0,3,1,2,6,2,1,3,3,2036,6,1
2,2,0,2,7,3,5,1,0,0,2803,1,1
6,2,0,5,5,4,5,1,3,0,2227,3,1
3,3,0,1,6,4,3,1,1,1,3745,9,1
8,0,3,0,8,5,2,1,2,1,4566,8,1
7,3,3,2,7,1,4,1,2,0,1306,9,1
6,1,0,1,2,2,3,0,2,2,4207,8,1
8,1,0,5,1,3,5,0,1,1,2452,10,1
4,3,1,2,5,3,2,1,1,1,1859,3,1
5,1,2,0,3,3,5,1,2,2,2094,2,1
4,3,3,2,3,5,5,1,2,1,401,0,1
8,3,0,3,6,2,1,1,0,0,4283,5,1
6,0,3,1,1,1,5,0,3,1,4800,1,1
3,0,3,2,2,5,1,1,3,1,2829,3,1
5,2,3,0,5,6,5,0,2,0,1764,5,1
8,2,3,1,8,4,0,0,3,3,4615,9,1
6,3,2,4,6,4,2,0,3,2,4783,1,1
8,1,3,5,6,4,4,1,1,0,4509,0,1
4,2,2,4,2,4,4,1,2,2,1526,1,1
4,0,2,3,6,6,4,0,0,0,423,3,1
2,1,0,1,6,1,3,0,0,0,1379,10,1
7,1,1,4,6,3,1,1,3,0,388,5,1
6,1,0,4,2,4,0,0,1,1,3262,4,1
8,2,2,6,8,2,4,1,2,1,1879,3,1
8,2,1,4,4,3,4,1,0,0,4538,2,1
5,3,3,2,3,2,3,1,0,0,1810,3,1
4,3,2,3,5,5,1,0,0,0,2276,2,1
8,3,2,6,2,5,4,1,2,1,854,2,1
6,2,0,3,4,1,4,0,3,2,3311,0,1
8,3,2,6,7,1,3,1,0,0,2634,5,1
2,2,1,0,1,1,0,0,2,0,1447,6,1
2,2,2,1,4,3,4,0,3,1,4894,7,1
5,0,3,4,3,2,5,0,0,0,2642,5,1
4,1,3,0,7,1,3,1,3,3,4928,5,1
2,0,0,2,7,5,4,1,2,2,442,6,1
7,1,3,0,3,2,4,1,3,0,1110,10,1
3,2,0,2,5,1,5,1,2,1,1812,7,1
1,1,0,1,4,1,2,0,3,1,4071,9,1
1,1,1,1,3,1,3,0,3,1,4915,5,1
7,1,0,3,3,2,1,1,1,1,876,9,1
2,2,1,0,6,4,5,0,2,2,3895,6,1
1,0,1,0,7,3,2,1,3,2,1845,7,1
6,3,2,0,2,2,5,0,0,0,943,6,1
4,1,2,2,5,1,0,0,3,2,3701,5,1
8,3,2,1,2,1,1,1,3,3,2838,10,1
4,3,2,2,5,2,0,1,3,3,1309,1,1
6,1,0,4,2,2,1,1,2,1,4098,9,1
5,2,2,2,1,6,0,0,2,2,2213,6,1
3,1,0,1,2,4,4,0,0,0,959,1,1
2,2,2,2,4,6,0,0,1,1,3187,1,1
7,2,3,0,4,5,0,1,1,0,913,10,1
3,3,3,3,6,1,2,0,0,0,3643,8,1
5,1,2,0,6,4,4,0,0,0,4596,8,1
6,0,1,6,8,5,0,1,3,2,4880,9,1
8,1,3,1,7,5,5,0,3,3,2104,1,1
7,1,2,7,4,1,5,0,1,1,523,10,1
2,1,2,1,4,2,1,1,3,3,3093,1,1
8,2,2,4,2,2,0,0,3,3,1481,6,1
4,3,0,0,5,5,5,1,1,1,1744,0,1
7,2,0,0,8,2,5,0,1,0,1881,1,1
5,2,2,1,1,6,2,1,0,0,3112,8,1
3,1,2,1,4,5,4,0,2,1,1165,7,1
8,2,0,7,7,4,1,0,0,0,3440,8,1
3,2,3,1,8,1,4,0,1,0,1331,10,1
4,1,1,2,3,3,4,1,1,0,1679,1,1
2,2,2,1,1,3,0,0,0,0,2789,9,1
3,3,2,2,3,2,2,0,3,2,3894,9,1
4,0,1,4,8,4,0,0,3,2,2057,10,1
2,0,0,1,1,1,3,0,1,1,3599,2,1
5,1,2,1,8,2,5,0,0,0,1138,6,1
5,3,0,4,1,3,2,1,1,1,1939,6,1
1,1,1,0,7,5,2,0,1,0,966,0,1
7,2,0,4,8,2,2,0,3,2,2823,6,1
3,2,0,0,7,1,1,0,3,2,2997,9,1
8,0,0,4,4,4,3,0,1,1,562,3,1
7,3,0,5,6,3,5,0,1,0,4960,2,1
1,0,0,0,4,6,1,0,0,0,926,0,1
1,1,1,1,5,2,1,0,0,0,2940,9,1
7,3,1,0,4,1,3,1,1,0,1230,3,1
5,1,2,2,6,1,3,0,3,1,2123,7,1
1,0,1,1,5,5,4,1,1,0,4620,8,1
3,1,0,1,6,4,3,1,3,2,2710,6,1
5,1,2,3,8,4,5,1,0,0,3538,7,1
1,1,1,0,6,4,5,1,1,1,3638,1,1
3,1,3,0,4,3,3,0,1,1,3126,8,1
8,0,2,6,3,2,3,1,2,2,2903,1,1
8,1,2,7,7,3,3,1,3,3,3468,8,1
8,3,3,0,2,3,4,0,2,1,2112,5,1
8,3,1,5,5,1,1,0,1,1,2834,7,1
8,0,1,5,5,3,2,0,1,0,4596,4,1
7,0,0,6,7,6,3,1,1,1,1687,3,1
1,0,1,0,5,5,2,0,1,0,3249,5,1
5,0,3,3,8,3,0,0,0,0,1299,1,1
3,3,1,3,5,4,5,0,1,0,783,3,1
5,1,2,0,1,5,0,0,0,0,3968,3,1
6,0,1,4,3,1,2,1,1,0,3777,0,1
6,2,2,0,1,3,2,1,0,0,2246,0,1
6,2,1,4,2,1,5,0,0,0,1150,6,1
8,1,3,8,8,5,2,0,1,0,2111,0,1
4,2,3,2,8,2,0,0,3,2,3516,10,1
7,0,2,7,1,5,2,0,2,1,4202,1,1
4,1,1,2,6,6,4,1,2,0,2196,8,1
6,2,1,6,1,4,0,0,0,0,3453,0,1
4,0,1,1,3,5,4,1,0,0,916,0,1
8,3,2,1,1,1,0,0,0,0,1543,9,1
7,1,2,3,3,2,3,1,3,0,1428,2,1
2,0,1,0,7,1,5,0,3,2,1708,10,1
6,1,1,0,3,5,2,1,3,0,1384,0,1
2,1,2,2,2,1,1,0,3,1,2748,9,1
8,3,2,4,4,5,4,0,3,3,2562,8,1
1,0,1,1,2,3,2,0,2,0,458,2,1
2,2,0,1,5,6,5,0,3,0,424,1,1
8,1,2,0,4,6,2,1,3,1,952,9,1
6,1,0,4,5,5,0,1,3,3,1380,0,1
2,1,1,0,4,1,5,1,1,1,519,3,1
8,3,0,6,1,3,5,0,3,0,3746,8,1
3,0,0,0,1,6,2,0,1,1,4414,5,1
1,0,0,1,4,5,5,0,0,0,1787,7,1
8,0,2,2,5,3,5,1,1,1,1375,6,1
5,0,3,3,5,4,3,0,0,0,439,6,1
3,1,2,0,6,3,2,0,3,2,4403,2,1
5,1,0,3,7,3,1,0,2,0,3134,8,1
1,1,1,1,5,4,4,1,2,1,4092,10,1
5,2,1,4,3,6,1,0,1,1,885,4,1
4,3,3,2,1,1,2,1,1,0,1896,9,1
6,2,0,2,4,1,2,0,1,1,2247,4,1
3,2,3,2,8,3,0,1,2,0,2885,6,1
8,1,2,8,3,3,0,0,2,2,2888,7,1
8,3,1,6,8,6,0,1,1,0,2498,7,1
6,3,0,2,5,6,5,0,3,2,3810,3,1
3,1,3,2,6,6,2,0,0,0,4507,4,1
3,3,3,3,5,5,0,1,3,2,4608,0,1
8,1,3,8,6,1,1,1,1,1,4212,0,1
1,0,0,1,4,2,3,0,3,2,1363,8,1
5,0,0,4,4,1,2,0,2,0,1190,2,1
6,3,0,4,8,6,0,1,1,0,4320,0,1
5,2,1,1,1,6,5,0,3,3,4086,10,1
8,2,1,8,4,6,0,1,0,0,3993,3,1
8,2,2,3,7,4,3,0,2,0,1611,4,1
4,0,0,4,8,1,3,0,0,0,638,2,1
2,0,1,2,3,5,4,0,0,0,1982,10,1
6,0,0,6,5,5,3,1,2,0,4978,7,1
2,2,2,0,5,1,0,0,0,0,1130,4,1
7,0,3,5,5,1,2,1,0,0,453,10,1
2,1,2,0,4,6,2,0,1,1,4513,0,1
3,1,0,0,5,1,4,1,2,0,3510,9,1
8,3,3,1,6,6,3,0,0,0,1117,8,1
3,0,2,1,7,2,1,0,3,1,1673,1,1
4,3,3,2,1,5,5,0,3,2,3163,10,1
8,2,3,1,3,4,1,1,0,0,4246,3,1
8,0,3,4,7,4,1,1,1,0,3139,0,1
1,0,0,1,7,2,2,0,2,2,1314,5,1
7,1,0,0,7,4,0,0,3,2,1297,7,1
7,3,1,6,5,3,3,0,3,1,685,4,1
5,1,2,3,3,4,1,1,0,0,612,6,1
2,0,1,0,1,1,4,0,2,1,4310,10,1
3,0,1,3,1,1,1,0,1,1,2199,6,1
8,0,3,5,2,1,0,0,3,0,1369,5,1
1,1,0,1,7,2,2,0,1,1,4394,1,1
5,2,2,5,8,1,5,0,3,0,2537,8,1
3,2,0,1,8,5,1,1,0,0,4064,0,1
7,0,1,0,3,1,4,1,3,3,1135,10,1
1,0,0,0,4,4,5,1,3,0,2196,0,1
4,3,1,1,8,6,2,0,2,1,1840,5,1
3,3,2,3,2,1,0,1,2,1,4232,7,1
6,1,2,2,5,3,4,0,0,0,1914,7,1
2,1,0,1,6,5,2,0,2,0,2584,2,1
1,0,1,1,1,6,2,1,0,0,4006,3,1
3,1,2,2,8,6,1,0,0,0,4819,8,1
6,0,0,4,2,4,0,1,0,0,2255,8,1
1,0,0,0,1,5,1,0,2,1,3219,0,1
1,0,0,0,6,5,0,0,3,0,4738,1,1
2,0,0,0,4,1,0,1,1,0,4776,10,1
8,0,3,4,5,3,4,1,3,2,3670,6,1
8,3,3,0,1,4,2,1,0,0,3993,0,1
1,1,0,1,1,3,2,1,2,0,2447,8,1
6,1,2,3,1,5,1,1,2,2,2010,1,1
3,3,2,3,3,3,0,0,1,0,4600,4,1
4,1,3,2,7,6,5,1,1,1,4680,7,1
6,2,2,4,4,3,4,0,1,1,3724,7,1
2,2,1,0,7,1,4,1,0,0,764,7,1
5,0,1,1,4,4,4,0,1,1,3849,6,1
3,1,0,2,6,5,2,0,2,0,4590,9,1
8,1,3,7,7,6,3,1,1,1,1554,7,1
4,3,0,1,5,1,0,0,0,0,1657,2,1
2,2,0,2,4,2,5,0,0,0,2468,10,1
6,3,3,6,3,6,1,0,2,0,4221,8,1
4,0,0,2,1,4,5,1,2,1,3361,7,1
1,1,1,1,5,3,0,1,1,1,2595,4,1
6,1,1,3,5,4,5,0,0,0,3093,9,1
8,0,2,0,6,6,4,1,2,2,1668,10,1
2,2,2,1,6,1,5,0,0,0,3313,1,1
7,0,2,3,4,5,2,1,2,1,2380,9,1
1,1,1,0,3,4,3,1,0,0,4269,10,1
4,0,0,3,5,5,0,1,0,0,2966,9,1
8,1,1,3,1,5,4,0,1,0,2155,3,1
1,1,0,0,8,5,1,0,1,0,3037,3,1
6,1,0,5,4,4,4,1,3,3,4522,1,1
4,3,3,0,7,2,2,0,1,1,2143,1,1
6,1,3,2,2,2,5,0,2,2,4556,3,1
1,1,0,1,3,6,3,0,2,2,2912,4,1
4,0,3,1,3,2,4,0,0,0,2538,4,1
4,2,2,0,5,1,2,0,0,0,4906,1,1
6,0,1,4,5,1,2,0,1,1,3923,9,1
3,1,2,2,5,4,0,1,3,1,2119,1,1
2,1,1,0,4,3,4,0,0,0,751,2,1
5,2,1,5,5,6,2,0,0,0,2880,8,1
4,0,0,1,8,1,5,1,1,0,1440,3,1
2,2,0,0,6,4,2,0,0,0,3912,0,1
7,0,3,1,4,4,1,1,1,1,3566,9,1
3,1,1,1,4,1,5,0,0,0,3089,8,1
7,3,1,7,2,1,0,1,0,0,4675,5,1
8,1,3,2,4,5,5,1,1,1,1384,10,1
8,2,2,6,1,6,0,0,1,0,436,5,1
7,1,0,4,1,2,2,0,3,1,2887,3,1
3,0,2,3,6,2,5,0,2,0,1367,8,1
1,1,1,1,5,5,4,0,3,3,2080,0,1
2,0,1,1,4,4,1,1,1,1,1739,3,1
4,3,2,4,6,6,0,1,1,1,1637,6,1
8,2,2,4,3,4,0,1,2,2,3979,0,1
2,2,1,1,1,1,2,1,2,1,4669,4,1
5,0,2,0,2,2,2,0,1,1,687,9,1
5,2,0,4,3,4,2,0,3,0,2245,10,1
8,0,1,3,6,4,1,1,0,0,448,9,1
4,3,1,3,1,3,4,1,1,0,735,10,1
8,2,2,2,6,6,5,0,3,0,3683,0,1
7,2,1,3,5,3,0,0,2,0,1802,3,1
1,1,0,0,3,2,5,1,2,2,605,6,1
1,1,0,1,1,4,5,1,1,0,3214,8,1
5,1,1,4,1,6,2,1,3,2,448,1,1
2,2,2,1,2,6,0,0,2,0,4948,3,1
6,0,3,6,7,4,5,1,1,1,2841,1,1
6,1,2,6,4,2,5,1,0,0,2865,0,1
1,0,1,0,3,4,2,0,2,2,4280,2,1
5,0,3,3,7,4,4,0,0,0,3200,10,1
4,3,2,1,8,2,1,0,1,0,928,10,1
3,2,2,1,6,1,0,1,1,0,1322,8,1
7,2,2,0,5,5,5,0,3,1,2829,6,1
8,2,0,0,6,5,5,0,3,2,2818,10,1
8,2,0,6,1,3,0,0,2,0,519,0,1
4,1,0,0,2,6,2,1,1,1,588,10,1
4,1,3,1,6,5,0,0,2,2,4931,1,1
4,0,3,0,7,3,1,1,3,0,856,6,1
7,0,0,7,7,3,3,1,1,0,1514,1,1
7,1,3,1,7,6,1,0,0,0,768,10,1
6,1,0,2,3,1,1,0,0,0,3667,8,1
6,3,1,6,5,3,5,1,1,0,3470,2,1
7,1,1,4,8,1,1,0,1,0,3905,2,1
8,1,3,2,6,4,1,1,1,0,2087,9,1
1,0,0,0,2,6,0,1,3,1,1066,3,1
8,1,1,3,4,1,1,0,3,0,2721,6,1
8,3,3,2,6,1,0,1,1,1,4428,5,1
6,3,3,0,8,2,0,1,2,0,2128,6,1
3,0,1,1,3,5,0,1,0,0,1220,5,1
8,0,0,2,8,6,3,0,3,0,694,9,1
1,0,0,1,1,2,1,1,3,0,4785,4,1
5,2,0,1,3,6,5,1,3,1,2613,0,1
8,0,3,0,6,2,4,0,3,2,828,9,1
6,0,2,0,1,6,5,1,1,1,4865,0,1
8,1,2,0,4,1,4,1,1,1,770,9,1
2,1,0,2,5,3,3,1,2,1,1150,0,1
7,1,0,2,2,6,1,0,2,1,405,6,1
4,1,1,0,6,6,0,0,1,1,404,4,1
6,1,1,3,6,5,5,0,3,3,4332,10,1
7,1,1,5,4,5,5,1,2,0,565,3,1
4,0,3,3,2,6,5,0,3,2,3824,4,1
2,2,1,0,3,2,4,1,1,1,1180,8,1
4,0,0,1,4,3,0,0,2,2,3195,3,1
5,3,3,4,7,3,5,1,1,0,1662,4,1
1,0,1,0,4,6,4,0,1,0,3795,0,1
4,1,0,0,2,4,4,0,3,0,3361,1,1
3,1,3,1,7,3,1,1,2,2,2275,3,1
5,1,1,0,6,6,5,0,2,0,4923,8,1
8,3,0,3,6,4,2,1,3,1,1965,10,1
6,2,3,2,1,5,4,1,2,2,3120,4,1
4,3,2,4,1,3,1,0,3,0,1534,2,1
1,0,0,0,8,5,4,1,2,0,4057,1,1
1,1,1,0,5,1,2,0,1,1,352,7,1
1,1,0,0,4,5,2,0,0,0,2309,2,1
2,2,2,2,1,1,1,1,0,0,1467,4,1
3,0,1,3,5,1,3,1,1,0,1277,0,1
1,0,0,1,8,5,1,0,2,2,1606,9,1
7,3,0,3,1,4,0,0,2,2,599,2,1
1,0,0,0,7,2,4,0,3,3,3877,10,1
7,3,3,1,2,2,5,1,2,1,4939,0,1
4,1,1,4,1,4,4,0,2,2,4779,7,1
3,1,1,0,3,1,3,0,1,1,1628,9,1
5,3,3,0,8,5,0,0,2,2,1073,7,1
5,2,3,5,3,3,5,0,2,1,2677,7,1
5,2,3,0,5,6,0,1,0,0,2812,9,1
3,3,1,2,8,6,5,0,3,1,1400,10,1
7,3,2,2,8,2,5,1,3,1,4886,1,1
3,2,0,3,8,6,0,0,3,1,2957,8,1
1,0,0,1,4,3,1,1,0,0,1701,6,1
1,0,1,0,1,6,5,0,2,2,4266,4,1
5,0,1,2,5,2,5,1,3,0,2454,3,1
2,2,0,0,7,3,1,0,1,1,348,6,1
4,1,0,4,1,1,1,1,1,1,4642,8,1
1,0,1,0,2,5,0,1,0,0,2310,4,1
7,1,1,5,2,2,0,0,0,0,3036,5,1
8,3,3,0,7,1,1,1,2,0,2141,5,1
4,3,0,0,1,4,3,1,3,2,1379,2,1
8,2,2,2,8,6,3,1,3,3,3779,8,1
2,2,0,2,2,5,0,1,1,0,2143,2,1
4,0,1,0,8,6,2,0,0,0,3771,0,1
2,0,1,1,2,3,5,1,0,0,2172,1,1
6,0,0,5,3,6,5,0,2,0,1728,8,1
1,1,1,1,6,2,0,1,0,0,3571,6,1
6,3,2,5,1,2,0,1,3,1,1172,3,1
8,1,3,1,1,4,1,1,0,0,1996,1,1
2,1,0,0,2,1,4,0,3,1,1590,4,1
5,3,1,4,8,5,1,1,2,0,1156,0,1
1,1,0,1,8,6,5,1,3,1,3703,10,1
2,0,0,2,2,1,1,0,0,0,3369,4,1
1,0,0,0,2,2,2,0,0,0,4362,2,1
6,3,0,0,4,3,0,0,2,1,3943,10,1
8,3,2,8,3,5,1,1,2,1,3586,1,1
1,1,0,0,2,5,0,1,1,1,1603,9,1
1,0,0,0,4,3,1,0,1,1,3351,2,1
5,3,0,5,5,4,3,1,0,0,3476,3,1
1,1,0,1,3,4,0,0,3,2,4869,3,1
1,0,1,0,1,3,3,0,0,0,2782,9,1
8,0,3,4,7,2,5,1,3,2,307,0,1
2,2,0,0,1,5,2,1,1,1,3877,6,1
8,3,0,7,2,4,2,1,2,0,4704,2,1
6,2,2,3,1,6,1,0,0,0,4660,0,1
1,0,1,0,3,1,4,1,2,1,1202,5,1
7,1,0,3,6,3,4,0,1,1,1294,7,1
8,3,0,4,4,5,2,1,0,0,2274,6,1
4,2,0,4,4,6,2,1,3,0,1881,2,1
3,2,1,2,7,6,0,1,2,2,2073,3,1
2,0,0,1,1,2,3,1,1,0,3318,7,1
8,2,2,4,1,5,2,1,2,1,327,3,1
5,1,2,4,6,6,1,0,2,0,3283,7,1
2,0,0,0,8,5,0,0,1,1,1664,7,1
6,1,0,6,4,3,3,0,1,0,4151,10,1
4,1,3,4,8,2,3,1,1,1,732,1,1
5,0,0,3,7,3,3,1,3,3,2746,7,1
8,0,0,7,1,3,1,1,1,1,3945,6,1
3,2,1,3,6,5,3,1,3,0,2933,9,1
4,3,2,2,8,2,0,0,0,0,4914,6,1
8,1,1,0,5,1,2,1,1,1,2128,5,1
6,3,1,4,5,1,5,1,1,0,1783,3,1
5,3,0,1,2,1,2,0,2,2,1469,0,1
7,0,2,0,5,1,3,0,2,0,523,9,1
4,0,1,2,4,6,0,1,1,0,4741,8,1
6,1,1,4,1,1,5,0,2,2,4457,3,1
5,1,0,3,4,5,0,0,2,1,1005,6,1
1,1,0,0,7,3,0,1,0,0,4945,0,1
5,0,1,1,8,4,3,1,3,1,4028,10,1
4,1,0,4,5,3,0,0,2,1,1586,2,1
7,0,0,6,1,6,2,1,1,1,1223,8,1
5,1,0,2,8,4,2,1,0,0,2827,6,1
5,3,3,5,7,6,5,0,1,1,783,3,1
8,0,2,4,7,2,1,1,0,0,1867,3,1
6,0,2,6,4,2,0,0,2,1,3873,8,1
7,1,3,3,1,2,5,1,3,0,4201,0,1
1,0,1,1,4,1,3,1,3,1,846,2,1
3,3,0,1,7,3,5,0,1,0,1614,2,1
3,2,3,2,2,5,5,0,2,2,3958,5,1
1,1,0,1,2,6,0,0,2,1,4142,7,1
1,1,0,0,2,5,2,1,0,0,3861,2,1
2,2,0,2,2,2,5,1,0,0,385,7,1
4,2,2,2,6,1,4,1,3,3,696,4,1
4,2,1,4,5,5,2,1,3,0,3242,4,1
7,2,2,7,1,4,0,0,2,0,2832,8,1
5,1,2,3,5,6,1,0,0,0,2714,10,1
6,0,1,6,6,1,4,0,0,0,2788,7,1
5,0,2,0,4,5,2,1,2,2,2991,1,1
7,0,1,3,2,5,4,1,0,0,4518,5,1
3,2,2,0,7,2,5,0,1,1,839,3,1
8,2,3,2,8,2,5,0,1,1,3114,6,1
3,0,0,1,2,6,3,1,2,1,863,5,1
5,3,1,0,2,2,5,1,3,2,567,4,1
8,3,3,3,8,5,5,1,0,0,2838,7,1
4,0,1,4,3,1,4,1,1,1,1173,6,1
6,1,3,0,6,5,4,1,0,0,2921,0,1
7,3,0,1,4,2,5,1,0,0,2820,6,1
5,1,3,3,2,2,0,1,1,1,1624,6,1
1,0,0,0,6,6,4,0,2,1,3671,4,1
5,2,3,0,2,5,5,0,2,1,4608,10,1
5,0,3,5,2,6,4,1,0,0,3893,0,1
3,3,3,3,3,3,4,1,2,2,4907,2,1
5,0,2,2,6,1,2,1,1,0,1538,10,1
6,1,0,0,6,1,0,1,2,1,4265,10,1
4,0,2,4,6,6,0,0,1,1,3912,3,1
7,3,2,6,7,2,1,1,0,0,2968,0,1
8,2,3,0,8,4,3,0,1,1,3869,1,1
2,1,0,2,2,5,5,1,2,1,2792,5,1
6,3,0,1,5,3,5,0,1,1,3241,8,1
8,0,3,7,8,3,2,0,1,1,3780,4,1
8,1,3,1,6,5,3,0,2,1,4281,0,1
7,2,0,0,7,2,3,1,1,0,2325,2,1
1,0,1,1,5,2,1,0,3,3,1198,9,1
1,0,1,1,7,4,3,1,2,1,1659,10,1
5,0,1,4,3,3,4,0,0,0,2351,0,1
7,2,1,1,3,5,1,0,0,0,3192,3,1
7,2,1,4,4,6,1,0,0,0,1741,5,1
1,1,0,0,5,1,0,0,2,0,2348,4,1
6,3,0,6,8,2,4,0,3,2,1773,5,1
5,0,3,5,8,2,2,1,1,0,2578,9,1
2,1,1,1,7,5,5,0,0,0,3696,2,1
6,3,1,3,3,3,4,1,3,2,734,8,1
8,0,3,0,4,2,3,1,0,0,605,9,1
3,1,2,2,1,5,1,0,2,1,4064,1,1
7,0,3,6,6,5,0,0,2,1,2146,10,1
7,3,1,6,2,5,5,1,3,2,1552,7,1
6,0,0,3,3,1,4,1,3,0,422,3,1
8,0,1,5,2,3,2,0,2,1,4493,7,1
8,1,2,0,5,6,2,0,3,3,726,3,1
7,0,2,7,8,4,2,1,1,1,1757,9,1
5,0,0,3,7,5,2,0,3,3,1376,2,1
8,3,2,0,5,5,5,1,3,0,4510,1,1
6,1,3,6,2,6,2,1,2,1,3869,4,1
5,0,0,3,2,3,1,0,2,1,551,3,1
6,2,3,1,1,6,3,1,0,0,426,9,1
2,1,2,1,1,2,2,0,3,1,2270,8,1
8,1,2,1,4,2,1,1,0,0,1433,10,1
4,2,3,4,8,4,2,1,0,0,4240,2,1
4,0,0,1,3,3,3,1,2,2,1585,6,1
8,1,2,0,1,3,1,1,2,1,2161,6,1
4,2,3,4,8,5,4,0,2,2,3219,9,1
4,1,1,2,2,4,2,0,1,0,489,8,1
7,3,2,6,1,1,2,0,3,1,1908,8,1
2,2,2,2,4,1,0,0,2,0,435,5,1
4,3,3,4,6,3,2,1,1,0,2809,10,1
3,1,3,0,8,6,5,1,1,0,1571,5,1
7,0,1,2,4,4,5,1,1,1,1438,10,1
8,2,0,4,3,6,3,0,0,0,4000,9,1
8,1,2,8,1,1,4,0,2,0,1961,10,1
3,0,3,1,4,3,3,0,0,0,2560,1,1
7,2,1,5,7,1,0,0,2,2,1673,3,1
3,2,0,3,3,6,2,1,2,0,642,5,1
3,3,0,0,5,4,5,0,2,2,652,1,1
4,1,0,0,5,5,0,0,2,1,3620,2,1
1,1,1,0,5,5,1,0,3,3,965,10,1
7,2,2,3,4,5,2,1,2,1,2863,10,1
4,2,3,3,1,4,2,1,0,0,3042,7,1
6,2,0,6,1,3,3,1,0,0,4425,3,1
4,0,0,0,8,3,4,0,1,0,3674,2,1
6,2,3,4,1,5,3,0,3,2,1160,8,1
2,2,2,2,7,4,1,1,2,2,3226,9,1
3,0,0,1,3,4,2,0,3,1,4565,10,1
6,3,0,5,4,3,3,0,3,1,1939,3,1
3,3,2,0,6,1,2,1,1,0,358,8,1
1,1,0,0,6,4,5,1,0,0,2759,5,1
3,1,1,0,8,2,1,1,3,3,3976,8,1
5,0,0,3,2,4,1,1,3,3,2609,1,1
2,2,0,0,1,5,1,0,1,1,1955,5,1
3,0,0,0,1,4,2,1,2,0,2513,7,1
8,1,3,7,5,2,1,0,2,2,2044,3,1
7,0,0,5,2,3,4,1,3,3,2153,8,1
8,3,0,0,2,4,4,0,3,1,4958,5,1
5,1,2,0,5,1,3,1,3,2,462,0,1
5,2,1,0,1,5,5,1,1,0,1422,5,1
3,2,1,0,6,1,1,0,3,3,4190,10,1
6,1,1,3,2,1,0,1,1,1,4414,2,1
6,0,0,5,8,5,3,0,0,0,1555,7,1
2,2,2,1,8,3,1,0,0,0,2499,5,1
7,3,3,5,1,3,3,1,2,1,4135,5,1
4,1,1,1,6,2,1,0,3,3,4950,1,1
1,1,0,1,2,1,5,1,3,2,4343,1,1
6,3,2,4,5,6,3,0,0,0,4875,6,1
5,1,3,4,8,2,0,1,3,2,2835,5,1
8,2,3,5,8,2,5,1,2,2,1781,1,1
7,2,1,7,4,3,2,0,3,3,3644,8,1
1,1,0,0,4,4,2,1,2,0,3805,1,1
4,3,0,3,3,2,3,0,3,1,2878,5,1
1,1,1,0,7,5,4,1,2,1,3845,8,1
6,2,2,2,6,6,5,0,2,0,1403,4,1
6,1,1,2,3,2,2,1,0,0,1872,4,1
3,0,1,0,7,5,5,0,1,1,4458,4,1
2,1,2,1,6,6,0,0,1,0,3100,5,1
8,3,1,5,5,1,1,0,1,0,2314,0,1
4,2,2,3,7,5,3,1,2,2,2983,9,1
4,3,2,2,1,4,4,1,2,2,485,5,1
2,1,2,1,2,6,4,1,0,0,2156,5,1
6,3,3,5,2,3,4,1,3,1,4308,7,1
8,1,1,8,1,2,4,0,1,0,3617,2,1
8,1,2,8,2,1,3,0,1,1,3099,5,1
2,1,0,1,1,2,0,1,2,1,650,7,1
5,2,0,2,6,1,5,1,1,0,822,4,1
3,2,1,1,7,5,5,0,2,1,3090,6,1
2,2,0,2,5,5,1,0,1,1,3399,4,1
3,0,2,0,8,6,3,0,0,0,2331,10,1
4,3,1,4,2,5,0,0,0,0,2272,10,1
4,3,0,3,3,1,0,1,1,1,3687,1,1
8,2,3,6,6,6,1,0,1,0,4678,5,1
1,0,1,0,3,3,0,0,1,0,1181,2,1
4,3,3,2,3,3,2,1,0,0,2773,7,1
6,3,3,6,5,4,3,1,1,0,2639,0,1
6,0,3,3,3,3,0,1,2,0,326,2,1
5,0,3,2,1,1,0,0,0,0,2175,3,1
7,2,0,3,5,1,1,0,1,0,426,8,1
1,0,1,0,8,6,0,1,2,2,3525,5,1
8,3,2,2,1,1,4,0,1,0,1638,5,1
4,1,0,4,6,3,0,1,3,3,1578,9,1
8,1,3,4,2,4,2,0,3,3,4941,10,1
8,1,2,8,7,3,1,0,0,0,3045,4,1
2,1,1,1,4,4,2,1,0,0,1493,9,1
1,0,0,0,5,2,2,0,0,0,1063,5,1
6,3,3,5,3,2,0,1,2,1,2149,5,1
3,0,1,1,7,2,2,1,2,0,2018,3,1
7,2,0,7,6,4,0,1,2,0,580,3,1
1,1,1,1,4,2,0,1,2,1,3285,3,1
7,0,2,0,3,6,2,0,3,1,4914,10,1
8,0,0,2,8,1,3,1,0,0,4079,1,1
8,1,2,2,6,2,0,1,0,0,3185,5,1
8,2,3,3,1,3,3,1,2,2,4168,9,1
1,1,1,0,3,3,3,1,3,2,907,7,1
8,3,0,3,5,1,2,0,2,2,842,3,1
2,2,1,0,7,2,3,1,0,0,2630,0,1
1,1,1,0,1,2,4,1,1,0,1725,6,1
1,1,0,1,3,1,3,1,1,1,1195,3,1
6,0,1,5,8,5,4,1,0,0,1651,10,1
2,2,0,1,6,3,4,1,1,0,2960,1,1
4,0,3,2,6,5,4,0,0,0,3998,2,1
5,3,2,3,5,2,0,0,3,3,4925,5,1
8,3,3,3,4,4,4,0,3,2,396,10,1
7,3,0,0,1,3,1,1,1,0,4089,1,1
8,0,1,8,4,5,2,1,2,2,681,5,1
7,2,3,4,6,6,2,0,2,1,590,4,1
4,1,0,4,3,5,2,1,0,0,4521,8,1
7,1,2,7,4,4,5,0,0,0,3071,5,1
1,0,1,1,5,5,0,0,0,0,4891,5,1
7,0,3,6,6,5,0,0,3,3,2647,2,1
4,1,3,3,8,3,4,0,0,0,2682,4,1
1,0,1,0,8,3,1,1,3,2,1427,2,1
8,2,0,7,2,5,4,0,2,2,4814,1,1
8,2,2,7,3,2,1,1,1,1,877,0,1
5,3,3,1,2,2,3,1,3,1,505,4,1
8,1,0,8,1,3,5,0,0,0,3151,8,1
6,3,3,1,3,1,5,0,3,1,3354,4,1
8,3,0,5,2,6,5,1,3,0,1804,4,1
5,0,2,3,6,4,4,1,2,0,2907,1,1
3,1,1,0,7,3,5,0,2,2,4889,0,1
3,2,2,1,1,2,5,0,1,0,912,2,1
7,3,2,3,7,4,0,1,3,1,1965,8,1
5,0,0,0,4,3,4,0,1,0,3465,4,1
8,2,3,3,5,6,1,1,1,0,4948,6,1
4,2,0,1,6,2,2,1,3,3,4695,5,1
6,2,0,2,7,3,5,1,2,2,3479,4,1
5,1,0,2,3,3,4,0,1,0,4413,2,1
4,3,2,4,5,4,3,1,2,1,3167,10,1
8,2,1,2,8,5,0,1,2,2,2739,8,1
1,1,0,0,8,2,4,1,2,2,4680,9,1
5,2,3,3,3,4,0,0,3,3,3131,1,1
7,0,1,0,4,4,4,0,1,1,706,9,1
8,2,1,1,7,2,1,0,3,3,2195,7,1
4,1,2,0,3,1,5,1,2,0,3929,1,1
2,1,2,1,6,6,4,1,1,1,4796,0,1
2,2,1,1,6,1,5,1,3,1,2579,0,1
6,0,1,2,2,1,2,0,3,0,3554,0,1
5,0,2,0,2,6,1,0,3,2,1881,3,1
5,3,3,3,2,2,5,1,3,3,4707,4,1
5,2,0,3,2,2,2,1,1,1,2901,1,1
6,2,1,0,8,4,5,1,1,0,3949,2,1
4,1,1,2,6,2,4,1,0,0,1586,5,1
5,0,3,5,4,5,4,1,3,2,586,9,1
3,1,3,3,8,4,4,0,3,0,3445,2,1
5,0,1,4,6,3,2,0,0,0,4048,2,1
7,1,0,6,7,3,4,1,2,2,3200,10,1
5,1,3,5,8,2,3,0,0,0,2729,0,1
3,0,2,2,2,5,0,1,0,0,3974,6,1
7,2,3,3,1,5,2,1,2,1,3600,4,1
4,2,3,4,6,3,1,1,3,2,3152,5,1
8,1,3,0,3,6,1,1,2,1,1544,4,1
7,0,3,1,8,2,2,0,3,1,1512,6,1
1,1,0,0,7,6,2,1,1,0,2077,4,1
4,3,3,2,1,4,2,1,2,2,3419,0,1
3,0,2,1,6,5,0,0,0,0,2607,2,1
2,1,2,2,1,6,1,1,3,3,4577,6,1
7,1,1,5,5,4,0,0,2,0,2088,5,1
8,1,2,6,3,4,2,0,0,0,2960,2,1
5,3,1,5,4,5,4,1,3,1,398,5,1
3,3,3,0,7,2,5,0,3,2,4449,0,1
7,3,1,5,7,1,1,0,2,0,3210,7,1
1,0,0,1,1,6,0,1,0,0,3324,10,1
6,2,1,5,2,6,0,1,2,1,3439,7,1
2,2,0,1,7,4,5,0,0,0,3047,3,1
5,0,1,2,5,2,0,1,1,1,473,6,1
4,2,1,3,2,6,4,0,0,0,3510,8,1
3,3,0,3,2,3,1,0,1,0,4499,7,1
1,0,1,0,3,3,4,1,3,1,1546,2,1
4,3,2,1,4,3,5,0,1,1,2750,2,1
7,3,0,3,4,1,5,0,1,1,3918,3,1
1,1,1,0,1,3,5,1,3,3,1784,9,1
8,1,1,2,2,3,3,1,1,1,1414,2,1
3,2,0,0,6,3,5,1,0,0,1398,6,1
8,0,2,5,5,5,4,1,3,2,1776,1,1
1,0,0,1,8,3,2,0,3,2,1136,10,1
1,0,1,1,1,6,3,0,2,1,4925,3,1
6,1,1,3,8,4,2,1,0,0,3570,8,1
4,0,3,1,8,1,4,1,0,0,892,10,1
1,1,0,0,5,5,0,0,0,0,1141,10,1
6,0,3,4,3,2,3,1,2,2,4124,8,1
7,2,3,6,5,6,3,1,3,2,4772,2,1
3,1,0,3,7,2,1,0,2,0,1701,3,1
8,1,2,6,6,6,5,0,1,0,3963,6,1
2,1,2,2,2,2,4,1,0,0,756,9,1
5,2,0,3,7,2,5,0,0,0,1002,1,1
6,2,2,5,5,3,4,0,1,0,2573,0,1
8,2,0,2,8,5,3,0,2,1,1157,3,1
8,2,0,5,2,3,0,1,2,0,1150,4,1
7,0,2,2,6,2,0,0,2,1,4703,4,1
5,0,3,3,8,2,0,1,1,0,4488,0,1
1,1,0,0,2,6,2,0,1,1,3344,3,1
2,1,2,0,2,2,5,0,0,0,4164,7,1
1,0,0,0,3,3,2,0,1,0,2411,1,1
7,3,0,1,1,5,5,1,1,0,478,8,1
4,2,3,0,6,6,1,1,2,2,4109,2,1
2,1,0,0,8,1,2,1,0,0,4194,6,1
2,2,2,0,7,5,5,1,2,1,4237,1,1
5,0,1,4,6,6,1,1,2,2,2604,7,1
3,3,1,3,8,4,4,1,3,3,4579,6,1
6,1,1,1,5,3,2,0,0,0,3296,0,1
4,2,2,1,4,6,2,1,1,1,4799,2,1
4,3,2,3,5,6,4,1,0,0,3299,3,1
6,2,3,2,6,5,2,0,0,0,2732,8,1
4,3,3,4,8,5,4,1,1,1,4593,8,1
4,2,0,1,3,3,0,1,0,0,3590,0,1
3,3,1,1,5,3,0,1,1,1,1262,7,1
4,0,1,2,8,5,3,0,1,0,1513,1,1
4,2,1,3,5,6,2,1,0,0,3712,1,1
6,2,1,4,5,6,4,1,3,3,4466,6,1
1,0,0,1,1,6,1,1,2,2,4073,8,1
2,1,0,1,7,5,4,0,3,2,1754,8,1
4,3,3,2,7,5,2,0,1,0,3118,3,1
4,1,3,1,6,4,3,1,2,1,942,8,1
6,0,2,5,5,5,0,0,3,1,1903,2,1
7,2,2,5,6,5,4,0,1,0,2900,9,1
5,1,1,0,7,4,1,1,0,0,3276,4,1
7,3,0,1,3,4,2,1,2,2,711,9,1
3,3,2,0,4,4,1,0,2,0,4075,0,1
5,0,1,2,7,2,4,0,3,2,3767,9,1
2,1,1,2,3,5,1,0,1,0,1313,7,1
4,0,0,2,6,6,0,1,0,0,483,10,1
8,0,2,8,4,6,3,1,0,0,4451,3,1
6,3,2,2,8,4,3,1,3,2,548,7,1
5,0,2,2,2,5,5,0,3,1,1740,7,1
5,1,1,4,7,3,0,0,1,1,1754,4,1
4,1,3,4,8,3,1,1,2,2,3422,0,1
4,3,2,4,5,6,2,0,0,0,1123,4,1
6,1,2,5,2,1,2,1,2,1,4328,9,1
4,2,1,2,8,1,0,1,0,0,889,0,1
6,2,3,0,5,5,3,1,0,0,1430,1,1
5,1,2,0,4,2,2,1,1,0,4943,5,1
4,3,3,4,5,6,1,1,2,1,3920,4,1
4,0,2,2,3,6,3,1,3,2,3951,4,1
8,1,0,1,5,2,3,0,1,0,1068,2,1
3,0,0,2,4,3,0,0,0,0,2026,10,1
2,2,0,1,4,3,1,0,3,3,736,4,1
5,0,1,3,4,4,2,0,0,0,2218,9,1
3,3,0,3,1,3,3,0,0,0,3782,3,1
7,2,0,5,3,2,3,0,2,1,3368,8,1
8,1,0,7,1,4,3,0,1,0,1784,9,1
1,1,0,0,8,1,4,0,2,0,1811,9,1
1,0,0,0,1,6,4,0,1,1,2998,10,1
7,2,1,6,6,2,5,1,3,1,1213,3,1
2,0,1,2,7,5,4,1,2,1,3626,8,1
8,0,2,5,4,2,2,0,1,0,2854,0,1
2,1,1,0,7,2,5,0,3,2,897,1,1
8,3,2,6,5,5,5,1,1,0,984,1,1
2,1,1,2,8,6,3,0,0,0,4727,10,1
7,3,3,0,7,2,2,0,2,1,1527,3,1
5,3,2,1,1,2,2,1,1,0,2113,7,1
6,3,1,2,4,4,0,1,0,0,3945,0,1
3,3,2,0,4,1,2,0,3,2,1523,7,1
1,0,0,0,7,4,0,1,1,0,4499,9,1
2,2,2,0,2,6,3,1,1,0,2685,4,1
5,1,1,3,1,6,3,0,3,0,1009,1,1
1,0,1,1,7,4,4,1,3,1,1838,4,1
4,2,2,3,4,3,0,1,0,0,2050,10,1
5,0,0,0,5,6,4,0,1,1,4958,3,1
4,0,1,1,7,2,3,0,1,0,1581,3,1
8,2,1,0,3,2,3,1,2,2,3640,2,1
8,3,3,0,7,3,5,0,2,1,3377,3,1
1,1,1,0,2,2,2,0,2,1,2146,7,1
3,1,2,3,5,2,3,0,1,0,2837,1,1
8,3,0,1,8,2,1,0,1,0,1281,3,1
6,3,0,6,5,3,3,0,2,1,2318,5,1
5,3,2,1,6,2,5,0,0,0,2789,9,1
1,0,1,1,4,6,2,0,3,3,4927,2,1
1,1,0,1,8,6,2,1,2,2,1479,8,1
7,0,2,1,7,4,4,1,0,0,2903,1,1
5,1,2,5,4,6,0,0,1,0,3907,9,1
8,2,2,4,5,2,4,0,1,0,1281,5,1
8,2,3,1,2,4,5,0,0,0,3737,6,1
3,3,1,0,8,3,1,0,2,1,4590,8,1
8,1,1,0,7,1,5,0,0,0,576,3,1
5,3,0,3,6,5,0,0,0,0,4405,5,1
5,1,1,4,4,5,2,1,2,0,4077,5,1
6,1,2,3,8,4,0,0,2,1,307,3,1
6,2,0,4,7,5,3,1,1,0,4088,5,1
3,3,2,0,7,1,3,0,0,0,953,10,1
6,2,2,3,4,1,1,1,2,0,435,4,1
6,1,0,1,4,1,2,0,3,0,2808,6,1
1,1,1,0,6,2,3,1,3,3,1998,6,1
6,0,2,3,1,4,5,0,1,1,494,2,1
5,3,2,0,4,6,3,0,2,1,3970,1,1
3,3,3,0,4,2,3,0,3,3,2769,5,1
6,3,3,3,6,2,1,1,1,1,4274,2,1
4,3,1,0,5,1,2,0,2,1,2251,6,1
2,1,1,1,5,1,3,0,3,0,3634,9,1
6,1,3,5,6,2,4,0,3,1,427,0,1
3,0,2,3,4,2,1,1,1,0,1272,6,1
4,1,1,2,6,2,3,0,1,1,4144,8,1
1,1,1,1,7,1,5,1,1,0,703,10,1
8,3,0,3,1,3,1,0,3,1,1985,10,1
2,2,1,2,7,1,4,1,0,0,1189,9,1
8,3,3,6,7,6,1,0,0,0,4683,0,1
4,2,3,1,3,6,2,1,0,0,4967,5,1
8,0,2,5,7,4,4,1,1,1,4657,3,1
2,2,2,2,3,2,0,0,3,2,2198,10,1
4,2,0,4,4,6,4,0,1,1,4420,7,1
8,1,1,2,1,3,3,0,0,0,3263,9,1
1,0,1,0,2,1,0,0,1,1,4638,9,1
5,0,3,5,3,3,1,0,1,1,2234,8,1
1,0,0,0,5,2,0,1,0,0,2874,7,1
8,3,0,3,6,4,2,0,3,0,476,2,1
6,1,0,3,3,1,3,1,0,0,4250,0,1
3,1,3,3,3,4,3,0,3,2,1187,8,1
6,1,3,5,4,5,3,1,1,1,3387,8,1
3,0,0,1,3,5,0,1,0,0,2543,5,1
4,0,1,2,7,6,2,1,3,1,1120,0,1
7,0,2,5,4,6,5,1,0,0,1986,7,1
2,2,2,2,5,1,3,0,1,1,3879,0,1
7,1,1,7,5,3,1,0,2,2,3300,3,1
4,0,2,4,1,3,3,1,3,2,1556,10,1
5,0,0,5,1,1,5,0,2,1,1851,6,1
3,3,2,3,8,5,4,1,0,0,3629,8,1
6,0,1,4,4,1,0,0,2,0,3623,0,1
3,0,3,1,2,4,5,0,2,1,2763,1,1
7,0,2,0,2,3,4,1,1,0,3795,7,1
2,2,0,0,5,6,0,1,0,0,1955,10,1
6,3,3,6,6,6,2,0,2,1,2837,7,1
4,3,3,3,2,3,2,1,2,1,637,7,1
5,3,0,1,2,2,0,0,3,2,4447,4,1
6,3,0,6,8,4,4,0,0,0,3762,6,1
5,0,3,3,2,1,4,1,0,0,680,6,1
1,1,0,0,3,2,5,1,2,1,4321,5,1
3,3,0,0,8,1,1,1,2,0,4705,2,1
7,1,0,0,8,5,2,0,2,0,1290,9,1
2,1,1,2,3,6,3,1,2,2,775,6,1
1,0,1,0,6,3,0,1,1,1,1879,3,1
3,3,2,1,5,6,5,0,3,0,3308,3,1
7,0,3,6,6,1,5,0,0,0,2725,0,1
8,0,1,6,2,5,2,0,3,0,3983,2,1
5,1,2,3,8,5,4,1,3,1,2733,1,1
2,2,1,2,2,2,4,0,0,0,980,2,1
7,3,3,3,4,4,5,0,0,0,2881,0,1
3,2,1,0,4,4,4,0,3,2,3034,9,1
6,1,0,1,5,3,1,1,1,0,3911,6,1
4,1,2,2,8,2,5,1,3,2,777,4,1
7,1,2,2,4,4,0,0,1,1,1831,1,1
1,1,0,1,2,2,0,1,3,1,2877,3,1
1,1,1,0,3,4,4,1,2,2,4219,2,1
8,0,1,0,2,4,3,0,0,0,3457,3,1
6,3,2,3,3,5,5,1,3,0,4744,5,1
6,2,2,1,3,3,5,0,2,2,3256,1,1
6,0,2,0,4,3,0,0,2,2,2470,9,1
5,3,3,2,7,1,5,1,2,1,4101,9,1
1,0,0,0,2,4,3,1,2,0,437,8,1
2,1,2,1,8,3,2,1,0,0,466,2,1
1,0,0,0,3,1,1,1,3,3,545,7,1
8,3,3,7,6,3,4,1,3,1,2588,9,1
7,3,0,2,5,5,3,0,1,0,3129,3,1
7,0,0,2,4,6,2,1,0,0,3511,0,1
6,1,1,4,5,4,5,0,3,2,411,0,1
2,0,0,1,7,2,5,0,1,0,4780,3,1
3,1,0,2,3,1,1,1,0,0,1334,1,1
7,1,3,2,8,2,1,0,2,1,4404,10,1
4,3,2,2,1,3,1,1,2,1,3894,10,1
1,0,1,1,5,2,2,0,0,0,1441,6,1
2,1,1,1,5,2,4,1,3,1,2709,6,1
1,0,1,0,6,6,0,1,2,1,1921,9,1
8,0,3,4,3,5,4,1,3,2,4523,0,1
8,0,2,5,5,3,3,1,2,0,430,2,1
2,2,0,2,5,4,1,1,1,0,2929,1,1
2,0,1,0,2,4,0,0,2,0,3087,5,1
5,2,0,3,4,3,4,0,3,0,2782,2,1
6,3,1,1,5,6,3,0,1,1,4754,9,1
8,2,0,7,6,5,3,0,3,3,646,10,1
1,0,1,1,6,5,4,0,0,0,4891,1,1
1,1,0,0,6,6,5,0,1,0,2110,0,1
7,3,0,3,2,4,4,1,1,1,4542,0,1
7,0,2,3,4,5,1,0,3,3,3630,2,1
5,2,0,1,2,2,5,0,3,2,881,8,1
5,1,3,0,3,6,0,0,2,1,3658,5,1
8,2,1,4,5,5,3,0,0,0,2946,10,1
3,1,2,3,4,3,0,0,0,0,4101,10,1
1,0,1,1,7,5,1,1,3,1,1143,8,1
4,0,1,2,7,4,1,0,2,0,3036,9,1
5,3,1,2,3,5,2,1,2,2,762,0,1
8,0,2,1,6,2,4,1,3,1,2330,9,1
1,0,1,1,8,6,0,0,2,1,4952,0,1
7,2,2,0,2,1,2,0,2,2,1108,9,1
4,0,0,1,5,5,1,1,3,3,1739,3,1
2,2,1,0,6,4,4,0,3,3,4869,1,1
8,0,3,0,4,6,0,0,2,1,2772,8,1
1,0,1,0,8,5,1,1,1,0,1618,9,1
5,1,1,4,2,4,0,1,2,0,532,3,1
4,2,1,1,5,5,3,0,3,2,4001,1,1
4,3,2,0,6,2,2,1,3,1,3902,7,1
3,3,3,2,2,5,3,1,1,0,1908,7,1
8,0,0,6,6,5,4,1,3,1,2034,8,1
1,1,0,1,3,5,4,0,2,0,356,1,1
4,2,3,4,5,5,4,1,3,3,332,5,1
3,2,1,2,8,5,1,0,0,0,889,10,1
6,2,3,1,3,3,0,0,3,0,4222,4,1
8,1,3,4,7,4,4,0,1,1,4639,9,1
4,0,3,0,6,5,4,0,0,0,1112,3,1
7,2,0,4,4,2,1,1,0,0,4675,7,1
7,3,1,7,7,4,2,1,2,2,2286,0,1
2,1,2,0,2,6,4,1,1,1,372,1,1
6,3,0,2,1,1,3,0,1,1,3522,3,1
6,2,1,0,2,1,4,1,1,0,3398,5,1
4,1,2,1,1,4,4,1,1,0,4173,5,1
2,2,2,2,8,2,4,1,3,3,1681,7,1
6,0,1,4,8,5,4,1,1,0,3389,7,1
1,0,1,1,5,4,2,0,3,2,4662,0,1
3,1,0,0,2,3,3,0,3,0,4856,0,1
6,0,1,2,7,1,2,1,2,1,3111,2,1
6,2,2,5,7,1,2,0,1,1,3938,2,1
7,1,2,6,3,3,3,0,0,0,2631,3,1
7,2,0,0,5,4,5,0,2,2,2745,9,1
8,3,3,0,5,3,0,1,1,0,1106,5,1
4,2,2,1,2,1,3,0,2,1,4903,3,1
3,0,1,2,1,2,1,1,3,1,3822,3,1
7,1,2,7,7,2,2,1,3,3,1543,3,1
5,3,1,0,1,5,0,1,2,2,2835,9,1
6,3,1,1,3,5,3,1,1,0,834,3,1
3,0,2,1,8,3,3,0,2,2,3125,8,1
8,1,2,5,2,5,4,1,3,2,3331,10,1
3,3,3,2,2,3,2,1,3,0,994,1,1
5,0,0,0,7,3,2,1,2,0,1370,6,1
1,0,1,0,8,2,2,0,0,0,926,3,1
6,3,1,3,8,4,5,1,3,0,3309,10,1
2,0,1,0,6,6,4,0,1,1,434,9,1
6,1,1,5,2,1,2,1,0,0,577,10,1
5,3,1,4,5,6,0,0,2,1,944,2,1
4,1,3,0,1,1,4,0,0,0,3486,8,1
5,3,0,3,4,3,5,1,0,0,3993,3,1
8,3,0,4,3,5,5,0,0,0,865,9,1
5,1,1,0,6,2,5,0,3,1,4764,3,1
6,2,1,4,5,6,5,0,3,1,4881,0,1
4,1,2,2,5,1,2,1,1,0,4157,8,1
4,0,0,3,6,4,5,0,1,1,3714,9,1
4,3,2,4,7,2,4,1,2,1,4840,2,1
5,1,3,2,5,2,1,1,0,0,999,6,1
5,3,2,3,2,4,1,0,3,1,3167,8,1
7,0,2,4,6,1,0,1,0,0,3037,1,1
4,2,1,4,3,1,4,1,1,0,2722,5,1
5,0,1,2,2,1,0,1,2,1,1517,0,1
2,0,2,1,2,4,5,0,1,0,1014,7,1
7,2,1,7,3,1,2,0,2,2,1136,10,1
5,2,1,5,6,1,3,1,0,0,1088,1,1
6,2,3,5,4,4,4,0,3,1,4242,1,1
7,3,2,6,6,2,1,0,3,0,4559,6,1
4,1,1,1,5,2,2,1,0,0,325,8,1
8,1,1,4,3,6,2,1,0,0,3409,6,1
1,1,0,0,8,4,3,0,2,2,2031,9,1
4,0,0,4,6,5,2,1,3,3,369,8,1
8,0,3,2,1,5,3,1,2,2,2199,0,1
2,2,2,2,6,1,2,0,1,0,1332,4,1
8,0,1,7,7,1,3,0,0,0,1709,8,1
4,1,1,1,1,1,0,0,1,0,1509,7,1
7,0,2,0,8,1,3,1,0,0,1226,5,1
4,2,1,3,3,1,4,0,0,0,4077,8,1
3,2,3,3,8,1,5,0,2,2,637,2,1
2,2,1,2,6,4,3,0,3,3,365,10,1
4,0,1,1,2,3,1,0,3,0,4471,9,1
1,1,0,1,4,4,0,1,3,3,3125,0,1
7,1,3,4,7,2,2,1,2,2,2188,6,1
7,0,0,7,4,3,1,0,3,1,1819,2,1
8,2,0,5,5,4,0,1,2,0,1548,10,1
5,1,2,4,4,2,3,1,0,0,4022,3,1
6,3,0,2,3,3,4,1,3,2,3746,8,1
3,3,1,0,7,4,1,1,1,0,1048,6,1
1,0,0,0,6,2,1,0,3,3,3590,9,1
6,0,1,1,4,3,2,0,2,0,2210,2,1
8,0,1,7,1,1,0,0,0,0,4023,1,1
3,3,2,2,7,1,5,0,0,0,363,1,1
8,3,3,0,6,4,4,1,1,0,1944,1,1
3,0,2,3,8,2,1,1,0,0,2233,7,1
4,0,2,2,3,1,3,1,0,0,2868,9,1
3,0,2,3,2,5,4,1,0,0,3110,8,1
3,2,2,3,5,1,1,1,1,0,633,4,1
1,0,0,0,2,2,4,1,2,2,1626,6,1
2,0,0,0,7,1,0,1,3,1,2938,2,1
5,0,3,1,7,3,0,1,0,0,3068,10,1
3,1,1,2,3,4,4,1,1,1,3073,5,1
2,0,1,2,2,2,2,1,0,0,4888,4,1
6,2,0,4,1,5,0,1,0,0,3857,6,1
7,3,3,4,2,6,5,1,0,0,3710,6,1
3,2,2,0,1,6,3,1,2,0,1814,7,1
4,0,1,3,5,6,0,0,0,0,2379,1,1
2,0,1,0,3,5,3,1,1,0,4798,9,1
2,0,1,1,2,5,0,0,2,0,3345,4,1
2,1,2,1,8,5,3,1,0,0,706,10,1
4,3,0,1,3,6,4,0,3,0,4250,4,1
4,0,3,4,5,2,4,1,1,1,2463,3,1
2,2,2,0,6,1,2,1,3,0,1338,0,1
2,2,2,0,3,1,0,0,2,1,3923,1,1
8,1,3,5,7,4,5,1,0,0,4198,6,1
8,2,3,0,6,6,4,1,1,0,3430,4,1
6,1,3,2,2,4,4,1,2,2,508,4,1
7,3,1,3,8,5,4,1,3,2,4780,10,1
8,1,1,0,6,3,5,1,1,0,2885,3,1
2,2,2,1,2,1,4,1,0,0,3689,1,1
1,1,0,1,4,5,3,1,1,0,3648,10,1
4,1,1,1,2,5,0,0,3,0,707,10,1
1,0,1,0,1,1,2,0,3,2,2187,3,1
4,1,2,4,7,2,0,0,2,1,3156,10,1
5,0,3,0,3,4,3,1,0,0,4006,5,1
2,2,0,1,4,6,1,0,1,0,4308,8,1
2,1,2,0,3,1,5,1,3,0,3641,0,1
7,1,0,2,3,2,5,0,0,0,4785,10,1
8,3,1,1,1,6,4,1,1,0,3548,3,1
2,1,1,0,2,2,4,0,1,1,736,0,1
5,0,1,2,8,1,0,0,3,2,1277,6,1
8,3,2,0,3,4,2,1,0,0,1878,2,1
1,1,1,0,8,3,2,1,3,1,3149,0,1
4,1,1,3,2,3,3,0,1,0,3823,1,1
1,1,0,1,1,2,2,1,3,2,4850,4,1
3,3,3,3,8,5,2,0,0,0,1275,0,1
4,1,1,1,2,1,3,0,3,2,3338,8,1
8,2,2,3,7,4,4,0,3,0,3859,4,1
4,3,2,4,1,5,1,1,2,2,2392,0,1
1,0,0,1,1,4,5,0,2,2,3946,9,1
3,1,0,3,1,4,3,1,2,1,1139,5,1
4,2,2,0,2,1,3,0,0,0,1063,9,1
3,2,1,1,7,5,4,1,2,0,394,0,1
3,0,3,0,6,5,3,0,1,0,3077,9,1
1,0,0,0,2,3,2,0,2,2,4864,7,1
2,1,0,2,6,1,1,1,1,1,1263,1,1
1,0,1,0,6,1,2,1,2,0,1558,5,1
2,2,2,0,5,1,1,1,0,0,4490,2,1
7,0,2,7,3,5,3,1,1,0,3870,2,1
4,1,0,0,1,3,1,0,0,0,4137,7,1
5,0,0,2,2,2,1,0,3,0,1005,4,1
8,1,2,3,1,3,2,1,2,0,3321,5,1
2,0,0,1,1,1,5,0,3,3,4994,6,1
1,0,1,1,1,3,3,0,2,2,1993,4,1
4,1,3,4,5,3,2,0,3,2,768,1,1
4,2,3,4,5,3,5,1,2,2,2125,6,1
3,1,1,0,3,1,5,0,3,2,4146,10,1
8,1,0,5,1,6,1,0,0,0,3843,10,1
1,0,0,0,7,5,3,0,3,1,3105,4,1
8,1,3,0,6,6,5,0,0,0,2389,0,1
8,2,0,8,2,1,0,1,1,1,3581,9,1
2,1,2,2,8,1,2,1,1,1,2295,5,1
2,2,1,1,3,5,1,1,3,1,314,9,1
4,0,1,2,1,6,2,0,1,0,416,9,1
1,0,1,0,4,3,1,0,3,3,4115,2,1
6,1,2,0,8,6,0,1,2,2,800,8,1
7,1,0,4,2,5,2,0,0,0,3321,6,1
3,0,0,2,2,4,5,1,0,0,999,4,1
4,1,1,1,2,5,5,0,0,0,4437,10,1
4,3,3,0,8,4,3,1,1,0,3066,8,1
8,2,0,4,6,1,4,0,2,2,2974,3,1
6,0,1,6,8,2,4,1,1,1,3107,10,1
4,2,2,2,6,6,1,0,3,2,1363,9,1
8,1,0,5,2,1,1,0,2,2,4733,4,1
2,2,1,1,5,5,5,0,3,2,1130,10,1
3,3,2,1,4,2,1,0,3,0,2253,2,1
2,1,1,0,5,1,0,1,1,1,4893,6,1
7,0,1,4,3,4,3,0,2,0,4956,10,1
4,3,2,0,4,6,2,1,2,2,4513,0,1
5,1,0,5,4,3,2,1,0,0,2869,3,1
2,2,0,2,7,2,5,1,0,0,1676,1,1
4,1,1,0,7,5,0,1,3,1,1263,1,1
4,2,0,2,2,3,5,1,1,1,3976,4,1
7,2,0,1,2,5,5,1,2,0,3868,1,1
5,3,1,2,3,6,4,1,0,0,3058,2,1
8,2,2,3,8,4,4,0,2,0,692,5,1
1,0,0,1,2,6,3,1,1,1,375,1,1
2,0,0,1,5,2,3,0,3,0,894,10,1
8,3,0,1,1,3,3,0,3,3,2300,9,1
1,1,1,1,2,4,2,1,1,0,854,10,1
7,1,3,5,2,6,3,0,2,2,488,9,1
3,0,2,3,7,1,0,1,2,1,1814,3,1
4,0,2,1,4,1,3,0,1,0,3039,2,1
3,2,0,2,3,3,4,0,1,0,3707,3,1
8,0,0,7,8,5,4,0,0,0,4035,10,1
1,0,0,1,2,3,2,0,3,3,4386,6,1
6,0,2,6,2,3,4,1,0,0,2791,6,1
1,1,0,0,6,2,0,0,2,0,4455,10,1
2,1,2,2,4,1,2,0,2,1,3396,2,1
5,0,0,5,4,6,2,0,0,0,4708,6,1
2,1,0,1,7,6,5,1,1,1,2952,6,1
8,3,2,6,8,6,3,1,2,1,4434,3,1
6,0,3,0,4,3,4,0,2,1,2550,1,1
7,1,3,2,3,6,0,1,0,0,1454,2,1
6,3,0,1,6,2,1,0,1,1,4199,1,1
2,1,1,2,6,6,5,1,3,0,4239,5,1
8,1,0,8,7,6,3,0,0,0,4961,10,1
6,1,3,6,4,6,2,1,3,3,1513,4,1
6,0,1,1,6,3,0,1,1,0,1430,9,1
8,0,0,7,2,4,3,1,1,0,4888,10,1
3,3,2,2,4,2,3,1,2,2,693,3,1
1,0,0,0,3,3,3,0,1,1,2715,5,1
4,2,1,0,2,6,3,0,3,1,4369,2,1
8,3,1,3,8,4,2,1,1,1,2693,9,1
3,0,3,2,6,4,1,0,2,2,3452,4,1
4,2,1,0,2,5,1,0,1,1,4399,7,1
6,3,0,3,5,1,0,0,3,1,3105,3,1
6,0,1,2,6,6,1,1,1,1,3521,10,1
3,2,2,1,1,6,5,0,3,3,831,9,1
1,0,1,0,7,2,1,0,2,0,4688,2,1
2,2,0,2,8,2,3,0,3,2,4876,2,1
3,1,2,1,7,6,5,1,0,0,1936,4,1
3,0,0,2,3,1,2,1,1,0,3761,7,1
3,0,1,0,7,4,3,0,3,2,4649,9,1
3,0,2,1,1,3,5,0,1,0,4839,5,1
8,2,0,3,3,6,0,0,1,0,2655,7,1
1,0,1,0,6,4,1,1,1,0,4046,4,1
4,1,0,2,8,6,4,1,2,1,447,3,1
1,0,1,1,3,1,3,0,3,2,1635,8,1
2,1,0,0,2,2,0,1,1,0,1172,7,1
2,2,1,2,4,6,2,0,2,2,3994,7,1
3,2,3,1,1,4,5,1,0,0,4480,9,1
8,1,3,1,5,1,2,1,1,1,4660,6,1
5,1,2,3,8,2,4,1,1,0,706,10,1
5,0,3,4,2,6,0,1,0,0,507,9,1
6,0,0,1,5,5,0,0,1,0,350,10,1
4,2,3,2,5,6,5,0,0,0,3866,2,1
3,3,2,3,6,1,5,0,0,0,2408,6,1
3,2,3,2,5,1,4,1,0,0,1995,7,1
8,1,0,5,2,3,4,0,0,0,3942,0,1
6,2,3,6,5,3,4,1,1,0,4578,0,1
1,0,1,0,5,3,5,1,2,0,3775,3,1
4,0,0,4,1,6,0,0,3,2,4735,0,1
7,1,0,0,8,2,5,0,3,3,509,10,1
2,2,1,0,4,5,5,1,2,1,1026,0,1
5,2,2,1,8,2,0,1,0,0,4608,6,1
5,2,0,5,5,1,5,1,3,1,3939,0,1
3,1,3,0,5,2,4,1,0,0,1953,8,1
8,3,1,6,7,5,1,0,3,3,350,5,1
8,2,0,2,2,1,0,0,1,0,2094,10,1
5,0,3,2,2,4,0,0,3,2,1223,10,1
7,1,0,6,2,6,0,1,3,2,1517,5,1
1,0,0,1,2,5,4,0,2,1,3036,1,1
8,1,2,3,4,2,2,0,0,0,2839,4,1
8,1,2,8,4,1,2,1,1,1,3978,0,1
5,0,0,3,8,4,1,0,0,0,1950,5,1
5,1,3,2,7,1,0,1,1,0,1045,7,1
7,0,2,5,3,2,2,1,3,3,2370,6,1
2,2,1,2,4,6,1,1,2,1,4869,8,1
2,2,2,0,7,1,3,0,0,0,2763,2,1
1,1,0,0,2,3,3,0,1,1,4343,6,1
6,0,1,2,3,3,0,1,1,1,507,2,1
2,1,0,2,8,5,4,1,0,0,3277,5,1
4,1,0,1,5,4,3,0,2,1,4600,3,1
4,1,2,3,6,5,5,0,0,0,2044,2,1
4,0,1,2,2,1,5,1,2,1,886,1,1
2,0,1,1,3,6,4,0,3,1,4846,7,1
6,2,3,6,4,2,2,0,1,0,4735,6,1
2,0,2,0,1,3,2,0,0,0,2061,1,1
3,2,3,3,3,3,4,0,2,0,791,10,1
6,3,0,2,4,1,4,1,2,0,1761,1,1
5,0,2,4,4,5,2,0,2,1,1439,2,1
1,0,0,0,4,5,3,1,2,2,4527,4,1
6,3,1,6,1,2,5,1,2,0,1218,8,1
6,0,0,2,2,6,2,1,1,1,4270,6,1
6,0,2,1,3,6,4,0,1,1,4859,1,1
2,0,1,0,6,2,3,1,1,0,4584,4,1
8,1,3,1,7,4,1,1,2,2,4622,8,1
2,1,0,0,7,2,5,0,0,0,3552,6,1
1,1,0,0,4,3,0,1,0,0,1885,1,1
8,2,2,5,8,3,0,1,2,2,4945,7,1
3,2,2,2,8,4,5,1,0,0,2971,9,1
8,3,3,4,6,6,3,1,3,1,2812,3,1
6,0,1,1,4,6,2,1,2,1,3004,9,1
2,1,0,1,3,3,1,1,3,2,3175,0,1
7,1,2,2,8,2,0,0,1,0,3178,5,1
8,1,3,8,2,1,2,1,1,0,2083,3,1
2,0,0,0,3,2,0,0,3,3,2660,10,1
8,2,3,2,2,5,2,0,1,0,1709,4,1
4,0,3,4,3,2,3,1,1,1,1997,0,1
5,0,2,0,8,3,4,1,3,0,2809,3,1
2,0,0,1,6,4,3,1,0,0,2474,5,1
3,3,1,1,7,2,1,1,2,2,1402,3,1
8,0,2,0,5,3,0,1,1,1,4701,1,1
8,1,1,4,6,2,0,1,2,2,3691,9,1
5,2,1,2,1,5,1,1,3,1,830,9,1
2,2,1,2,8,6,5,0,2,0,3198,4,1
5,0,1,2,8,6,4,0,1,0,4098,5,1
5,1,0,1,4,3,4,1,2,0,2798,7,1
5,3,3,1,3,1,2,0,1,0,1903,9,1
8,2,1,8,7,4,5,1,1,1,2979,2,1
4,1,2,4,1,5,1,1,3,0,4541,8,1
8,0,0,7,1,3,2,0,3,2,2590,1,1
7,1,1,0,8,2,0,0,3,1,3567,2,1
8,0,3,3,8,6,0,0,2,2,1214,1,1
7,3,1,0,2,3,1,1,1,0,3177,5,1
8,1,3,2,2,4,1,1,1,0,353,1,1
4,3,0,4,5,3,1,1,3,0,2254,5,1
7,0,0,7,5,6,4,1,2,0,4264,10,1
2,0,2,0,1,4,2,0,0,0,4032,8,1
5,2,1,2,7,1,0,1,3,1,4111,3,1
7,1,0,6,1,5,4,1,3,2,2239,5,1
6,0,3,6,3,3,0,0,3,1,3057,10,1
1,1,0,1,2,4,4,1,2,1,2135,5,1
3,2,1,0,6,3,4,0,0,0,3328,4,1
8,3,2,2,8,2,5,0,3,2,2039,7,1
6,2,2,2,5,1,1,1,2,1,3007,3,1
3,1,0,1,1,5,2,1,0,0,2106,3,1
1,1,1,1,5,4,3,0,1,0,1798,5,1
6,3,1,3,1,2,1,0,2,1,1206,0,1
1,0,1,1,2,1,4,1,2,0,2079,9,1
2,0,0,0,7,4,0,1,2,0,1223,8,1
1,1,0,1,3,2,1,1,3,0,409,0,1
8,3,1,7,8,5,5,0,0,0,2280,8,1
8,2,1,3,7,3,0,1,1,0,2797,4,1
7,0,0,4,3,2,4,1,0,0,610,1,1
4,2,2,0,5,1,1,0,2,1,3048,9,1
3,0,0,3,7,4,0,0,3,3,567,1,1
1,1,1,0,3,1,4,1,1,1,1031,3,1
7,0,0,6,7,5,3,1,3,3,473,10,1
6,1,3,6,1,3,4,1,3,1,2248,3,1
7,0,2,6,7,2,3,0,3,1,1482,5,1
8,0,3,6,2,1,0,1,2,2,3551,0,1
7,3,3,0,1,3,2,0,0,0,4967,8,1
8,1,2,0,3,4,3,0,0,0,1539,2,1
2,1,2,0,1,4,3,1,0,0,1667,5,1
8,0,1,0,5,5,0,1,1,1,3423,9,1
7,3,2,4,2,2,3,1,2,2,1233,6,1
6,0,1,0,3,1,2,0,2,2,1105,8,1
1,0,0,1,6,3,1,0,3,1,4653,3,1
4,1,0,3,7,2,4,0,3,0,3071,7,1
7,3,0,7,2,5,3,0,3,3,3990,10,1
3,2,3,0,7,6,4,1,3,3,3946,5,1
7,2,2,6,1,1,1,1,2,1,4538,7,1
6,1,3,0,5,6,1,0,1,0,3928,7,1
1,0,0,0,5,5,5,1,0,0,3003,2,1
4,2,1,1,6,6,5,1,1,1,1094,3,1
6,2,1,0,2,4,1,0,1,1,2615,2,1
7,2,1,0,2,2,3,0,0,0,2366,2,1
2,1,1,2,8,6,5,0,0,0,3984,3,1
8,3,1,0,2,2,3,0,2,1,3246,8,1
5,1,0,0,5,1,3,0,2,0,1561,9,1
1,0,1,0,4,1,2,0,0,0,2730,10,1
8,3,3,0,6,6,5,1,1,1,2653,1,1
7,1,3,2,6,1,1,1,1,1,2659,9,1
3,0,2,1,4,4,1,1,2,0,4847,3,1
7,1,2,5,8,2,3,1,1,1,4944,0,1
7,1,3,3,7,5,0,1,1,1,2614,8,1
3,0,2,0,7,4,2,0,0,0,1339,6,1
2,0,2,2,5,5,3,1,3,0,1192,3,1
1,1,1,0,4,2,2,0,3,1,1689,7,1
3,1,1,3,3,6,3,1,2,1,4311,5,1
4,2,0,2,8,6,4,0,0,0,1258,10,1
6,0,0,3,2,1,1,1,1,1,2670,9,1
1,0,1,1,1,4,0,1,2,1,3130,10,1
8,3,1,1,7,5,1,1,2,1,2342,4,1
6,1,2,0,2,4,2,0,0,0,1325,0,1
5,1,1,4,6,1,2,1,0,0,400,3,1
6,0,3,4,6,6,0,0,1,0,1342,3,1
5,1,0,5,3,4,3,1,3,3,2321,0,1
2,2,1,0,1,2,5,0,2,2,691,5,1
5,3,0,3,2,2,5,1,3,3,3036,3,1
5,2,3,2,5,4,5,1,3,3,3255,6,1
6,3,3,5,6,1,3,1,2,1,1700,7,1
6,0,2,3,2,3,1,0,3,1,3834,3,1
1,1,0,1,1,5,4,0,1,0,1202,6,1
6,2,0,2,7,6,5,1,1,1,3737,3,1
4,1,1,3,3,3,1,0,1,0,752,3,1
6,3,1,2,1,6,2,0,1,0,2368,4,1
2,2,2,1,3,4,3,1,3,1,4219,4,1
1,0,0,0,4,1,1,1,1,0,3098,7,1
2,1,1,1,5,1,3,0,1,1,1211,0,1
5,1,2,0,6,1,0,1,3,0,2081,2,1
5,3,0,1,6,6,4,1,1,0,970,4,1
6,1,3,3,2,1,4,1,3,1,4745,8,1
6,1,2,3,8,6,2,1,2,0,3932,5,1
2,0,2,2,1,1,4,1,0,0,4440,4,1
4,2,2,1,1,4,5,1,0,0,2592,3,1
3,1,2,3,2,1,0,1,0,0,2835,8,1
3,0,0,2,7,5,5,1,2,2,873,2,1
6,1,0,4,7,3,5,0,3,0,2787,9,1
4,2,1,0,1,5,1,1,2,0,3240,6,1
5,2,1,3,1,2,5,1,0,0,3583,3,1
5,1,1,2,1,5,0,1,2,1,1984,4,1
2,0,0,2,7,1,5,1,3,1,3151,0,1
5,0,1,4,4,1,3,1,0,0,2338,0,1
2,2,1,2,4,1,2,0,2,0,1498,8,1
4,3,3,3,3,4,4,0,3,0,4195,5,1
1,1,0,0,2,4,1,1,3,2,1804,6,1
2,1,1,0,5,4,0,1,2,0,3557,3,1
8,2,0,1,7,5,5,1,1,1,4585,6,1
6,1,0,5,3,1,1,1,2,0,2156,10,1
5,2,1,3,7,1,4,0,3,2,4002,3,1
3,3,0,0,8,5,4,1,2,1,2134,4,1
7,2,1,5,1,2,5,1,3,3,642,9,1
1,1,0,0,4,6,4,0,3,1,3380,6,1
2,0,0,2,2,6,3,1,3,2,4523,6,1
8,1,1,1,2,2,0,0,2,2,2027,9,1
5,0,0,2,8,3,5,1,1,0,1301,6,1
2,2,0,0,3,3,1,0,1,0,4076,10,1
5,3,1,3,7,2,1,1,1,1,1259,6,1
8,0,0,4,5,3,3,0,2,0,1611,8,1
4,0,0,3,4,3,1,1,1,0,2462,4,1
5,0,3,0,1,1,0,1,0,0,742,1,1
4,2,1,2,8,3,5,0,0,0,2003,8,1
1,1,0,1,6,4,2,1,0,0,314,4,1
3,0,1,0,8,4,5,0,3,3,796,7,1
1,1,1,1,6,2,5,1,3,2,3116,0,1
4,0,2,2,3,6,0,0,0,0,4112,5,1
2,0,2,2,2,4,0,0,2,0,4150,4,1
4,2,2,0,8,4,3,1,2,1,1086,2,1
4,0,1,0,8,2,0,0,0,0,4816,5,1
1,0,0,1,7,3,5,1,0,0,1651,4,1
3,0,2,1,1,5,1,1,3,1,2639,1,1
5,1,1,1,3,4,1,1,2,2,871,4,1
7,3,3,4,7,5,1,0,3,1,705,1,1
1,1,0,1,3,3,4,1,1,1,470,9,1
7,2,1,7,7,5,2,0,3,1,2471,7,1
4,3,3,2,5,3,4,0,2,1,1731,10,1
4,0,2,4,6,1,4,0,3,2,1310,4,1
6,1,2,5,5,4,0,1,3,2,1989,6,1
3,0,1,3,3,3,0,1,0,0,3156,7,1
4,2,0,0,6,5,1,0,3,1,3090,5,1
7,3,1,6,3,2,1,0,1,1,2199,9,1
5,3,0,3,7,4,1,0,2,0,2714,0,1
5,1,1,2,5,6,2,0,1,1,4951,10,1
5,2,0,3,3,5,4,0,3,3,3419,7,1
3,3,3,2,6,4,5,0,0,0,2205,7,1
4,3,2,2,6,5,3,1,3,2,4906,8,1
2,1,1,1,5,1,1,1,2,2,2962,0,1
6,0,1,2,6,1,4,0,2,2,4354,2,1
2,0,0,2,5,5,2,0,0,0,3165,10,1
5,3,0,2,1,1,2,0,0,0,1758,0,1
7,2,3,6,2,2,1,0,0,0,1820,3,1
4,3,1,3,3,4,4,0,0,0,1491,1,1
3,0,1,2,4,1,1,1,0,0,1364,3,1
5,2,3,3,1,3,0,0,3,1,3658,1,1
6,2,0,2,7,4,4,1,0,0,4407,7,1
4,2,1,0,2,6,0,0,0,0,4595,7,1
5,3,3,3,6,3,5,1,1,1,4430,5,1
6,2,3,1,8,2,3,1,1,0,2364,8,1
3,1,1,1,4,3,4,0,3,2,3275,8,1
1,0,1,0,8,1,4,1,2,2,2760,0,1
4,2,2,3,1,6,4,1,0,0,3649,0,1
5,2,3,1,3,4,3,0,2,0,1138,1,1
3,1,2,2,3,1,5,1,1,0,1377,3,1
5,2,2,0,7,5,5,1,3,2,4874,7,1
8,2,0,6,4,4,0,1,0,0,3533,9,1
5,0,1,2,4,5,2,1,1,1,3264,8,1
4,2,2,3,4,4,5,1,3,3,2455,2,1
8,1,3,3,5,6,4,0,3,0,2484,1,1
5,2,2,3,4,6,4,0,0,0,2307,1,1
5,1,3,1,6,4,1,1,2,0,3691,7,1
2,0,1,2,1,5,4,0,3,2,1790,9,1
1,0,0,0,5,1,1,1,3,0,4334,5,1
8,3,1,4,7,5,5,0,2,2,982,0,1
1,1,1,1,6,6,0,1,0,0,3193,2,1
2,0,0,1,8,4,5,1,1,0,4290,7,1
3,0,0,3,2,5,1,1,1,1,3032,1,1
3,1,1,1,1,6,2,1,3,0,2184,1,1
6,3,1,5,4,3,2,1,1,1,2432,3,1
4,1,1,2,1,2,3,0,3,2,2749,6,1
1,0,1,0,2,1,0,1,3,0,368,0,1
6,3,0,0,5,2,5,1,1,0,1568,1,1
3,1,2,1,3,2,4,1,2,0,1681,10,1
5,3,3,4,8,4,4,1,1,1,3713,9,1
7,2,0,5,6,2,3,1,0,0,4794,4,1
8,3,0,0,7,6,0,0,3,0,2823,6,1
3,2,2,3,7,3,2,0,1,0,3263,1,1
1,1,0,1,4,3,5,0,0,0,2344,8,1
2,1,1,0,6,4,4,1,3,1,2334,4,1
5,1,0,0,8,5,0,1,1,0,2444,0,1
2,1,0,2,8,1,3,0,3,2,3312,0,1
2,0,1,2,2,5,1,1,2,2,4689,7,1
4,3,3,1,2,6,0,1,1,1,2725,6,1
8,3,2,7,5,4,4,0,0,0,1902,9,1
4,1,1,3,3,4,1,1,2,0,2182,10,1
1,0,0,0,3,5,5,1,3,0,3627,4,1
1,1,0,0,3,2,1,1,1,1,2993,6,1
5,0,1,4,2,5,0,0,3,3,4180,0,1
4,2,3,0,4,6,0,0,0,0,3858,0,1
4,3,0,3,3,2,0,1,3,0,1108,7,1
1,0,0,0,2,5,3,0,1,0,3880,0,1
4,0,1,4,1,3,5,0,3,1,1098,5,1
8,1,3,8,5,4,5,0,3,2,3751,5,1
2,0,0,2,5,3,0,0,2,2,1728,7,1
6,2,2,5,7,4,1,1,2,0,1793,8,1
5,0,2,0,8,6,3,0,0,0,691,9,1
8,0,1,4,6,5,2,0,1,0,3813,10,1
5,2,0,4,1,3,0,1,2,0,1341,0,1
7,0,1,4,1,6,0,1,3,2,3583,5,1
1,1,0,0,7,3,4,0,3,2,923,8,1
5,1,3,3,8,3,4,0,3,2,376,9,1
4,1,0,0,3,6,1,0,2,1,4747,3,1
1,0,0,1,3,5,3,1,1,1,4004,3,1
2,0,1,2,3,1,1,0,0,0,1203,3,1
1,0,0,0,7,3,1,1,3,2,962,0,1
7,1,3,3,6,2,4,0,0,0,2570,8,1
1,1,1,1,3,5,5,1,1,1,1789,5,1
1,1,0,0,2,5,4,0,0,0,1251,0,1
2,2,0,1,2,5,2,0,3,3,3001,2,1
5,3,3,3,2,6,2,0,3,1,1957,7,1
1,1,1,0,4,2,0,0,0,0,913,0,1
2,2,0,2,2,6,3,0,0,0,4817,9,1
5,2,3,2,6,5,1,0,2,1,2997,4,1
8,3,0,4,1,1,2,0,3,2,3443,3,1
3,2,2,1,8,6,3,0,1,1,4760,9,1
4,2,3,1,1,3,4,0,2,0,1657,7,1
5,2,1,3,5,1,4,0,0,0,2272,1,1
3,1,1,0,2,1,3,1,1,1,4151,7,1
1,1,1,1,4,4,0,1,0,0,355,3,1
5,3,1,0,2,4,5,0,0,0,2387,9,1
3,1,1,2,5,3,5,0,3,2,2018,7,1
8,1,3,4,4,4,4,0,2,2,1234,10,1
7,1,3,0,1,3,2,1,1,1,4260,6,1
5,1,1,5,6,6,1,0,1,0,4190,5,1
1,1,1,0,1,1,0,0,0,0,2001,3,1
3,2,1,1,2,6,1,1,1,1,2452,7,1
7,1,3,0,1,2,4,0,1,0,3640,1,1
5,3,3,2,5,2,1,1,0,0,4418,7,1
2,2,2,2,1,5,5,0,0,0,4068,5,1
7,0,0,5,5,2,5,0,0,0,2987,9,1
5,0,1,0,3,4,1,0,2,0,4192,3,1
2,1,1,2,5,4,5,1,0,0,2999,0,1
6,3,0,4,7,3,3,1,2,2,4690,6,1
7,1,3,3,2,6,2,0,2,2,590,10,1
3,3,1,1,3,3,2,1,2,1,2115,2,1
4,1,0,2,4,3,3,1,0,0,3413,1,1
5,0,1,5,3,2,4,0,2,2,3786,0,1
8,0,2,3,7,3,5,1,2,0,2279,5,1
8,3,1,3,1,1,3,0,0,0,2427,10,1
8,0,3,3,4,4,4,0,2,1,530,1,1
5,3,3,5,7,4,1,1,2,2,2091,4,1
2,0,0,2,2,5,1,0,1,0,415,3,1
2,1,0,0,1,4,0,1,0,0,3738,8,1
2,1,0,0,7,3,5,1,1,1,1121,6,1
4,0,0,2,1,5,1,1,3,0,2457,7,1
7,2,1,0,8,1,1,0,3,3,1458,2,1
2,2,2,2,7,5,4,0,3,0,573,5,1
3,2,0,1,4,4,2,1,2,1,4710,9,1
5,0,1,0,8,2,2,1,3,1,2293,6,1
1,1,0,0,4,6,1,1,0,0,2646,5,1
1,1,1,1,2,4,3,1,0,0,1194,1,1
4,1,1,0,1,5,0,0,2,0,355,2,1
5,0,1,3,1,6,1,0,1,1,3569,6,1
4,2,2,2,3,1,3,1,0,0,3977,5,1
8,1,1,1,4,5,1,0,3,3,4287,10,1
7,1,2,0,4,5,5,0,1,0,766,1,1
5,3,2,4,1,1,1,1,1,1,4391,9,1
6,2,2,4,5,4,4,0,1,1,3448,3,1
3,0,3,3,1,2,2,0,0,0,4143,10,1
6,0,1,3,4,5,2,0,2,2,4769,3,1
7,2,2,3,1,6,4,0,0,0,2173,8,1
8,2,0,7,6,4,2,0,3,1,2717,9,1
6,0,2,2,4,4,3,1,2,0,1921,2,1
5,0,3,1,8,3,5,1,1,0,2386,6,1
3,0,2,1,3,2,2,1,1,0,2002,9,1
1,1,1,0,3,5,5,1,2,1,1882,10,1
8,0,1,7,8,4,1,1,1,0,2506,2,1
4,3,0,4,1,6,1,0,1,0,3221,3,1
4,1,3,0,8,4,2,0,1,0,840,10,1
5,2,0,0,1,4,1,0,2,0,3010,6,1
3,1,1,3,3,1,5,0,3,2,4046,10,1
7,0,2,3,8,4,0,1,2,2,1457,2,1
2,2,1,2,7,5,3,1,3,1,3901,3,1
5,3,3,1,5,3,4,0,2,1,4511,4,1
6,2,0,3,2,2,0,0,1,1,3828,9,1
1,1,1,0,1,2,4,1,3,3,4590,0,1
5,1,2,1,1,6,1,1,2,0,3719,5,1
6,0,2,3,6,2,5,1,1,0,3631,6,1
7,2,1,1,2,2,4,0,2,1,692,4,1
7,3,0,5,8,1,0,1,2,0,707,1,1
3,2,0,2,6,6,0,1,0,0,743,4,1
4,0,0,4,5,2,1,1,1,1,4618,0,1
7,3,1,2,1,6,5,0,1,0,4408,5,1
3,1,3,3,8,3,1,1,0,0,1372,5,1
6,3,3,5,1,6,0,1,0,0,2238,5,1
4,0,3,0,2,3,2,0,2,1,3430,0,1
5,0,3,4,7,6,3,0,2,0,1003,9,1
4,0,0,0,2,5,5,1,3,2,3799,3,1
7,0,1,0,5,1,4,1,1,0,2161,0,1
8,2,1,2,7,6,2,0,2,2,2094,7,1
8,0,1,8,4,4,1,0,2,0,2255,5,1
1,1,1,1,5,4,4,1,2,2,2363,9,1
8,3,0,1,8,5,4,1,2,1,2530,4,1
7,2,1,2,5,6,1,0,1,1,3999,5,1
8,2,0,2,6,1,5,0,0,0,2635,5,1
1,1,1,0,4,2,4,0,1,1,3608,6,1
5,2,3,5,4,1,1,1,3,0,443,7,1
1,0,1,1,2,6,4,0,1,0,4606,8,1
6,3,3,4,2,3,1,1,2,2,1329,6,1
2,2,2,2,8,3,4,1,1,1,2101,3,1
5,1,1,5,2,6,0,1,0,0,3613,5,1
4,0,3,4,7,3,4,0,2,2,1177,4,1
4,1,0,3,7,2,2,1,2,2,1967,2,1
7,2,2,4,7,4,4,1,3,3,1801,1,1
3,1,1,1,4,3,3,1,0,0,3587,9,1
8,2,2,1,2,1,4,0,3,0,1290,5,1
7,0,2,5,4,2,2,0,1,1,3113,2,1
2,0,0,0,6,4,2,0,1,1,611,5,1
8,1,3,2,6,6,4,0,0,0,2214,6,1
2,0,0,1,5,4,2,0,3,1,424,6,1
3,1,2,0,5,3,5,0,2,2,1719,8,1
3,1,3,0,1,2,0,1,1,1,3215,5,1
5,0,2,5,2,2,5,1,3,3,2611,1,1
3,2,1,2,8,5,0,0,3,1,1061,6,1
4,2,2,1,5,6,5,0,1,1,1479,7,1
4,1,1,3,4,1,1,1,2,1,1788,4,1
1,0,0,1,4,1,1,1,0,0,3263,7,1
4,2,2,4,3,4,2,1,3,3,3984,9,1
2,0,0,1,3,3,3,1,2,0,3299,8,1
7,1,3,4,6,2,3,0,1,0,2053,4,1
8,2,1,3,7,1,1,0,3,2,1447,6,1
2,2,2,1,4,3,1,1,3,2,897,10,1
6,3,0,4,6,2,0,0,1,1,1327,7,1
6,2,1,1,1,1,2,0,1,0,3516,0,1
3,3,3,2,3,3,4,0,0,0,1444,1,1
4,0,2,4,7,4,1,1,1,0,1900,4,1
7,2,1,1,5,5,5,1,3,1,3789,2,1
2,1,1,2,1,3,1,0,2,2,2329,1,1
3,1,0,1,8,2,5,1,3,1,3923,2,1
8,0,2,7,6,4,3,0,3,2,941,5,1
4,3,2,4,8,3,2,1,2,1,3918,3,1
1,0,0,1,4,5,1,0,1,0,3197,7,1
6,1,2,4,6,5,4,0,1,0,891,5,1
7,2,0,3,4,4,3,1,1,0,1240,2,1
2,1,1,0,7,2,2,1,1,0,3070,4,1
5,2,2,0,6,1,0,0,0,0,1508,2,1
4,2,2,0,4,1,1,0,2,2,2528,5,1
5,2,3,0,2,2,5,1,0,0,3440,10,1
8,3,0,8,4,2,2,0,1,1,2331,3,1
7,0,2,6,8,2,4,1,2,0,4356,5,1
5,2,1,1,6,3,2,0,0,0,1221,10,1
5,3,0,1,2,1,4,0,1,1,4736,9,1
8,0,2,2,7,6,2,0,1,0,3803,4,1
4,1,1,3,5,1,1,0,2,2,3199,3,1
1,0,0,1,7,1,3,1,0,0,4394,7,1
3,0,0,0,8,2,1,0,3,3,2100,4,1
5,3,0,1,1,1,1,0,1,1,2308,7,1
5,2,3,1,6,6,2,0,1,0,1230,7,1
2,1,2,0,8,1,1,1,2,1,3092,4,1
5,0,1,4,2,4,5,1,3,2,779,7,1
7,2,1,1,6,3,0,1,3,1,2351,1,1
8,0,0,6,7,5,2,1,1,1,1829,3,1
7,2,1,0,4,1,3,1,3,0,3880,6,1
2,2,1,2,5,3,2,0,1,1,2513,10,1
5,1,1,2,3,4,5,0,3,1,1345,10,1
6,2,0,2,8,2,4,0,1,0,3470,9,1
7,0,2,6,2,6,4,0,2,0,748,6,1
1,0,1,1,3,2,5,1,1,1,4137,7,1
5,3,1,2,7,4,0,1,3,0,3620,4,1
8,0,2,1,7,2,5,0,2,1,4525,3,1
5,1,2,1,6,4,2,1,3,2,4460,3,1
5,2,2,3,5,3,4,1,0,0,1790,5,1
2,1,0,2,4,3,5,0,2,0,4536,9,1
5,0,3,5,2,2,1,1,1,1,423,4,1
4,3,0,2,3,6,1,1,0,0,808,1,1
5,1,0,2,7,4,4,1,2,0,474,6,1
7,3,1,6,6,3,4,0,3,3,1938,3,1
1,0,1,1,1,1,4,0,2,1,735,5,1
6,3,2,0,1,5,1,0,0,0,1758,10,1
3,1,2,1,6,6,4,0,2,1,4429,0,1
4,3,2,0,6,3,5,1,2,2,4749,6,1
1,1,1,1,4,2,4,1,3,1,405,4,1
8,2,1,6,3,2,5,0,1,1,568,5,1
3,1,2,0,1,4,2,0,3,0,690,8,1
8,2,3,4,8,3,3,1,0,0,1383,7,1
6,0,2,2,7,5,1,1,2,2,1378,9,1
5,1,2,3,8,5,1,1,2,2,1830,4,1
1,1,0,0,1,6,0,0,0,0,2032,5,1
2,2,0,0,7,4,2,0,1,1,3801,8,1
5,0,2,0,7,2,1,0,0,0,3477,2,1
8,0,3,7,1,5,2,0,3,0,2323,5,1
2,2,2,0,7,3,3,0,1,0,4699,4,1
6,2,0,1,8,1,1,1,2,1,2781,5,1
8,2,2,8,6,6,2,0,1,1,4719,6,1
2,2,0,1,3,2,0,1,3,1,3472,6,1
5,3,2,1,2,5,5,1,3,0,2607,4,1
3,1,1,0,7,5,5,1,1,0,3014,0,1
7,0,3,4,3,4,0,0,0,0,2786,0,1
1,1,0,1,7,2,1,1,3,3,1317,1,1
6,2,3,6,5,6,3,0,1,1,4655,10,1
3,1,1,0,2,6,5,0,3,3,3126,0,1
6,3,0,2,2,1,2,1,0,0,4226,9,1
1,0,1,0,1,2,3,0,1,0,3603,7,1
7,1,0,5,7,4,3,0,0,0,2156,2,1
5,3,1,4,4,1,5,1,1,0,3565,2,1
1,0,1,0,5,3,0,0,3,2,1854,9,1
5,3,3,0,5,1,3,1,1,0,562,4,1
8,2,3,3,7,3,3,1,3,1,4713,3,1
1,0,0,0,2,1,1,0,3,2,833,1,1
5,2,3,5,4,5,1,1,2,1,4745,8,1
1,1,0,1,3,2,0,1,2,2,1438,8,1
8,2,1,7,1,5,2,1,1,1,2235,9,1
3,0,3,2,6,4,1,0,2,0,653,9,1
4,0,2,3,4,3,2,0,3,2,2265,1,1
7,2,0,6,6,5,0,0,2,1,1961,0,1
3,3,2,1,1,2,1,1,1,0,4072,4,1
1,0,0,1,6,1,1,1,1,0,4251,6,1
3,2,1,0,7,2,3,1,1,0,4288,6,1
5,3,2,2,6,4,0,1,3,1,792,7,1
6,0,3,5,6,3,5,1,2,0,2309,1,1
2,1,1,1,6,3,2,1,3,0,3579,1,1
6,0,1,4,1,3,3,0,1,0,2232,4,1
3,1,0,3,3,3,5,0,0,0,3678,2,1
4,0,1,0,5,2,2,1,0,0,2230,5,1
6,3,3,2,2,4,2,0,0,0,2564,8,1
8,2,3,0,5,5,2,0,2,1,1470,5,1
7,2,1,3,6,5,0,0,3,2,3470,5,1
7,0,1,0,4,1,5,0,3,1,4253,6,1
8,2,2,7,6,3,2,1,2,1,2706,9,1
8,2,3,3,7,5,5,0,1,1,4637,4,1
7,2,0,0,6,6,3,1,0,0,2778,8,1
3,3,3,2,6,1,4,0,3,2,3367,3,1
6,3,3,6,3,6,4,0,1,0,1087,4,1
8,0,1,8,1,5,5,0,1,1,631,5,1
5,0,2,5,6,5,4,1,1,0,4073,7,1
6,1,0,4,2,2,5,1,0,0,2720,9,1
6,3,2,6,3,3,1,0,3,3,4911,10,1
1,0,0,1,2,3,4,1,2,1,881,1,1
2,2,0,2,5,1,0,0,2,2,3679,2,1
6,1,3,5,3,4,2,0,2,0,1112,8,1
4,3,2,2,4,5,1,0,0,0,1673,3,1
6,2,0,6,1,3,1,0,0,0,1074,0,1
3,2,1,0,6,1,5,1,1,0,3453,10,1
3,1,0,3,4,1,4,1,1,1,1708,4,1
3,1,2,2,1,3,0,0,3,1,2026,5,1
8,1,2,1,5,3,1,0,0,0,1087,9,1
7,3,3,0,8,5,3,1,1,0,4698,5,1
1,1,0,1,8,6,0,1,2,2,1313,3,1
7,0,1,1,6,5,5,1,2,0,808,6,1
8,1,1,5,5,4,0,1,1,1,1569,10,1
3,2,3,1,3,1,0,0,2,1,4240,3,1
6,1,3,4,1,1,5,1,3,2,1932,6,1
2,0,0,1,7,5,4,0,2,2,2801,3,1
6,1,0,1,1,4,4,1,0,0,1059,8,1
4,0,2,2,5,6,5,1,2,2,2651,7,1
8,2,1,5,5,2,5,1,0,0,2490,5,1
3,2,1,3,3,4,4,1,2,0,3897,1,1
3,1,3,1,3,2,2,0,2,1,2975,5,1
1,0,1,0,5,5,4,0,3,0,4002,2,1
3,2,2,2,7,6,2,1,1,1,2061,2,1
8,2,0,0,6,6,1,1,2,1,2469,5,1
8,0,3,5,7,4,5,1,2,0,4852,1,1
8,0,3,1,5,3,4,1,1,0,4910,7,1
2,1,0,1,5,4,2,0,3,1,372,1,1
8,3,2,2,4,3,2,0,3,1,342,9,1
2,1,2,1,1,3,4,0,0,0,788,0,1
1,1,1,1,4,5,4,1,0,0,3552,5,1
4,3,1,3,8,4,4,0,3,3,2756,9,1
3,2,1,0,8,2,0,0,2,1,3662,3,1
4,2,1,2,6,4,0,1,0,0,1556,4,1
5,1,2,2,5,4,1,0,3,2,3222,3,1
4,0,0,4,2,2,1,1,2,1,2185,1,1
4,3,0,4,7,5,1,1,1,0,3679,6,1
1,1,1,0,1,4,5,1,2,2,1774,4,1
5,2,2,2,2,5,1,1,0,0,2128,1,1
5,3,2,2,1,3,1,0,3,2,3882,7,1
5,3,3,1,7,3,0,1,1,1,4502,0,1
1,1,1,0,3,3,1,1,3,2,1240,7,1
3,1,1,1,8,3,0,1,2,1,4728,7,1
7,3,1,1,1,4,2,0,3,2,3438,8,1
7,0,1,2,4,5,2,0,0,0,2456,2,1
3,2,0,3,3,1,1,0,2,1,701,7,1
8,1,1,2,4,1,5,1,3,0,4999,10,1
4,0,0,3,6,2,0,0,3,3,980,7,1
3,1,3,0,3,2,4,0,2,1,3944,2,1
4,1,3,3,6,2,3,0,1,0,4564,1,1
5,1,3,4,4,3,5,1,1,0,3103,7,1
6,0,3,2,2,2,4,1,1,1,4285,6,1
6,3,3,1,3,5,2,1,1,1,4257,1,1
1,1,0,1,4,4,3,1,0,0,1662,9,1
2,0,0,2,4,1,2,0,2,0,3005,8,1
4,2,0,0,6,1,0,1,3,0,1392,2,1
2,1,1,0,2,6,4,0,1,0,2351,7,1
2,0,1,2,8,5,1,0,0,0,4682,5,1
7,0,0,1,3,1,0,0,0,0,4907,4,1
1,0,0,1,4,3,2,1,3,1,815,9,1
1,0,0,1,7,3,3,0,0,0,3444,8,1
7,0,3,6,6,1,4,0,0,0,3966,9,1
8,0,3,7,8,5,0,1,0,0,4620,3,1
4,2,2,0,6,5,0,1,0,0,4174,1,1
5,1,0,4,6,3,4,0,3,2,2668,1,1
2,1,0,2,2,3,2,0,1,0,2064,3,1
8,2,2,0,5,5,5,1,1,0,3592,5,1
8,3,0,5,3,3,5,1,0,0,4351,9,1
5,1,0,0,6,3,0,0,3,2,702,2,1
5,0,1,4,2,6,5,0,0,0,3504,10,1
5,3,2,4,6,2,4,0,1,1,4947,7,1
8,3,1,5,1,5,0,1,0,0,4796,3,1
5,1,0,5,2,5,2,0,2,2,3251,9,1
1,0,0,0,3,3,0,0,2,0,4105,6,1
2,2,2,1,8,2,0,0,1,1,742,8,1
8,0,2,1,8,2,5,0,3,3,1813,1,1
6,1,2,0,7,4,1,0,3,1,3147,8,1
2,0,0,1,8,6,0,0,2,0,698,10,1
5,1,2,1,6,3,1,0,3,0,3696,9,1
1,0,1,0,6,4,0,0,3,3,3606,5,1
8,2,0,5,1,5,1,0,2,2,1667,7,1
4,0,3,4,1,1,0,1,1,1,4436,7,1
5,0,2,1,5,4,4,1,3,3,4392,9,1
4,0,2,4,7,5,0,0,3,0,3588,8,1
4,1,2,2,8,1,1,0,1,0,4362,2,1
1,1,1,1,1,6,0,1,0,0,4492,9,1
4,0,2,4,1,4,0,0,3,0,3096,6,1
5,0,0,5,2,1,3,0,3,2,2833,8,1
3,0,2,0,1,5,0,1,3,0,1067,0,1
8,2,2,3,2,1,5,0,3,2,1607,9,1
7,1,0,6,1,3,1,1,0,0,4755,5,1
8,2,0,3,1,6,2,0,3,0,1832,9,1
6,2,3,1,3,5,0,0,0,0,463,0,1
3,2,1,0,2,6,2,0,3,3,3337,6,1
8,3,2,6,5,4,4,1,3,0,4482,0,1
6,3,2,0,7,3,1,0,2,2,760,5,1
5,1,0,3,4,2,3,1,0,0,1891,1,1
8,3,3,1,8,6,0,1,0,0,3768,8,1
4,3,2,2,2,5,4,1,2,1,3428,4,1
5,3,0,5,6,1,4,0,0,0,3562,2,1
4,2,3,3,1,6,5,1,1,0,1029,7,1
4,2,2,2,4,2,2,1,2,1,2130,6,1
7,1,0,7,2,2,4,0,3,0,3166,0,1
2,2,1,2,8,4,0,1,1,0,2606,3,1
4,1,2,3,2,2,2,1,3,2,4219,1,1
7,0,2,4,4,6,3,1,1,1,1780,7,1
3,1,3,0,6,5,1,1,0,0,4919,3,1
6,1,2,6,2,4,3,1,3,0,4958,9,1
7,0,0,6,4,4,1,1,3,3,4021,4,1
8,3,3,5,5,5,0,1,3,3,4174,1,1
5,1,3,5,3,1,3,0,1,0,2221,4,1
4,0,2,0,6,5,1,0,2,0,1874,7,1
2,2,0,0,4,4,2,1,2,2,1716,5,1
7,3,3,6,7,1,5,0,1,1,380,0,1
7,2,0,0,3,3,2,0,0,0,1833,10,1
1,0,0,0,7,2,3,1,1,0,3122,5,1
8,3,1,3,5,5,1,0,2,2,3841,5,1
4,1,3,3,1,4,0,0,1,1,4196,8,1
1,0,1,0,3,4,2,0,2,0,2368,6,1
5,3,3,1,8,1,0,0,0,0,965,8,1
7,0,1,4,3,2,1,1,3,2,3871,10,1
6,0,0,4,3,1,2,0,1,1,1795,7,1
7,2,0,0,1,6,1,1,1,1,1253,1,1
7,0,0,7,8,6,5,0,3,1,2535,5,1
7,0,1,4,1,6,1,1,0,0,1331,8,1
8,0,2,6,4,4,0,0,3,0,1268,3,1
4,3,0,0,7,3,5,0,3,1,4941,5,1
7,3,3,7,6,2,1,0,1,0,1188,7,1
4,3,3,0,3,4,5,1,2,0,4682,9,1
2,2,2,2,4,3,5,0,0,0,3637,2,1
7,0,2,2,6,4,5,1,3,2,2032,0,1
1,1,0,1,5,1,2,0,2,0,1458,6,1
3,1,1,3,7,5,4,1,3,2,2502,1,1
5,2,1,2,6,2,2,0,3,0,1524,5,1
6,2,1,5,7,4,3,0,3,1,2499,2,1
3,2,2,2,6,4,4,0,3,3,834,10,1
7,1,1,0,2,6,5,0,3,3,4871,1,1
2,0,1,1,3,6,4,0,0,0,2340,0,1
3,1,3,2,8,1,4,1,2,0,650,9,1
1,0,0,1,8,4,3,1,0,0,3924,6,1
3,0,1,0,5,1,2,0,3,1,3709,10,1
5,1,2,3,6,2,4,0,2,0,1022,10,1
2,1,2,0,4,4,0,1,0,0,415,10,1
5,1,3,0,1,4,5,1,0,0,3826,2,1
8,3,1,6,8,2,3,0,3,1,1544,9,1
2,2,0,0,7,6,2,0,0,0,879,0,1
1,0,0,0,4,4,1,1,1,0,1617,0,1
4,0,2,0,2,2,5,0,3,3,2443,6,1
5,2,3,0,3,2,2,0,2,1,3258,8,1
4,0,0,4,2,4,1,1,0,0,4485,0,1
5,2,1,5,2,2,5,0,3,3,4844,7,1
6,3,0,1,5,2,4,1,2,2,1881,8,1
2,1,1,1,5,5,0,0,2,2,3332,9,1
5,2,3,4,2,6,5,0,1,0,3996,3,1
2,1,2,2,2,3,5,1,2,0,3647,6,1
2,2,0,1,8,5,5,1,3,3,3130,6,1
3,3,1,0,7,3,1,0,3,3,4969,10,1
4,1,2,2,7,2,0,1,1,0,4689,10,1
8,0,0,7,1,2,0,1,2,1,4954,2,1
7,2,1,1,6,3,0,1,2,0,2511,6,1
8,1,0,7,1,4,3,0,1,0,2797,8,1
6,2,0,5,7,3,2,1,3,3,1408,8,1
7,2,2,5,2,5,4,1,0,0,409,8,1
4,1,1,3,1,5,5,0,3,2,3685,7,1
8,2,1,2,8,1,4,1,0,0,3494,1,1
1,1,0,0,7,4,2,1,0,0,4918,7,1
5,0,1,5,1,3,5,1,2,2,1699,10,1
2,1,2,2,2,1,4,0,2,0,2354,10,1
1,0,1,0,1,1,3,0,1,1,2817,7,1
4,0,0,3,8,3,5,0,3,0,2923,9,1
1,0,0,1,5,2,4,0,3,1,2387,2,1
2,0,0,2,8,2,1,0,1,1,1446,9,1
7,3,2,2,1,4,3,1,0,0,2000,3,1
4,2,0,1,4,1,3,1,2,0,3277,1,1
8,3,0,5,2,1,3,0,3,3,3550,0,1
3,0,3,2,4,2,2,1,0,0,409,5,1
3,3,0,3,5,2,0,1,2,1,4136,6,1
6,2,0,0,3,3,4,0,3,1,615,9,1
6,3,1,4,2,4,1,0,1,0,2281,7,1
4,3,2,2,1,1,1,0,1,0,1240,4,1
3,3,0,0,5,5,3,0,2,0,1478,2,1
2,1,0,0,6,4,2,1,0,0,2416,3,1
2,1,0,0,8,1,3,0,2,1,4103,2,1
1,0,1,0,3,4,0,0,2,1,3634,0,1
8,3,0,6,7,6,5,1,0,0,785,0,1
8,2,0,7,2,3,4,1,0,0,332,1,1
8,1,2,4,7,1,3,1,1,1,4568,4,1
7,1,3,3,7,6,3,0,2,1,3041,6,1
7,0,2,0,6,4,4,1,0,0,1614,1,1
6,2,2,4,7,4,3,0,3,2,563,4,1
3,2,0,2,7,5,2,0,2,0,1079,4,1
4,0,1,3,6,1,5,0,0,0,2825,5,1
2,1,1,1,6,1,0,0,3,0,3314,6,1
5,1,1,5,8,1,2,1,2,0,3940,6,1
6,2,1,3,4,5,0,0,0,0,1014,7,1
7,3,1,2,1,5,1,0,1,0,3551,7,1
8,3,1,5,4,2,4,0,1,0,307,2,1
3,1,3,2,7,4,2,0,2,0,1378,6,1
8,0,2,6,2,6,1,1,3,1,507,8,1
2,2,2,2,3,4,2,1,3,3,2861,2,1
6,3,1,6,5,2,0,0,1,0,3863,0,1
1,0,0,1,6,4,0,1,0,0,1718,2,1
6,2,1,6,6,1,3,0,3,3,2949,5,1
5,0,3,0,4,4,1,0,2,0,4267,0,1
5,1,1,1,6,6,4,1,1,0,4733,0,1
8,3,2,6,1,6,3,1,1,1,2536,5,1
8,1,2,5,1,4,1,0,1,0,4259,2,1
2,2,2,2,7,2,0,1,0,0,4145,0,1
7,3,1,1,1,5,3,1,0,0,3610,7,1
3,1,0,0,7,2,4,0,3,3,4100,8,1
4,3,2,3,6,4,3,1,0,0,4662,5,1
3,2,1,3,5,3,0,0,0,0,1103,2,1
4,3,1,0,5,3,4,0,3,2,1763,4,1
4,3,3,2,4,1,3,0,1,1,3621,10,1
1,1,0,1,1,5,0,1,2,1,1537,2,1
2,1,2,2,6,6,1,0,3,0,1953,2,1
7,2,1,3,1,2,5,0,3,1,784,0,1
8,2,1,8,8,1,2,0,2,0,1578,1,1
6,0,1,1,8,1,0,1,0,0,2597,10,1
7,1,3,0,5,5,5,1,3,0,3643,4,1
7,3,1,0,7,1,1,0,1,0,3232,5,1
4,3,3,3,5,6,5,1,2,1,2938,3,1
8,2,3,7,2,3,0,1,3,1,3735,6,1
1,1,0,1,5,2,0,1,3,0,1102,6,1
8,1,3,2,8,1,4,1,0,0,3278,4,1
7,0,3,6,6,1,3,0,1,0,1034,4,1
8,0,3,3,8,1,3,0,3,2,4457,2,1
7,0,0,3,8,3,1,1,3,0,2622,8,1
4,0,1,2,5,1,1,1,2,0,1603,8,1
1,0,0,0,6,5,5,0,1,0,3475,7,1
3,3,2,0,1,1,3,0,3,0,757,7,1
7,2,1,4,4,6,4,0,0,0,2381,2,1
7,2,1,7,4,5,4,1,0,0,1066,1,1
6,3,2,2,4,4,2,1,1,1,4392,0,1
5,3,3,4,7,2,5,0,0,0,2030,10,1
5,0,2,4,6,3,1,1,0,0,1661,0,1
4,2,3,3,4,1,3,1,1,1,3317,5,1
8,2,2,7,1,1,4,0,3,2,1633,6,1
7,0,1,4,8,2,2,0,1,0,2414,9,1
5,1,2,2,2,3,1,1,2,0,2222,6,1
7,0,0,5,3,1,5,1,1,1,2927,9,1
5,2,3,1,7,4,0,0,3,2,1288,3,1
6,0,3,3,1,5,4,0,2,1,1216,1,1
6,0,0,4,6,6,4,0,1,1,3230,5,1
2,2,1,2,2,5,1,0,3,3,3849,7,1
5,2,1,5,6,6,0,0,3,0,928,7,1
8,1,2,4,1,3,5,0,1,0,1807,4,1
5,2,0,3,5,1,5,1,0,0,870,10,1
5,0,0,0,2,6,2,0,2,1,2833,2,1
3,0,0,2,1,5,5,1,3,1,2978,0,1
4,0,0,2,5,5,2,1,0,0,1405,0,1
5,1,3,2,2,2,3,1,2,1,2343,7,1
3,3,1,0,3,3,0,1,2,1,3884,7,1
1,0,0,0,3,3,4,0,2,2,4940,8,1
3,1,0,2,8,3,3,0,2,0,2612,3,1
3,1,3,0,5,5,3,0,2,0,3457,5,1
8,2,2,6,1,5,0,0,1,1,3160,7,1
5,2,1,5,3,2,1,0,1,0,408,1,1
2,2,1,2,2,1,0,0,0,0,679,9,1
3,1,2,2,7,3,2,0,1,1,2368,4,1
8,1,1,5,2,4,4,1,0,0,2525,1,1
1,0,0,0,6,4,5,1,1,1,2056,1,1
4,2,1,1,4,6,1,1,0,0,591,6,1
2,0,0,2,7,3,5,0,0,0,2519,5,1
2,2,2,0,6,1,3,0,1,0,2686,8,1
1,0,0,1,2,3,0,0,0,0,2729,1,1
2,1,2,2,8,3,3,0,0,0,3632,0,1
3,1,2,3,3,1,1,1,0,0,618,2,1
8,2,1,0,1,3,5,0,0,0,2257,10,1
1,0,1,0,5,4,2,0,0,0,570,1,1
6,2,2,2,7,4,5,0,3,3,1227,0,1
1,0,1,1,4,4,2,1,0,0,1411,1,1
4,0,3,1,3,3,3,1,1,0,3442,9,1
3,0,3,2,5,5,0,0,1,0,335,2,1
5,1,2,3,5,2,1,0,3,2,1944,2,1
5,1,3,1,8,4,0,0,0,0,1091,4,1
1,1,1,0,5,1,1,0,3,0,3236,9,1
2,2,0,0,8,5,3,0,0,0,2996,0,1
7,0,1,2,8,2,4,0,2,2,3332,5,1
3,0,0,2,2,6,1,1,2,0,2959,4,1
8,1,0,1,4,1,3,0,0,0,1564,8,1
5,1,1,4,5,5,5,1,2,2,914,10,1
8,1,2,6,8,1,3,1,0,0,402,4,1
8,3,2,4,3,5,2,0,2,1,1492,9,1
5,3,1,0,6,5,2,1,0,0,1695,6,1
8,1,3,0,5,6,5,1,0,0,1729,2,1
7,1,1,7,4,5,5,1,1,0,3048,8,1
7,0,0,6,1,2,2,0,3,3,4201,1,1
3,3,1,3,1,4,3,0,3,3,2224,0,1
3,0,3,1,5,4,4,0,1,1,697,0,1
8,3,2,0,4,3,5,1,0,0,4436,8,1
8,0,0,1,3,6,5,0,1,1,1152,7,1
2,1,1,0,1,6,3,0,2,2,374,7,1
5,2,2,2,2,5,3,0,1,0,3177,2,1
3,0,1,0,8,2,2,1,0,0,691,6,1
2,1,0,1,2,5,3,0,1,0,3721,6,1
5,0,2,2,7,1,0,1,2,1,1776,8,1
7,0,3,7,4,4,3,1,2,2,3756,1,1
5,2,0,2,3,5,3,0,2,0,2430,4,1
5,1,0,4,5,2,1,0,1,0,3064,3,1
2,0,0,0,8,1,4,1,0,0,2955,0,1
4,3,3,3,1,1,2,1,2,1,4281,5,1
7,1,2,4,8,1,1,0,2,2,2209,3,1
8,3,2,3,6,5,1,0,0,0,1107,5,1
8,1,2,1,8,5,0,1,0,0,4534,0,1
6,2,1,6,5,5,1,1,1,0,1335,7,1
8,1,2,5,7,6,3,1,1,0,3508,3,1
1,0,0,1,4,5,3,1,2,0,2300,7,1
8,0,0,7,2,4,4,0,1,0,4190,4,1
7,0,1,0,4,4,0,1,1,0,4221,5,1
3,0,2,2,6,2,5,0,2,2,1368,9,1
6,2,1,0,2,4,2,1,0,0,4960,7,1
2,1,2,2,5,6,4,1,1,1,1144,5,1
3,3,2,2,5,1,1,1,1,1,1098,8,1
2,1,2,1,3,1,5,1,0,0,1695,1,1
7,0,0,2,7,2,3,0,1,1,4510,10,1
7,2,2,5,1,1,5,1,0,0,3206,2,1
7,0,0,6,5,3,3,1,3,0,1296,2,1
2,0,0,2,4,1,1,0,2,2,2530,3,1
2,0,2,1,1,5,3,1,0,0,2383,4,1
8,3,3,5,7,4,2,0,3,0,2091,0,1
6,3,1,5,4,4,0,0,0,0,886,9,1
2,0,1,2,1,5,4,0,0,0,2004,4,1
1,0,1,0,1,3,3,0,0,0,1394,4,1
2,1,0,0,5,3,5,1,0,0,608,2,1
2,0,0,0,6,4,3,0,0,0,4788,8,1
2,1,2,0,8,3,2,0,1,0,4112,7,1
6,0,1,5,6,1,4,0,3,0,1519,1,1
5,0,0,3,2,5,2,1,3,0,2591,0,1
5,3,0,2,7,2,5,1,1,0,1608,6,1
7,3,1,2,8,6,2,1,3,3,3146,7,1
5,1,1,0,7,1,4,0,2,1,3126,0,1
6,3,2,1,4,2,2,0,3,0,2821,2,1
2,1,1,2,3,6,4,1,0,0,1411,8,1
2,0,2,0,6,2,2,0,3,1,4281,1,1
7,1,2,1,4,6,2,0,2,1,1983,4,1
6,3,2,5,1,6,3,1,1,0,2678,2,1
6,2,2,1,5,1,2,0,1,1,1411,3,1
7,0,3,1,8,1,4,1,3,1,2397,1,1
2,1,0,2,8,6,5,1,3,1,1014,0,1
7,3,3,2,4,5,0,1,2,2,4814,4,1
2,1,2,2,2,1,4,0,2,1,4402,0,1
6,2,3,1,1,1,4,0,2,2,1880,7,1
4,0,0,1,7,6,5,1,2,2,3804,9,1
5,0,1,1,1,2,2,1,2,1,2671,8,1
8,3,1,8,7,5,3,1,1,0,2105,0,1
2,2,1,0,5,1,0,0,1,1,3580,4,1
7,3,3,7,8,1,1,1,3,1,1876,6,1
8,0,0,4,6,6,2,1,2,2,1372,10,1
6,3,1,3,4,6,3,0,2,1,3076,1,1
2,0,0,1,7,5,2,0,3,2,2626,4,1
8,0,0,8,8,4,1,1,3,3,1827,2,1
1,0,0,0,2,5,5,0,0,0,4917,1,1
7,3,0,3,4,4,2,0,3,0,4698,7,1
1,1,0,0,3,2,4,1,3,3,2493,1,1
7,2,1,0,5,5,3,1,0,0,3994,8,1
1,0,1,0,1,5,2,1,1,0,4588,0,1
6,3,0,3,6,1,1,1,0,0,466,9,1
8,1,1,7,8,3,0,0,0,0,2494,1,1
1,1,0,1,2,1,1,0,3,1,397,1,1
1,1,0,1,4,1,4,0,2,1,4478,8,1
7,0,3,2,6,2,3,1,0,0,4862,5,1
1,0,1,1,4,4,0,0,0,0,3575,1,1
8,2,1,8,7,4,3,1,2,1,3851,8,1
4,3,3,2,3,1,2,0,3,2,4749,5,1
5,1,2,0,6,1,3,1,1,1,3244,9,1
6,3,1,4,3,6,4,0,0,0,4901,7,1
6,0,0,1,4,2,3,0,1,1,3399,3,1
4,0,2,0,6,1,0,0,2,0,4311,4,1
5,1,1,4,6,5,1,1,3,2,1166,8,1
3,3,2,0,4,2,0,1,0,0,4236,4,1
3,0,2,2,4,3,5,0,0,0,3637,5,1
1,1,1,0,1,3,5,0,2,2,1115,9,1
8,1,1,5,5,6,0,1,1,0,3608,10,1
5,0,0,4,7,6,1,0,0,0,3605,4,1
4,0,1,3,4,1,3,1,3,1,3574,10,1
7,0,2,0,1,4,1,1,2,2,4999,7,1
8,3,2,8,8,1,2,1,2,2,1738,3,1
4,3,3,2,7,3,1,0,3,1,1910,5,1
3,2,3,1,3,5,0,0,1,0,2407,2,1
1,1,0,1,6,1,4,1,3,2,3080,7,1
2,1,1,1,3,2,0,1,0,0,4132,9,1
1,0,0,1,2,5,4,1,2,0,2725,2,1
8,2,2,1,7,1,0,1,0,0,3262,2,1
3,3,3,0,4,6,5,0,1,0,2955,9,1
1,0,1,0,8,3,5,1,3,1,1894,9,1
1,1,0,0,1,3,4,1,3,2,3636,5,1
1,1,1,0,6,4,2,0,3,3,1733,9,1
4,1,3,3,2,1,1,1,2,1,1043,6,1
3,1,0,1,5,2,4,1,0,0,1609,5,1
1,0,0,1,8,3,5,1,0,0,3058,7,1
2,2,2,1,3,6,3,0,2,2,668,2,1
2,2,1,1,4,3,2,1,3,0,3287,9,1
4,0,3,4,7,5,5,0,2,0,3994,3,1
1,1,1,0,7,3,0,0,0,0,1425,5,1
6,2,0,4,8,5,0,0,2,2,1164,5,1
8,1,1,8,7,2,0,0,1,1,3164,6,1
4,3,1,1,1,3,5,0,3,2,4292,7,1
7,1,1,2,3,2,0,1,3,3,3375,0,1
1,1,0,0,4,2,4,1,0,0,727,10,1
1,0,0,1,8,3,2,1,1,0,4057,3,1
1,1,0,1,8,5,2,0,0,0,557,0,1
8,0,3,0,7,5,1,0,1,0,3873,1,1
2,1,0,2,6,6,2,1,0,0,992,3,1
2,0,1,0,3,5,5,0,0,0,4607,10,1
3,1,0,3,2,3,5,1,3,0,1043,6,1
1,1,0,1,1,6,4,0,3,3,1037,6,1
1,0,0,0,8,4,5,1,0,0,4076,10,1
7,1,3,6,1,4,2,0,3,2,3680,7,1
4,1,2,0,7,1,5,0,1,0,4698,10,1
5,3,2,3,5,6,3,0,2,1,857,6,1
4,2,0,1,6,6,3,1,1,0,2701,4,1
7,3,0,3,2,5,5,0,3,0,988,2,1
4,3,1,4,6,3,1,1,3,3,3670,10,1
3,2,3,0,7,3,1,1,2,0,1872,9,1
1,0,0,1,7,6,0,1,1,0,3275,8,1
6,0,2,2,2,6,0,1,3,1,473,4,1
6,3,1,4,5,4,3,1,2,0,381,7,1
2,1,0,1,4,6,2,1,3,2,1325,1,1
7,0,1,5,6,6,4,1,0,0,1829,3,1
3,3,2,1,5,1,5,1,3,3,1332,7,1
7,1,1,0,7,3,2,1,3,2,1454,0,1
8,1,2,7,2,2,0,0,0,0,2343,3,1
1,0,1,0,4,1,2,0,0,0,3347,6,1
4,1,3,1,5,4,0,1,3,1,4600,10,1
3,0,3,3,3,5,5,1,3,0,3506,7,1
3,0,1,3,2,2,2,1,0,0,3378,4,1
2,0,2,2,3,1,1,1,2,2,2246,8,1
1,0,1,0,5,2,3,0,0,0,1408,6,1
6,3,2,6,4,6,0,0,2,2,2056,0,1
2,1,2,0,8,6,0,1,1,0,1430,6,1
6,3,3,4,6,6,5,1,2,0,3062,9,1
6,0,0,5,5,6,5,1,3,0,1224,7,1
8,0,0,3,4,3,4,0,2,0,4010,1,1
3,2,0,0,4,3,2,1,2,1,1090,8,1
3,2,1,3,4,3,4,0,3,2,3093,6,1
1,0,1,0,7,4,4,1,1,1,625,2,1
6,3,0,4,4,1,0,1,1,1,4439,10,1
5,3,2,4,6,1,5,0,1,1,578,8,1
6,2,3,5,2,2,1,0,0,0,2978,9,1
8,2,1,5,4,3,0,0,1,0,2184,3,1
5,3,0,1,7,1,0,0,2,2,4195,5,1
7,3,1,1,8,3,4,0,2,1,2220,3,1
8,3,3,0,4,4,1,1,2,0,1084,1,1
6,2,2,1,8,3,4,0,1,1,3499,2,1
5,1,1,4,5,4,1,0,1,1,559,2,1
2,2,0,1,1,5,0,0,1,1,935,0,1
4,2,1,2,5,1,4,1,3,0,3416,10,1
4,2,1,0,6,3,4,0,0,0,3623,6,1
8,1,3,6,2,5,1,0,2,2,2190,9,1
3,3,2,3,2,5,0,1,0,0,3239,1,1
7,2,3,1,7,6,1,0,2,0,2579,5,1
2,1,0,1,8,4,1,1,3,2,4022,3,1
1,0,1,1,8,5,1,0,3,3,852,2,1
5,3,2,4,5,4,5,1,2,1,1575,10,1
3,3,1,0,5,5,4,1,1,1,3189,5,1
6,3,1,2,1,4,5,1,2,0,2939,3,1
3,2,2,0,4,6,1,0,0,0,2221,10,1
8,3,1,7,1,3,4,0,3,1,1734,8,1
8,3,2,1,3,5,5,1,0,0,2924,4,1
6,1,3,2,3,2,1,1,2,0,2475,2,1
7,1,1,4,2,2,4,0,2,0,2482,0,1
8,2,2,6,4,1,0,1,0,0,4055,2,1
7,3,3,0,5,3,5,0,0,0,1420,8,1
2,2,2,2,7,3,4,1,2,2,3959,3,1
1,0,0,1,6,6,4,1,0,0,3483,9,1
5,0,2,1,3,5,1,1,1,1,3729,1,1
1,1,1,1,6,4,1,0,2,1,1184,10,1
3,0,0,0,4,1,3,1,2,0,2877,5,1
5,2,3,0,1,5,4,0,0,0,2647,1,1
2,2,0,1,7,3,1,1,1,0,4598,9,1
2,0,2,1,7,1,4,0,1,1,2838,8,1
7,1,3,2,6,3,3,0,2,2,3035,6,1
2,2,2,1,3,2,2,1,0,0,2257,1,1
8,2,2,5,6,1,1,0,0,0,1190,3,1
4,3,1,0,7,1,3,0,0,0,880,6,1
7,0,3,2,1,3,1,1,3,3,4173,10,1
3,1,3,2,8,1,0,1,2,1,3797,3,1
6,2,1,5,4,5,5,1,1,0,3819,10,1
1,0,0,0,1,6,2,0,3,1,771,4,1
4,1,2,2,3,6,5,0,0,0,4629,7,1
5,0,1,3,6,1,4,1,0,0,3809,7,1
1,1,1,1,3,3,4,0,1,1,3172,8,1
6,1,0,4,5,3,2,0,3,1,932,8,1
4,0,1,4,8,4,1,1,2,0,2212,9,1
8,0,0,6,7,1,2,0,0,0,3214,2,1
4,0,1,3,5,1,4,1,2,2,2533,3,1
4,2,2,1,8,3,1,0,3,0,823,4,1
4,1,3,0,7,4,3,0,1,0,3318,6,1
4,1,2,3,8,2,3,0,1,1,1687,4,1
7,2,2,0,7,3,5,1,3,3,1894,0,1
7,0,3,7,1,3,1,0,1,1,3225,10,1
4,2,2,4,8,1,1,1,1,0,1966,0,1
6,0,1,2,7,2,1,0,2,2,513,7,1
6,1,2,5,1,3,2,0,2,2,3640,9,1
1,0,0,0,7,1,1,1,1,1,4761,5,1
3,2,2,1,7,4,4,1,1,0,4190,6,1
2,1,1,0,3,5,2,0,2,0,4164,9,1
5,3,0,2,7,3,0,1,2,0,4429,3,1
6,0,2,3,3,4,5,1,0,0,4584,5,1
1,1,1,1,4,4,1,0,3,2,3011,4,1
7,1,2,3,4,3,4,0,0,0,1085,0,1
7,0,1,1,1,2,2,0,3,2,3195,6,1
4,1,0,4,1,2,3,0,2,1,750,6,1
2,0,2,1,8,5,0,0,2,0,2829,10,1
8,0,1,7,1,3,2,1,0,0,3752,4,1
2,2,2,1,4,1,5,0,1,1,334,3,1
3,2,1,3,3,5,3,0,2,2,3291,0,1
2,0,0,1,8,6,2,1,3,1,1985,6,1
8,1,1,6,7,6,0,1,3,1,4151,4,1
1,1,1,0,3,4,4,0,3,0,3711,6,1
1,1,1,1,5,4,2,1,3,1,2923,4,1
8,3,3,5,4,5,2,0,3,3,1851,5,1
5,2,2,5,6,5,5,0,0,0,2103,0,1
4,0,2,1,6,4,1,0,3,0,4720,7,1
3,1,0,3,4,2,5,1,3,3,1097,9,1
8,0,2,0,6,6,0,1,2,1,4601,0,1
3,3,2,3,1,4,3,1,1,0,1424,10,1
5,3,1,5,7,6,3,1,3,3,2242,2,1
8,2,2,7,5,3,1,1,3,3,4922,2,1
5,3,3,5,7,5,3,1,0,0,540,3,1
8,0,3,0,6,6,4,0,3,1,3574,2,1
5,0,1,0,5,4,2,0,1,1,573,5,1
8,2,0,3,5,6,3,1,3,2,4018,10,1
2,2,2,0,5,6,5,1,3,0,1773,0,1
8,2,1,4,6,6,1,1,0,0,4663,7,1
3,3,3,3,7,4,1,1,2,0,576,3,1
7,0,3,3,6,3,0,0,0,0,2709,8,1
8,3,1,6,1,1,5,0,2,0,4113,7,1
7,2,2,5,4,6,1,0,2,2,3375,7,1
6,2,2,6,2,1,0,0,2,2,4912,8,1
7,2,0,5,2,6,4,1,3,0,1436,6,1
8,1,1,8,4,6,0,1,1,1,2113,9,1
6,2,1,2,1,3,2,0,0,0,1291,6,1
7,0,2,5,2,2,4,0,2,2,2206,9,1
2,2,0,0,5,2,1,1,2,2,1382,5,1
8,0,1,1,7,6,5,1,2,0,3015,3,1
6,2,2,4,7,5,5,0,0,0,3529,2,1
3,3,1,2,6,5,1,1,3,1,4259,2,1
4,1,2,0,7,4,4,1,0,0,1683,3,1
7,2,0,4,2,1,2,0,0,0,487,5,1
3,0,1,0,6,2,0,0,3,0,2778,7,1
2,2,0,1,2,3,2,0,0,0,3942,0,1
1,0,1,1,7,4,0,1,0,0,740,10,1
7,3,0,0,7,3,5,0,0,0,2967,8,1
2,1,1,1,1,2,2,1,1,0,3497,6,1
1,0,1,1,2,3,5,1,0,0,2225,2,1
2,1,1,0,1,1,5,0,0,0,4963,0,1
8,0,3,8,8,3,4,0,1,1,1242,3,1
3,0,0,0,4,3,3,1,2,2,4015,8,1
2,2,0,1,6,4,1,1,2,1,1306,3,1
6,2,1,2,5,2,0,1,3,0,1188,3,1
2,1,2,0,7,2,5,1,3,3,1600,5,1
4,2,1,4,7,6,1,1,0,0,2111,10,1
3,1,2,0,3,4,1,1,2,1,2998,5,1
1,1,1,1,8,1,4,1,2,0,3583,2,1
4,1,1,2,3,4,0,0,1,0,2160,9,1
2,0,2,0,6,5,3,1,0,0,1042,1,1
6,1,1,6,8,1,1,1,2,2,2454,10,1
5,2,0,1,1,2,4,1,3,3,2299,5,1
5,2,1,0,7,3,3,0,0,0,834,1,1
1,0,0,1,4,4,5,0,3,1,4727,7,1
6,3,0,3,4,1,1,0,0,0,1966,5,1
7,0,0,0,2,5,3,1,2,2,1319,7,1
2,0,0,0,7,4,4,1,2,0,4605,9,1
7,3,2,7,6,6,3,0,0,0,2972,0,1
3,2,2,2,5,3,0,0,1,0,1159,6,1
3,1,3,3,5,2,1,1,3,3,3561,7,1
3,2,3,3,4,4,5,0,0,0,2731,2,1
6,2,3,1,2,6,4,1,3,0,1741,3,1
8,0,3,0,8,4,5,1,0,0,3930,6,1
4,3,1,2,2,2,4,0,1,1,3677,8,1
5,2,0,5,1,5,3,1,3,1,1730,5,1
8,1,0,7,2,4,5,1,1,0,1049,7,1
7,1,1,6,5,3,3,1,0,0,4657,5,1
6,3,0,6,6,2,4,1,1,0,1209,1,1
1,0,0,0,2,1,4,0,0,0,4167,4,1
5,2,2,2,7,5,1,1,3,1,4777,5,1
1,1,1,1,3,1,1,1,3,2,4335,10,1
2,1,2,1,7,6,3,1,2,1,4612,9,1
6,3,2,6,6,6,4,1,1,1,1632,2,1
4,0,3,0,8,6,3,1,1,0,471,6,1
6,0,2,6,5,3,5,0,1,1,3956,9,1
1,1,0,1,6,5,1,0,3,0,1550,5,1
5,1,3,3,4,6,2,0,1,0,2706,4,1
5,1,0,3,6,3,1,1,3,2,2223,5,1
6,2,2,1,6,1,0,0,0,0,690,10,1
8,0,1,8,6,3,1,1,2,1,2946,0,1
8,1,3,8,6,4,5,0,0,0,1735,10,1
1,1,0,1,5,1,4,0,1,0,4001,4,1
1,0,0,1,4,1,4,0,3,2,2276,3,1
7,2,3,1,8,6,3,0,2,2,4281,10,1
1,0,1,0,2,5,1,1,1,0,1708,4,1
6,3,2,1,8,1,4,1,1,1,595,2,1
3,0,3,3,7,6,2,1,0,0,1894,8,1
7,1,0,1,2,4,2,0,0,0,987,10,1
6,2,3,2,4,4,5,0,3,3,780,3,1
2,2,0,2,7,5,3,0,2,0,3611,1,1
1,1,0,0,7,2,3,0,2,1,3186,6,1
8,0,3,0,4,1,4,1,2,0,3578,10,1
7,3,2,4,6,3,4,1,0,0,2850,4,1
3,3,0,1,2,6,1,0,1,1,1110,5,1
6,1,1,6,4,5,1,1,0,0,2570,2,1
7,1,1,2,1,6,3,1,0,0,689,9,1
7,2,1,1,6,2,3,0,1,0,3903,10,1
4,3,3,0,3,3,2,1,0,0,407,6,1
2,0,0,2,1,2,5,1,1,0,2450,4,1
7,2,1,1,3,4,4,1,1,1,2811,3,1
6,3,3,6,3,4,2,1,0,0,3295,2,1
8,2,1,8,2,4,2,0,2,2,2024,6,1
6,2,1,1,5,5,0,1,2,0,4565,1,1
1,1,0,1,7,4,2,1,0,0,2071,6,1
2,2,1,1,6,4,0,0,1,1,2878,4,1
1,1,0,0,8,4,2,0,3,1,2716,6,1
1,1,1,0,5,6,5,0,3,2,995,0,1
1,1,0,0,7,5,3,1,1,1,2686,2,1
7,3,3,1,1,6,5,0,3,0,628,8,1
3,1,3,0,6,5,5,1,3,0,1216,0,1
4,0,0,0,2,1,0,0,1,1,3064,0,1
7,1,3,0,8,1,2,0,3,0,2899,3,1
7,1,1,1,7,5,3,0,1,0,3001,10,1
5,2,3,3,6,3,5,1,0,0,529,9,1
6,1,2,4,7,5,0,0,3,1,1784,10,1
7,3,2,6,8,2,4,1,2,1,3260,1,1
5,2,2,0,2,3,5,1,1,1,1007,1,1
6,1,3,1,8,2,5,0,3,2,3373,5,1
4,3,0,1,1,4,2,0,3,0,2733,5,1
2,0,0,2,3,4,2,0,1,0,4900,3,1
4,0,0,0,2,3,1,1,0,0,3954,5,1
7,1,3,7,7,5,0,0,0,0,3883,10,1
8,0,3,8,7,5,4,1,2,2,1722,4,1
4,0,1,3,4,2,4,0,0,0,2824,5,1
8,1,0,3,5,3,2,0,3,3,4145,1,1
7,3,1,1,2,2,4,0,3,1,4276,5,1
4,1,3,4,5,1,2,1,3,1,1316,1,1
8,0,1,0,5,1,3,0,3,3,4847,6,1
8,0,1,7,6,4,4,1,3,3,3846,6,1
2,0,1,2,5,3,0,0,0,0,1576,9,1
5,3,2,1,5,3,0,1,2,1,1382,8,1
5,2,0,5,7,1,2,0,3,3,4487,6,1
4,1,0,3,5,3,4,1,0,0,3967,9,1
3,0,1,2,8,4,0,0,1,1,3099,6,1
8,0,0,3,8,5,5,1,2,2,2335,10,1
4,3,0,2,7,2,1,1,0,0,1331,8,1
4,0,2,1,5,5,1,0,2,2,4298,6,1
1,1,0,0,3,5,5,0,1,1,4427,4,1
3,1,0,3,8,6,3,1,3,3,525,0,1
5,3,0,5,8,6,3,0,3,3,3912,3,1
8,1,1,7,7,5,2,1,2,2,3202,9,1
6,2,0,4,7,6,5,1,0,0,2451,6,1
7,1,0,3,2,1,0,1,3,1,2155,10,1
2,0,1,1,1,5,5,0,1,0,1148,3,1
7,1,2,5,3,2,2,0,1,0,2318,0,1
2,0,2,0,2,2,4,1,2,2,3714,3,1
3,2,1,1,7,1,2,1,2,2,4748,2,1
2,0,0,2,3,4,5,1,0,0,4138,9,1
2,2,1,2,6,2,2,1,2,2,3052,3,1
1,1,0,0,3,6,2,0,3,1,4613,0,1
4,0,2,0,6,1,2,0,0,0,4578,1,1
2,1,2,0,6,5,2,0,1,1,2211,6,1
7,2,1,4,5,2,5,0,2,2,1339,2,1
1,0,1,0,4,3,2,0,3,2,2802,7,1
4,1,2,2,8,2,4,1,3,3,4424,2,1
7,1,1,3,1,5,4,1,0,0,1079,1,1
6,0,3,6,1,3,0,0,2,2,2372,8,1
1,0,0,0,6,5,4,1,3,3,2475,3,1
2,1,2,2,8,2,2,1,0,0,1610,5,1
1,0,1,0,4,2,4,1,1,1,1613,9,1
1,0,0,1,8,6,0,1,0,0,3829,3,1
3,0,1,0,8,2,1,1,1,1,2883,2,1
3,3,1,3,3,6,4,1,2,1,1685,7,1
8,3,2,8,6,5,2,0,0,0,3177,0,1
7,3,1,4,2,2,4,1,0,0,4821,6,1
1,0,0,1,2,5,2,0,3,1,1148,2,1
7,0,0,5,4,5,4,0,2,0,726,4,1
6,1,2,4,3,3,2,0,2,0,1516,6,1
7,2,2,3,3,3,0,0,3,2,2504,0,1
6,0,3,2,5,4,5,0,2,2,3302,7,1
6,0,2,4,4,2,4,0,0,0,3082,1,1
5,1,2,2,1,6,4,0,1,1,1377,6,1
5,3,2,4,5,1,5,1,3,0,980,5,1
8,2,0,0,1,4,5,0,1,1,3610,3,1
6,0,1,4,5,3,2,1,3,2,4594,4,1
7,3,1,2,1,4,4,0,2,0,2761,4,1
8,1,3,5,7,5,5,0,1,1,2393,1,1
3,3,2,2,3,3,5,0,1,0,3130,5,1
3,0,2,0,5,3,5,0,1,1,366,10,1
6,3,2,5,5,3,4,0,1,0,1144,0,1
3,3,3,3,6,4,1,1,0,0,2659,1,1
5,1,1,5,7,2,1,1,3,2,2576,10,1
8,2,1,3,3,3,3,1,0,0,608,8,1
8,3,2,8,2,2,3,1,2,1,1846,6,1
2,1,1,0,8,1,1,1,2,1,2679,10,1
8,3,0,3,6,4,1,0,2,0,493,2,1
8,3,1,4,4,6,5,1,1,1,3083,5,1
5,2,1,5,2,3,3,1,3,3,1791,9,1
1,1,0,1,1,3,0,0,0,0,839,8,1
2,1,0,2,6,6,2,1,2,1,3824,10,1
4,2,3,1,4,1,3,1,2,2,3838,7,1
6,1,3,1,8,5,1,1,0,0,4656,5,1
6,1,0,4,4,1,4,1,0,0,2374,10,1
8,1,2,7,3,5,4,1,0,0,4985,7,1
5,0,2,4,8,3,1,1,0,0,4309,2,1
7,0,0,0,6,3,0,1,0,0,1183,5,1
2,2,1,0,8,1,3,1,3,3,4000,3,1
8,3,3,7,2,6,2,1,2,0,3173,3,1
1,1,1,0,6,4,1,0,2,0,747,0,1
7,2,0,6,8,5,0,0,1,0,4974,0,1
6,2,0,0,4,1,3,1,3,0,3346,8,1
7,0,3,4,7,4,2,0,2,1,1989,4,1
8,0,0,7,1,6,5,0,2,1,4210,4,1
3,2,3,2,1,1,5,1,0,0,4030,6,1
2,1,0,1,5,6,5,0,1,1,2697,7,1
5,3,2,3,6,2,1,1,1,0,2561,7,1
5,2,2,2,8,6,4,0,1,1,1781,2,1
5,2,1,5,2,6,2,0,2,2,1650,1,1
3,2,3,3,5,3,1,0,0,0,1834,2,1
3,1,0,3,2,2,1,0,1,1,4672,9,1
1,1,0,1,6,3,1,1,3,3,452,4,1
7,0,2,3,7,2,1,1,2,2,4249,5,1
4,3,1,0,1,2,4,0,2,2,4220,2,1
5,1,2,5,3,4,0,0,3,3,759,7,1
1,1,0,1,2,4,3,1,0,0,4313,3,1
1,1,0,0,3,6,5,1,3,3,510,5,1
8,1,0,0,1,4,5,0,1,0,764,9,1
5,0,0,0,2,1,3,1,0,0,2444,9,1
3,2,3,1,3,4,2,0,0,0,4234,8,1
5,3,1,1,6,2,0,1,0,0,2942,2,1
6,0,1,2,3,3,1,0,3,0,4106,2,1
4,3,2,0,7,6,3,0,3,2,4648,1,1
3,0,2,2,6,4,3,1,0,0,1245,5,1
6,2,0,3,4,6,2,0,1,1,4682,0,1
3,1,3,3,5,1,4,0,2,0,4019,6,1
3,2,2,2,5,4,1,0,0,0,2583,5,1
3,2,2,3,7,6,5,0,3,2,4163,4,1
6,1,1,4,4,5,5,1,1,1,1343,9,1
5,2,3,4,4,2,1,0,0,0,1770,10,1
6,1,3,3,5,2,1,0,2,1,1579,4,1
7,1,3,6,5,3,1,1,2,1,2284,9,1
7,1,3,4,4,3,0,0,2,2,3801,10,1
8,3,2,3,2,2,2,0,3,2,3737,8,1
8,1,0,8,6,2,3,0,3,1,3660,8,1
2,2,1,1,6,1,2,1,1,0,324,6,1
6,3,2,4,2,1,1,0,0,0,3408,6,1
6,1,0,4,6,3,4,1,1,0,2281,1,1
3,1,3,0,5,1,4,0,2,2,2387,3,1
4,3,3,1,4,3,2,1,2,1,3140,2,1
3,0,2,0,4,1,4,0,0,0,1167,10,1
3,0,0,2,2,3,2,0,3,0,3333,1,1
5,0,1,4,3,4,2,1,1,0,841,3,1
8,3,0,4,6,6,3,1,3,3,1073,10,1
4,2,2,3,5,1,2,1,0,0,1096,3,1
1,1,0,0,5,3,2,1,1,0,3817,0,1
2,2,0,0,3,1,2,0,0,0,4128,0,1
5,1,0,0,1,2,0,0,0,0,4667,3,1
1,1,0,1,6,5,3,1,3,3,3852,4,1
2,2,0,0,2,4,4,0,3,2,4635,7,1
1,1,1,1,8,5,2,1,1,0,4649,8,1
6,0,0,6,2,1,2,1,0,0,1330,6,1
2,1,0,1,4,4,5,1,1,1,1715,7,1
6,0,0,6,6,3,3,0,2,0,1331,3,1
6,2,0,3,2,4,1,1,1,0,4615,0,1
5,3,3,2,7,5,3,0,1,0,1176,3,1
2,0,2,1,5,2,2,1,3,2,3760,0,1
8,3,1,8,2,1,1,1,0,0,3792,3,1
4,0,2,3,1,4,4,1,2,0,3276,8,1
2,2,0,1,6,5,5,0,2,0,1300,0,1
1,1,1,0,3,1,4,0,1,1,1201,10,1
4,2,2,0,2,4,1,1,2,1,3202,1,1
1,1,1,1,8,6,1,0,3,2,2875,9,1
1,0,1,0,7,2,5,1,2,2,1011,4,1
2,0,1,1,7,2,4,0,2,2,3067,2,1
4,1,3,2,5,4,1,1,1,0,1970,9,1
2,1,1,0,2,5,5,0,2,0,3483,4,1
3,0,2,1,1,5,2,0,1,1,4786,3,1
5,1,1,0,2,2,0,0,0,0,868,3,1
1,0,1,0,7,3,0,0,0,0,2403,5,1
1,0,0,1,2,3,0,0,1,0,4831,1,1
7,3,3,6,7,5,0,1,2,1,3329,8,1
6,1,2,2,6,5,5,1,2,0,312,10,1
1,1,1,0,6,6,4,1,1,1,668,10,1
6,2,3,0,8,2,4,0,2,1,1439,6,1
3,0,0,0,3,6,1,0,3,2,1986,10,1
1,0,0,1,3,6,4,0,0,0,4670,6,1
2,2,1,1,5,4,4,1,3,1,2195,7,1
4,1,2,1,4,6,5,1,2,0,3396,0,1
5,2,2,2,8,2,3,0,1,1,4099,9,1
3,3,1,1,2,6,0,1,3,0,4437,4,1
7,1,2,1,1,3,0,1,1,1,728,5,1
1,0,0,1,5,2,1,1,0,0,4968,1,1
7,3,0,0,1,3,2,1,3,3,1554,8,1
1,1,1,0,3,4,1,1,2,2,627,3,1
2,1,0,1,4,4,1,0,3,3,3632,1,1
3,3,0,3,7,4,3,0,1,1,4800,7,1
3,2,1,0,6,6,2,0,1,0,556,9,1
5,2,3,4,5,6,1,1,3,0,3630,1,1
6,2,3,0,8,1,0,0,1,0,4466,0,1
8,0,2,7,4,4,0,0,2,0,1871,7,1
6,1,2,0,4,2,0,0,2,2,4770,5,1
6,0,0,4,6,1,1,0,3,2,4361,9,1
8,1,1,1,5,3,3,1,2,1,1807,3,1
3,1,1,0,4,2,2,1,0,0,1390,2,1
5,3,1,3,6,2,2,0,2,1,3244,0,1
2,0,1,2,7,5,2,1,2,0,2097,10,1
8,3,1,8,5,2,3,0,0,0,3095,8,1
2,1,1,1,6,2,5,1,1,0,2013,3,1
6,2,2,1,2,2,1,0,2,1,993,9,1
1,1,0,0,3,4,3,1,1,1,466,5,1
5,1,2,3,3,1,1,0,2,0,4451,4,1
6,0,3,4,6,5,2,0,0,0,813,6,1
2,1,2,2,2,3,1,1,2,1,4696,1,1
3,3,3,3,8,3,1,0,0,0,3020,6,1
5,2,1,0,7,3,0,0,2,2,4320,2,1
4,3,3,4,2,1,0,0,1,1,2721,10,1
1,1,1,0,5,5,3,1,0,0,1182,9,1
6,0,3,0,5,1,4,1,0,0,478,4,1
5,3,0,3,7,1,5,0,1,0,3121,4,1
6,3,0,4,2,3,0,1,3,3,2060,5,1
8,1,2,4,1,1,0,0,3,3,4232,10,1
6,0,2,2,8,4,0,1,3,1,1101,1,1
4,0,0,1,3,2,3,0,3,2,637,4,1
3,2,2,2,4,4,5,1,1,1,3770,3,1
2,0,0,1,4,4,3,0,0,0,1510,8,1
8,1,1,7,1,3,0,0,1,0,371,3,1
3,2,2,1,2,4,4,0,2,0,1211,6,1
2,0,2,0,1,3,3,1,1,1,3940,7,1
4,2,2,1,7,6,0,1,0,0,2795,5,1
4,3,2,4,6,6,4,1,1,0,2940,8,1
4,1,2,0,7,6,3,1,1,0,4215,2,1
1,0,1,1,7,2,5,1,2,0,3468,9,1
7,3,1,2,1,5,1,1,0,0,2497,4,1
4,3,2,1,6,4,2,0,2,2,4558,8,1
5,2,1,1,1,5,1,1,1,0,2153,10,1
6,3,2,6,7,5,1,0,0,0,4770,5,1
5,1,1,1,2,4,3,1,2,2,3932,3,1
3,0,0,0,2,4,1,0,0,0,656,6,1
4,1,0,3,8,4,2,1,2,2,3167,8,1
5,3,2,1,3,6,0,1,0,0,640,1,1
1,1,1,0,5,2,4,0,0,0,2341,1,1
7,3,1,3,2,3,0,0,1,1,542,2,1
1,1,0,1,5,5,4,0,2,2,776,1,1
8,3,1,7,7,1,3,1,1,1,4620,0,1
4,3,3,4,7,3,4,0,0,0,4871,6,1
1,1,1,1,3,1,3,1,3,1,4993,6,1
2,1,1,2,6,2,1,1,3,3,2693,1,1
5,3,0,3,3,1,0,0,1,0,1381,2,1
3,0,3,3,2,1,0,0,0,0,1913,7,1
2,0,2,0,8,4,3,1,3,1,2635,1,1
3,2,0,0,2,4,4,0,1,1,3142,5,1
8,1,1,3,6,6,1,1,2,0,2858,1,1
8,2,1,3,3,2,0,1,1,0,2526,9,1
4,1,2,4,2,1,2,0,3,1,3440,5,1
3,2,1,1,7,6,3,0,1,0,2113,4,1
8,1,3,0,4,5,1,0,0,0,4616,4,1
7,2,0,5,8,6,1,1,3,0,3566,3,1
3,3,3,0,8,4,0,0,1,1,1261,10,1
7,2,1,1,1,2,1,1,2,1,3320,8,1
2,2,1,0,2,1,5,1,3,0,4483,8,1
1,1,0,1,8,2,4,1,3,0,1440,6,1
8,0,2,4,7,2,2,0,1,0,4901,6,1
1,0,0,1,4,1,0,1,1,0,361,0,1
3,3,3,1,6,1,3,1,0,0,4072,9,1
7,1,1,1,6,4,5,0,0,0,4295,10,1
3,0,1,2,6,6,3,0,1,0,2789,9,1
8,2,2,8,1,4,0,1,2,0,3003,6,1
7,0,3,4,7,4,5,1,0,0,4715,0,1
6,1,2,3,8,6,0,1,3,0,558,7,1
7,3,1,4,4,3,4,1,2,2,1755,5,1
8,0,3,7,6,4,2,0,0,0,1469,1,1
7,0,2,7,6,5,0,0,0,0,4986,8,1
5,3,2,3,3,3,1,1,3,2,2238,6,1
3,2,1,0,6,1,5,1,1,1,2082,2,1
5,3,1,0,5,2,4,0,2,1,3092,7,1
2,2,0,0,7,3,2,1,0,0,2801,2,1
4,0,1,3,7,6,5,1,0,0,4638,6,1
6,1,1,5,7,3,5,0,0,0,707,3,1
8,3,3,0,3,1,1,0,0,0,4872,5,1
3,2,0,1,2,1,2,0,0,0,4275,3,1
8,3,0,2,3,2,5,0,0,0,1647,7,1
6,3,0,0,1,6,1,1,3,1,2787,0,1
6,2,2,3,4,5,5,0,1,1,2834,5,1
2,0,1,1,1,3,1,1,1,0,3637,9,1
5,1,1,3,5,3,0,1,1,0,3237,0,1
5,2,2,0,3,1,4,0,3,2,345,5,1
7,2,2,0,1,5,5,0,2,1,336,6,1
6,1,0,5,4,4,1,0,3,1,4673,4,1
4,0,0,3,6,3,3,0,0,0,2166,5,1
6,1,0,4,6,5,4,1,1,0,4377,2,1
3,2,1,0,2,1,5,0,0,0,741,4,1
5,2,2,4,5,1,3,1,2,2,4389,0,1
4,0,1,3,3,6,2,0,3,0,2072,5,1
5,2,1,5,6,4,0,1,2,1,2835,2,1
4,0,3,2,8,1,4,1,1,0,4432,10,1
5,2,0,4,7,6,2,1,2,0,576,5,1
7,1,1,2,2,6,5,0,1,0,1720,10,1
5,1,3,2,4,6,5,0,1,0,4300,2,1
7,3,3,1,1,4,2,0,2,1,4967,3,1
6,1,2,6,8,2,0,1,0,0,971,5,1
7,2,2,5,5,4,3,0,2,2,710,7,1
3,1,1,2,5,1,5,1,0,0,4263,7,1
1,0,1,0,4,4,3,1,3,2,2469,5,1
6,2,3,6,7,3,3,0,1,1,570,0,1
6,3,0,5,5,2,1,0,3,3,4810,1,1
5,3,3,2,7,5,3,1,1,1,3650,7,1
8,3,1,6,2,5,0,0,2,2,4029,5,1
4,3,0,0,3,4,3,1,1,1,1948,6,1
8,2,2,1,6,3,5,0,3,2,2367,4,1
6,0,3,1,5,5,0,0,0,0,1524,1,1
2,2,2,2,3,2,5,0,1,0,882,4,1
1,0,1,0,2,2,4,0,3,2,2847,2,1
5,1,3,4,3,4,1,1,1,0,3715,7,1
3,0,0,0,1,4,0,1,3,1,815,5,1
2,2,0,0,1,5,5,0,1,0,1417,10,1
3,2,2,3,1,4,4,0,2,1,2695,2,1
5,1,1,1,2,2,1,0,2,2,4576,7,1
4,0,1,0,1,6,5,0,3,2,691,5,1
6,1,2,1,6,2,0,1,1,1,4716,0,1
5,2,2,2,3,5,3,0,2,0,1109,9,1
5,1,3,1,2,5,2,0,3,0,2669,8,1
1,1,1,0,6,1,1,0,2,0,1463,5,1
6,1,2,1,6,6,0,0,0,0,3180,8,1
2,0,0,1,6,1,2,0,2,2,4431,1,1
6,0,3,2,2,6,1,0,2,2,4317,9,1
5,1,2,2,5,1,5,1,3,1,4301,2,1
6,3,0,0,1,1,1,0,2,0,3561,6,1
1,0,0,1,8,4,3,0,2,0,4053,10,1
5,1,1,3,1,4,3,0,1,1,3445,10,1
2,0,2,0,7,4,4,0,3,1,2645,7,1
2,0,1,1,2,3,4,1,1,0,2913,10,1
8,0,3,8,8,4,3,1,1,1,3521,8,1
4,0,0,4,8,4,0,0,2,1,4903,0,1
7,0,1,0,8,3,2,0,3,3,2202,0,1
4,3,1,0,5,6,0,0,2,0,3509,1,1
7,2,3,3,3,5,5,0,2,2,596,4,1
6,1,1,3,2,4,0,1,3,0,452,8,1
4,3,1,3,2,2,0,0,1,1,2218,4,1
3,3,3,3,6,6,4,0,0,0,1695,8,1
8,2,3,7,5,1,4,1,0,0,4091,8,1
3,1,1,3,1,2,4,1,3,0,4863,3,1
4,0,2,1,8,4,3,1,3,2,2462,0,1
4,0,1,0,5,4,3,0,3,1,2091,3,1
8,3,0,1,3,2,1,0,1,1,4369,1,1
7,2,1,6,7,2,3,0,0,0,917,8,1
1,1,0,0,7,5,2,0,0,0,738,1,1
6,3,3,1,8,6,5,1,1,1,4635,0,1
6,1,2,2,3,1,1,1,0,0,779,0,1
5,1,2,5,5,1,1,0,2,1,2820,4,1
3,2,1,3,6,1,5,1,2,1,841,5,1
4,2,2,3,5,4,0,0,3,2,2644,9,1
4,2,0,0,3,2,3,1,1,1,3499,7,1
2,1,2,0,4,3,2,1,0,0,1333,5,1
2,1,0,1,7,3,5,1,3,0,1058,9,1
7,3,1,3,4,1,3,0,1,1,3095,2,1
4,0,0,1,6,6,5,1,3,1,3930,10,1
8,0,3,2,8,4,4,1,3,2,4289,1,1
1,1,0,1,4,2,0,1,3,0,4153,6,1
1,1,0,0,1,5,1,0,1,0,607,2,1
4,1,2,1,5,6,3,0,1,0,4474,8,1
8,0,0,5,2,4,3,0,0,0,2715,1,1
1,0,0,0,2,4,2,0,1,0,4347,8,1
3,0,3,0,7,3,2,0,0,0,4416,3,1
4,1,3,3,4,2,3,1,2,1,2280,7,1
7,2,1,2,8,4,5,1,1,1,2655,5,1
7,1,2,2,6,2,3,1,3,3,2813,1,1
8,3,0,6,8,6,2,0,3,3,650,10,1
1,1,0,0,8,6,1,0,2,0,4908,9,1
1,1,0,1,8,2,2,0,0,0,2664,5,1
5,2,2,5,1,6,1,0,0,0,455,2,1
7,1,1,6,3,1,3,0,3,0,4296,8,1
3,0,2,1,8,3,1,1,1,0,1779,7,1
6,3,0,3,3,4,2,1,1,1,3871,6,1
1,1,1,0,7,6,1,1,0,0,2430,10,1
7,1,1,0,2,5,5,0,2,2,2472,0,1
5,1,2,4,3,1,5,0,3,1,3247,10,1
7,1,0,4,7,5,3,1,1,1,1028,0,1
3,2,0,2,4,2,0,1,2,0,525,7,1
2,0,0,1,3,2,0,0,0,0,3196,10,1
8,1,0,8,5,4,1,1,3,1,2881,8,1
7,1,3,0,1,5,4,0,2,1,4504,9,1
4,3,3,2,3,2,3,1,0,0,764,2,1
6,3,2,6,8,5,4,0,2,1,4987,4,1
7,0,0,4,4,5,5,0,2,1,1839,10,1
2,0,0,0,7,2,4,1,2,0,3302,2,1
4,3,0,4,1,6,0,0,0,0,3036,2,1
6,2,2,2,1,5,4,1,0,0,1305,2,1
7,3,3,4,8,6,5,0,3,0,1924,10,1
8,0,2,8,2,6,0,0,2,1,3029,0,1
6,3,0,1,7,5,5,0,3,3,1773,4,1
7,0,0,4,7,3,2,1,3,3,4461,7,1
1,0,0,0,1,3,1,1,0,0,4627,7,1
6,2,1,4,4,5,3,1,1,1,779,8,1
6,0,0,3,8,1,2,0,3,2,3439,0,1
1,0,1,1,7,1,2,0,2,2,762,8,1
8,3,1,4,8,1,2,1,0,0,1877,3,1
5,1,3,0,3,6,1,0,3,0,2988,1,1
5,2,1,3,5,5,5,0,0,0,3157,10,1
5,0,2,5,3,1,0,0,3,1,2405,7,1
2,2,0,1,3,1,0,1,0,0,1616,4,1
7,3,0,3,4,2,5,1,2,1,4849,3,1
8,1,3,3,7,1,0,0,0,0,309,10,1
1,0,1,0,2,5,3,1,2,1,3126,7,1
1,0,0,0,2,3,3,0,0,0,4873,10,1
7,2,3,4,4,2,0,1,1,1,4054,3,1
5,1,2,5,2,3,5,1,3,3,3706,10,1
6,3,3,6,1,1,3,0,2,0,492,0,1
2,1,0,2,3,2,4,0,0,0,3027,0,1
3,0,2,0,8,1,5,1,2,2,3652,4,1
5,3,0,4,7,2,2,0,1,0,3164,4,1
4,2,2,3,2,5,1,0,2,0,1121,8,1
7,3,3,2,1,2,1,0,0,0,685,6,1
2,1,2,0,3,6,3,1,3,2,4501,10,1
1,0,1,1,6,6,5,0,3,2,3314,9,1
7,2,3,2,5,4,1,1,1,1,2552,3,1
1,0,1,1,2,5,3,0,3,2,4095,2,1
6,0,2,0,5,3,4,0,2,2,3042,5,1
7,1,3,5,3,2,4,1,3,2,3602,7,1
8,1,3,3,1,3,3,1,1,1,2699,6,1
2,0,1,1,4,3,2,1,0,0,4420,5,1
5,0,1,1,1,4,2,0,0,0,744,9,1
7,1,1,1,7,1,3,1,1,1,4616,4,1
3,2,3,3,2,1,0,1,0,0,1082,7,1
8,2,0,7,8,4,5,0,3,0,3258,6,1
1,0,1,0,7,6,4,0,1,0,3716,10,1
7,1,2,5,4,1,5,0,3,3,3662,9,1
5,2,3,5,6,6,2,0,0,0,2375,6,1
7,0,0,4,7,5,5,1,2,2,4191,3,1
7,3,1,0,5,1,1,1,1,1,4667,6,1
6,1,1,0,6,5,3,0,0,0,3655,9,1
5,1,0,4,4,3,1,1,0,0,1563,8,1
4,0,1,2,2,1,0,1,3,1,1831,9,1
5,0,1,0,7,1,5,0,3,0,834,3,1
6,2,3,1,6,2,3,0,2,2,4783,0,1
7,3,0,2,8,2,4,1,3,3,2706,2,1
8,1,0,8,7,1,1,0,3,2,2190,1,1
4,1,0,1,6,5,5,0,3,3,3114,2,1
7,3,0,3,1,3,5,1,3,3,4127,3,1
2,2,0,0,2,6,2,1,1,0,3818,6,1
3,2,3,1,1,2,3,1,2,2,409,1,1
4,1,3,1,1,3,1,0,1,1,443,5,1
7,1,0,7,7,5,4,0,1,1,830,8,1
8,3,2,4,1,3,3,1,3,3,4258,5,1
8,3,0,1,6,1,0,0,1,0,2643,0,1
2,1,1,0,7,2,0,0,3,3,3552,4,1
8,0,0,4,8,1,0,1,2,0,3726,7,1
2,2,2,2,2,3,3,1,2,1,851,10,1
7,2,3,1,6,4,3,0,2,0,2675,7,1
3,3,1,2,3,6,1,0,0,0,4286,6,1
5,1,0,4,8,4,1,1,1,0,1684,7,1
6,2,1,5,7,2,1,1,0,0,1331,1,1
1,0,0,0,6,5,2,0,3,1,2767,3,1
6,2,2,3,4,3,3,0,0,0,1107,0,1
4,1,0,0,1,6,4,0,3,1,1937,10,1
8,3,0,0,7,4,0,1,0,0,605,4,1
5,2,1,0,6,2,3,1,0,0,3015,9,1
8,0,0,6,8,3,1,0,0,0,3042,1,1
1,1,0,0,6,6,4,1,2,2,4915,2,1
3,3,1,3,8,4,4,0,2,2,923,10,1
4,0,1,0,4,6,4,0,2,0,1904,1,1
1,1,1,1,7,4,5,0,2,0,2752,8,1
6,0,3,5,5,2,4,0,0,0,4518,7,1
6,0,2,1,1,6,4,0,2,2,1996,4,1
3,1,2,3,6,6,2,0,2,1,4835,7,1
2,2,0,2,4,4,4,1,1,0,652,6,1
3,2,1,1,1,3,4,1,0,0,4782,8,1
8,1,0,0,5,6,3,1,0,0,905,1,1
4,1,2,1,5,1,3,1,1,0,1224,7,1
2,0,2,0,3,6,3,1,2,1,2067,0,1
8,3,0,8,2,3,3,1,2,2,3592,6,1
1,1,0,1,6,6,2,0,2,0,3696,5,1
6,1,3,5,8,1,3,1,0,0,3130,9,1
7,0,3,2,1,5,4,0,2,2,3479,9,1
4,2,1,4,4,2,5,1,1,1,800,3,1
7,0,0,5,7,4,0,0,3,0,1109,4,1
5,1,2,2,3,6,4,1,3,2,3274,6,1
3,2,0,0,8,4,2,0,1,1,1959,10,1
2,0,2,2,8,5,0,1,0,0,2256,6,1
5,2,2,2,5,2,2,1,2,1,4784,0,1
6,1,3,1,7,3,1,0,1,1,2115,1,1
4,1,1,3,1,1,5,0,2,0,315,9,1
5,1,0,3,6,1,5,1,1,1,4304,6,1
3,2,1,2,4,2,0,0,2,0,3140,9,1
6,2,1,3,6,6,0,1,3,3,1101,0,1
7,2,3,2,8,6,3,1,0,0,4730,4,1
3,2,0,2,3,4,4,0,2,1,3802,7,1
3,0,0,2,1,3,0,0,2,1,2277,9,1
3,1,2,2,4,6,3,1,0,0,3542,0,1
3,3,0,2,5,1,3,0,3,0,1314,6,1
2,2,0,2,1,2,1,1,1,1,4397,3,1
7,3,3,6,5,3,4,1,3,3,4487,0,1
8,1,1,4,2,6,3,0,2,1,4404,7,1
8,2,3,0,4,3,0,0,3,3,2308,9,1
5,1,2,1,6,6,3,0,1,1,3083,2,1
2,0,0,1,3,1,1,1,0,0,3576,0,1
1,0,1,1,4,6,0,1,0,0,1319,8,1
1,0,0,1,5,5,0,0,3,3,3080,2,1
4,1,2,0,3,5,3,0,0,0,2492,6,1
2,0,2,0,3,4,2,0,0,0,2184,9,1
7,2,3,1,3,2,3,1,1,1,4512,6,1
4,2,2,2,3,1,0,0,2,2,816,4,1
6,2,0,6,5,4,0,1,1,0,3471,8,1
2,2,2,0,4,5,4,0,2,0,2257,4,1
1,0,0,1,6,1,0,1,3,1,1669,3,1
3,0,1,2,2,2,0,1,1,0,3252,8,1
5,1,3,5,2,3,2,1,0,0,3930,10,1
3,1,2,2,3,3,3,0,1,1,2430,1,1
1,0,0,1,8,3,3,0,0,0,348,0,1
6,3,0,1,3,6,0,0,2,1,3710,6,1
3,1,0,0,8,2,1,1,2,2,3138,7,1
3,1,0,0,2,3,0,1,3,3,1136,2,1
2,0,2,0,5,2,0,0,3,2,3575,0,1
5,3,1,1,3,3,3,0,0,0,2044,8,1
8,1,1,7,3,2,5,0,3,1,4398,7,1
4,0,3,1,5,2,1,1,1,1,668,10,1
8,3,2,5,1,2,4,0,3,1,2491,9,1
6,0,2,6,7,6,5,0,3,0,3274,5,1
4,1,3,3,1,5,1,0,3,3,1553,1,1
6,2,3,6,6,6,2,1,3,2,3460,3,1
4,3,0,1,3,4,5,1,2,0,4667,7,1
7,2,1,7,5,3,5,0,3,2,300,2,1
1,0,1,0,5,5,1,1,3,3,3734,8,1
8,0,1,5,1,6,5,1,1,0,1159,1,1
5,3,0,4,5,3,4,1,0,0,2173,0,1
7,2,0,3,8,2,3,0,0,0,610,0,1
2,1,2,2,5,3,4,1,2,0,1355,3,1
6,1,2,5,7,3,1,0,2,0,980,9,1
6,1,1,1,5,1,1,0,3,3,4212,5,1
2,0,0,2,3,6,4,1,1,1,3660,0,1
6,1,2,2,3,5,4,0,1,0,4241,2,1
5,2,0,1,3,2,5,1,0,0,3210,5,1
8,2,3,8,1,5,0,1,1,0,2872,1,1
1,1,1,1,8,3,3,1,1,1,3161,10,1
3,2,2,0,6,3,3,0,2,0,4139,6,1
5,3,0,3,4,3,2,1,2,2,1486,5,1
3,3,3,2,5,3,4,0,1,1,4918,5,1
6,0,0,1,7,2,3,1,2,2,1175,2,1
1,1,0,0,8,4,4,0,0,0,3162,1,1
2,2,1,1,7,1,2,0,1,1,3975,10,1
6,3,2,0,2,2,5,0,0,0,2126,3,1
4,3,2,0,3,4,1,0,3,1,4303,2,1
8,2,1,7,8,3,5,0,1,1,3236,4,1
3,0,0,3,5,4,3,0,3,3,3527,4,1
7,1,1,1,5,2,4,1,2,0,2213,7,1
2,1,1,0,3,3,0,0,1,1,2725,0,1
2,0,0,1,8,2,3,1,1,0,3761,5,1
8,3,2,1,3,2,3,1,0,0,1926,1,1
5,2,1,4,8,5,1,0,2,1,3541,1,1
4,1,0,3,4,5,2,1,2,1,868,2,1
6,1,2,2,2,3,1,0,0,0,804,0,1
3,3,2,2,2,1,5,1,1,0,614,9,1
5,1,3,4,5,5,1,1,2,1,3311,3,1
8,0,0,5,1,3,1,1,2,1,3092,7,1
7,3,2,7,2,1,2,1,3,3,4779,10,1
8,1,3,2,5,6,3,0,3,1,469,10,1
2,0,1,1,8,2,0,0,2,1,1476,10,1
3,0,0,3,1,5,0,1,0,0,583,2,1
5,3,2,5,8,1,5,0,0,0,1000,4,1
6,1,0,4,8,2,0,0,3,0,3076,7,1
8,0,3,4,4,4,2,0,2,0,2836,0,1
6,1,1,0,3,1,0,1,1,1,4735,1,1
4,3,1,3,5,3,3,1,3,3,2462,4,1
4,2,2,0,4,1,2,1,0,0,1227,5,1
8,3,1,6,3,1,4,0,3,3,4917,8,1
6,2,3,5,7,5,0,1,1,0,3821,2,1
2,1,1,0,5,6,0,0,1,1,1546,4,1
7,0,2,5,2,4,4,1,1,0,1922,1,1
4,0,1,0,7,5,1,1,3,1,423,2,1
7,0,1,0,1,5,3,0,2,2,3408,6,1
2,0,0,1,6,1,3,0,3,0,898,4,1
6,3,3,1,4,2,3,1,2,2,1487,3,1
7,0,2,3,2,6,5,0,1,1,4653,6,1
5,2,0,5,5,5,5,0,1,0,1463,7,1
4,1,3,3,5,3,1,1,2,0,2795,2,1
7,2,1,6,1,6,4,0,1,0,1849,5,1
5,3,3,1,5,6,0,0,2,0,2124,3,1
5,2,3,3,8,3,4,0,2,1,4432,1,1
5,1,3,5,2,4,2,1,3,3,3171,9,1
7,1,2,5,5,2,0,1,0,0,2442,8,1
3,3,2,3,8,4,0,0,3,3,3659,1,1
7,3,1,0,3,5,3,1,2,1,1866,6,1
7,3,1,7,4,4,1,0,2,2,2381,3,1
2,0,1,0,1,4,2,0,0,0,494,2,1
5,2,3,4,8,5,4,1,3,0,1443,6,1
8,3,1,0,8,2,2,0,0,0,3925,3,1
7,0,1,7,1,5,1,1,1,1,1238,7,1
6,0,1,3,7,2,2,0,2,2,3421,5,1
6,0,3,6,5,6,2,0,3,1,3122,3,1
6,1,1,6,1,3,1,1,0,0,2757,9,1
1,1,1,1,2,5,0,0,0,0,591,4,1
6,0,3,3,2,6,0,1,0,0,418,2,1
3,3,0,3,8,6,2,0,1,0,4715,5,1
8,0,1,8,3,1,2,0,1,1,2233,9,1
1,1,0,1,1,6,3,1,3,1,1707,1,1
6,3,1,1,4,1,1,1,2,1,2404,7,1
8,2,3,6,8,4,3,1,1,0,1242,0,1
5,2,3,1,6,5,5,0,2,1,3771,1,1
7,3,0,0,6,5,4,1,3,2,684,7,1
6,1,0,1,8,4,4,0,1,0,1058,8,1
1,1,0,0,6,5,1,0,3,0,338,0,1
1,0,0,0,1,5,2,1,2,0,2768,3,1
2,1,1,1,2,1,1,0,2,0,1489,6,1
6,0,0,6,8,4,0,0,0,0,4927,5,1
7,3,1,0,2,2,3,1,3,3,4473,0,1
8,0,1,4,1,3,2,1,1,1,1533,9,1
6,3,2,5,3,2,4,1,2,2,1381,5,1
7,2,2,6,6,6,3,0,0,0,1375,5,1
2,2,2,0,3,1,3,0,1,1,2733,3,1
7,3,3,4,2,4,2,0,2,1,2127,6,1
4,0,1,2,5,3,5,0,1,0,4305,10,1
6,2,2,5,4,6,4,1,0,0,736,9,1
5,3,1,1,1,2,4,1,0,0,4212,5,1
3,3,1,1,2,6,0,0,2,0,4613,8,1
5,2,0,5,8,3,1,0,3,1,1886,1,1
1,0,1,1,4,3,3,1,3,1,1069,2,1
2,2,1,0,3,1,2,1,1,1,1097,10,1
5,0,0,0,1,2,2,0,1,0,1004,6,1
1,0,0,0,2,4,0,1,3,2,2476,2,1
6,0,1,4,6,1,0,0,1,0,2818,4,1
2,0,1,1,3,1,5,1,0,0,3005,1,1
2,2,0,2,5,4,3,0,0,0,1922,1,1
1,0,1,1,8,1,3,1,0,0,1040,4,1
3,1,1,3,7,4,1,1,3,1,765,6,1
4,0,2,4,6,5,5,0,3,0,2770,5,1
6,3,0,1,8,6,1,1,1,1,4433,10,1
8,2,0,7,3,3,2,1,0,0,1936,3,1
3,2,1,2,3,4,4,1,2,2,373,7,1
4,1,1,1,4,5,0,1,2,1,1819,10,1
8,1,3,4,1,4,2,0,1,1,4185,1,1
4,0,3,1,2,3,2,0,0,0,3331,7,1
7,2,0,3,6,1,1,0,1,0,1209,5,1
6,1,0,4,6,4,4,0,1,0,2195,1,1
2,0,2,0,5,2,2,1,3,3,1409,6,1
7,1,3,0,3,4,3,1,0,0,1858,0,1
5,3,3,5,1,6,1,0,0,0,4863,5,1
4,1,3,2,6,4,2,1,0,0,1356,9,1
5,3,2,0,8,2,1,0,3,0,4173,7,1
7,1,3,7,8,4,4,1,1,1,3659,1,1
3,1,2,0,5,5,0,1,1,1,991,7,1
5,3,3,0,6,1,2,0,2,1,4779,2,1
5,1,1,3,8,4,3,0,0,0,4616,5,1
5,0,0,3,7,2,0,0,2,1,539,0,1
1,1,1,1,8,6,4,0,1,1,4392,7,1
2,0,1,0,3,4,0,1,2,2,4057,6,1
5,3,1,3,8,3,4,0,0,0,4612,8,1
1,0,0,1,8,2,2,0,2,2,3676,9,1
3,1,0,1,4,1,3,1,0,0,1589,1,1
3,1,1,1,2,3,1,1,3,3,4486,7,1
3,2,0,1,2,1,3,1,1,1,2943,10,1
5,3,2,5,8,4,2,1,0,0,1692,4,1
5,1,1,3,2,1,5,0,3,2,1119,0,1
6,0,3,2,6,1,0,0,2,0,542,3,1
7,2,1,3,4,6,5,1,2,2,2608,4,1
5,3,3,3,1,5,4,1,2,2,4897,10,1
1,1,0,1,5,6,4,0,1,1,3696,10,1
3,1,2,2,4,3,5,1,2,0,2609,5,1
7,1,2,4,4,6,5,0,0,0,1237,2,1
5,2,2,3,4,2,2,1,1,0,4212,9,1
5,2,0,1,3,5,1,1,2,2,2613,8,1
8,1,1,6,7,6,5,0,3,2,1492,7,1
8,3,0,0,4,1,2,0,0,0,4478,7,1
3,1,2,0,3,6,5,1,3,3,896,10,1
1,0,1,1,2,4,4,0,2,1,2370,8,1
6,2,0,5,8,4,3,0,3,0,3493,2,1
5,1,1,0,3,4,5,0,1,1,3128,1,1
6,1,1,3,2,4,0,1,1,0,4734,9,1
4,3,3,1,6,1,2,1,0,0,3542,2,1
2,2,1,0,5,6,3,0,0,0,867,8,1
1,1,1,0,1,3,3,0,1,0,1332,8,1
2,0,2,0,4,5,1,0,3,2,4083,6,1
4,2,2,4,4,3,0,0,0,0,4420,9,1
1,1,1,1,2,6,5,1,2,1,2617,9,1
4,2,3,3,8,2,0,1,1,1,1847,6,1
1,0,0,1,8,4,0,1,0,0,959,9,1
8,2,0,7,5,2,5,0,0,0,2399,5,1
7,3,0,1,1,2,0,1,2,1,1332,5,1
8,1,2,5,6,3,3,1,3,2,594,2,1
5,0,1,0,6,5,0,1,2,1,3499,8,1
4,3,1,2,4,2,1,1,2,2,3952,8,1
8,3,0,3,2,4,2,1,3,0,4076,6,1
8,1,3,1,3,3,0,0,0,0,4629,4,1
8,0,1,4,6,4,1,1,0,0,2987,10,1
7,2,1,7,5,6,1,1,2,0,3126,5,1
8,2,1,3,5,4,2,0,0,0,1836,3,1
1,1,0,1,2,4,2,1,2,1,2577,5,1
2,2,2,1,1,3,4,1,3,2,3528,0,1
4,2,2,0,4,1,3,0,2,1,1393,5,1
2,1,0,2,7,3,3,1,1,0,3470,10,1
2,2,1,2,2,1,0,0,1,1,3040,4,1
2,2,0,0,3,2,3,1,2,0,2674,10,1
6,1,0,0,6,1,2,0,0,0,1780,4,1
8,2,1,8,5,4,4,0,2,2,4045,10,1
4,2,1,1,3,6,1,1,1,0,558,1,1
8,2,2,2,4,2,2,1,0,0,2087,9,1
6,3,1,2,6,2,5,1,0,0,3894,2,1
4,3,1,3,8,2,2,1,3,1,1837,8,1
8,3,1,5,5,4,4,0,2,0,3782,3,1
3,3,3,3,5,6,4,1,0,0,3982,5,1
6,3,2,3,8,2,0,1,3,3,3083,7,1
7,3,0,7,5,1,2,1,1,1,1762,6,1
6,0,3,0,5,4,0,1,2,1,4392,9,1
7,3,3,0,2,6,2,1,0,0,1467,0,1
4,0,3,0,4,1,5,0,0,0,4547,5,1
2,1,0,2,3,1,3,1,1,0,418,4,1
3,0,0,1,8,2,5,0,1,1,740,2,1
2,1,1,2,6,1,5,0,0,0,1081,4,1
8,3,2,2,7,1,2,0,1,1,2959,1,1
4,1,1,3,1,4,4,1,1,0,4177,10,1
8,1,2,3,1,2,0,1,3,0,4712,3,1
5,3,3,2,8,3,2,0,3,1,3646,10,1
3,0,1,2,5,1,0,1,3,1,4261,6,1
7,1,0,4,5,2,3,1,3,2,4220,5,1
1,0,1,1,1,3,5,1,1,0,2963,2,1
7,3,0,0,4,3,2,1,1,0,1216,7,1
2,0,0,1,5,4,3,1,0,0,3078,6,1
1,0,0,1,4,4,0,0,1,0,3987,10,1
6,3,2,0,7,4,4,0,2,2,1181,4,1
8,1,3,5,4,6,4,1,2,2,3817,3,1
3,2,1,1,7,6,1,1,1,0,4435,6,1
1,0,0,1,8,2,0,1,2,2,1505,7,1
1,0,0,1,1,6,0,1,3,3,1302,8,1
5,3,1,2,6,6,0,0,3,2,3987,6,1
5,0,1,4,7,6,0,0,3,2,1442,7,1
2,1,1,0,5,3,5,0,0,0,416,8,1
7,0,0,3,5,1,4,1,1,0,1329,3,1
7,0,0,0,7,4,0,1,3,3,1860,3,1
3,3,0,1,7,3,1,0,1,1,3653,8,1
5,0,3,3,7,4,0,0,2,2,3592,4,1
6,3,1,2,3,2,4,0,2,0,1561,10,1
6,1,2,2,3,5,0,1,2,1,2949,4,1
5,1,2,3,8,4,0,1,1,1,4453,2,1
8,2,0,2,7,5,1,1,1,1,3635,7,1
8,3,1,0,2,5,2,1,2,1,4945,1,1
2,0,2,2,8,2,2,0,2,1,2812,7,1
6,0,0,4,8,2,0,0,1,1,3396,4,1
1,1,0,1,5,1,3,0,2,1,808,0,1
2,0,1,1,2,4,0,0,1,0,3525,10,1
7,1,2,0,1,3,1,0,0,0,3127,1,1
1,0,1,0,4,5,2,1,0,0,2582,0,1
3,3,0,3,2,6,1,1,1,0,2086,1,1
5,1,1,4,1,3,3,1,2,2,3296,5,1
3,0,1,1,8,5,4,1,3,2,3280,5,1
2,1,0,1,5,4,3,0,2,2,4182,4,1
1,1,1,0,1,2,5,1,2,0,2947,3,1
3,0,2,1,4,6,0,1,3,0,2814,2,1
3,2,2,1,3,1,4,1,1,1,616,4,1
2,1,0,1,6,5,2,1,1,0,3881,7,1
7,1,2,1,8,3,1,0,0,0,342,8,1
5,0,2,0,1,5,4,0,0,0,1968,2,1
2,1,0,2,8,4,2,1,2,0,1979,7,1
3,1,0,3,3,5,1,1,1,1,4973,6,1
3,1,1,1,3,4,5,0,0,0,4933,10,1
7,1,0,1,7,2,0,1,2,0,4163,9,1
8,1,0,4,5,4,0,0,0,0,1957,8,1
6,2,3,2,8,2,1,1,2,0,2426,4,1
8,1,2,1,5,5,3,1,0,0,1565,8,1
5,0,3,2,5,2,3,1,1,0,4034,6,1
3,3,1,2,4,5,4,0,3,0,1599,4,1
2,0,0,0,2,6,1,0,0,0,3961,6,1
5,3,2,4,4,2,3,0,2,0,2206,1,1
5,1,2,4,5,6,2,1,2,1,4120,6,1
2,2,0,1,7,3,1,0,1,0,486,9,1
2,0,2,2,5,4,1,0,3,0,2156,1,1
4,0,1,2,7,6,5,0,3,2,4619,5,1
5,1,2,4,6,3,2,0,0,0,3876,2,1
7,3,3,0,7,5,0,0,1,1,4991,6,1
4,1,3,3,5,5,4,0,2,2,3172,10,1
3,1,3,0,6,6,3,0,3,3,1392,1,1
7,3,3,0,6,1,4,0,1,0,3088,5,1
7,2,1,7,2,1,4,1,2,2,1314,10,1
3,3,3,0,7,2,0,0,0,0,3694,6,1
3,3,2,2,4,5,2,1,3,2,491,2,1
3,3,0,0,1,3,0,1,2,0,1251,2,1
3,0,2,2,8,2,4,1,3,0,558,7,1
7,1,0,1,2,2,1,0,0,0,3905,8,1
1,1,1,1,3,1,2,0,3,3,4696,10,1
5,3,3,1,1,2,2,0,2,1,521,3,1
6,1,3,2,2,3,4,0,0,0,2009,2,1
8,2,2,5,3,3,1,1,2,2,425,5,1
5,3,1,1,7,3,5,1,1,1,3166,0,1
3,0,1,1,7,6,4,0,2,2,1361,8,1
4,0,2,3,6,6,4,0,2,0,2732,1,1
6,2,2,0,1,3,4,1,0,0,911,8,1
3,2,2,0,5,3,1,0,3,2,544,0,1
3,2,3,2,8,5,1,0,1,1,2351,1,1
6,0,2,6,2,2,5,0,3,0,1721,1,1
8,1,3,0,8,6,1,1,3,0,3110,10,1
7,2,0,4,8,6,2,1,3,2,4062,3,1
5,0,3,2,5,1,5,1,3,3,3841,7,1
3,1,2,3,4,5,1,0,3,0,3546,7,1
5,0,0,3,2,2,2,0,2,0,4811,5,1
1,0,1,1,1,4,2,1,0,0,2476,7,1
8,1,3,5,1,2,5,0,2,0,2825,2,1
6,1,2,0,6,1,0,0,3,1,937,2,1
3,3,2,0,3,3,5,0,2,2,4947,7,1
8,3,0,5,4,2,1,1,1,0,361,2,1
1,1,0,0,6,6,2,1,1,1,3991,2,1
8,0,0,1,1,2,0,0,0,0,941,1,1
5,2,3,5,8,4,2,1,2,1,4352,9,1
3,1,0,1,1,3,5,0,0,0,442,8,1
3,0,1,0,3,6,0,0,1,1,1945,10,1
7,3,1,0,6,4,5,1,3,3,4366,7,1
6,2,2,3,8,4,4,1,1,0,1454,3,1
8,1,1,7,8,3,0,0,3,0,2487,9,1
7,1,3,7,5,5,3,1,0,0,4894,10,1
3,0,3,2,5,3,0,1,2,0,2925,3,1
3,3,2,3,2,5,2,0,3,1,4614,5,1
2,2,1,1,8,1,5,1,3,0,362,10,1
8,2,2,0,1,1,2,0,3,3,782,4,1
3,3,2,1,1,3,1,1,3,0,2175,3,1
3,2,1,0,1,2,1,1,2,0,805,4,1
3,3,1,3,6,5,4,0,1,0,2643,2,1
6,3,3,5,1,1,0,0,2,0,601,5,1
8,0,0,1,3,1,0,1,2,0,4900,5,1
6,1,2,3,2,5,2,1,2,2,535,9,1
8,1,0,2,4,2,1,1,2,1,3756,3,1
3,0,2,3,4,4,0,1,1,0,1706,6,1
6,1,1,2,3,4,1,0,1,0,3814,4,1
7,2,1,4,1,5,2,1,3,2,3820,8,1
8,0,1,1,2,6,4,0,2,0,2043,2,1
6,2,1,6,8,5,1,1,0,0,4517,4,1
8,0,2,7,8,5,5,1,3,3,2117,5,1
5,2,2,2,5,3,0,1,0,0,2338,1,1
5,2,0,5,1,2,1,1,0,0,3360,10,1
4,3,3,0,6,4,0,1,3,2,936,1,1
8,2,0,3,8,4,1,1,3,3,3293,7,1
5,1,3,0,4,6,0,0,3,1,572,10,1
6,3,1,2,7,3,1,1,2,2,826,10,1
6,1,3,1,6,6,0,1,2,1,2577,0,1
1,1,1,1,2,4,1,0,0,0,3738,1,1
6,3,3,4,1,2,3,0,0,0,4741,8,1
6,3,0,0,3,4,1,1,2,2,2090,3,1
2,1,0,2,3,2,3,1,3,3,3239,8,1
7,3,2,0,1,2,5,0,2,1,4375,0,1
6,3,1,3,5,2,1,0,3,3,638,4,1
5,2,1,2,3,3,1,0,0,0,3100,6,1
1,1,0,1,5,6,5,1,2,0,3757,8,1
2,2,0,2,1,3,2,1,2,2,2393,10,1
5,0,1,5,8,2,1,0,3,3,1030,1,1
4,3,0,3,5,6,4,1,3,3,4751,8,1
6,0,0,2,1,4,5,0,0,0,3826,0,1
5,3,1,4,8,3,2,1,0,0,3396,1,1
5,3,2,1,2,2,4,0,2,2,4380,0,1
5,2,2,0,5,4,2,1,3,3,1031,3,1
7,2,1,3,7,3,5,0,3,1,950,6,1
6,3,0,2,5,6,4,1,2,0,3027,1,1
7,3,3,5,7,2,5,1,2,2,2923,10,1
6,3,2,1,6,2,4,0,1,0,316,8,1
4,2,0,2,3,6,1,0,3,1,4477,10,1
2,0,1,1,2,6,3,1,3,0,3966,0,1
2,0,0,0,3,6,4,0,2,0,694,6,1
3,0,3,2,8,5,1,0,3,0,614,2,1
5,0,3,5,1,4,1,1,2,0,1127,8,1
1,1,0,1,3,5,5,1,2,1,798,7,1
7,1,1,6,6,5,4,0,1,0,4853,2,1
1,1,1,0,3,5,2,0,2,1,4420,10,1
7,3,3,4,6,1,2,1,3,2,589,8,1
3,2,2,3,8,5,3,0,3,2,3542,8,1
1,1,0,1,5,3,0,1,3,1,4585,1,1
5,2,3,3,1,6,2,0,0,0,3566,9,1
8,0,1,4,4,3,2,0,3,2,4675,2,1
3,3,2,0,1,6,5,0,2,0,1311,6,1
4,3,3,2,1,5,2,0,1,0,1439,7,1
6,3,3,1,7,2,4,1,1,0,4678,8,1
1,1,0,0,3,5,2,1,1,0,1549,9,1
2,2,2,0,2,3,4,1,3,2,4668,3,1
4,3,3,3,3,1,5,1,0,0,4710,0,1
8,1,2,7,4,6,0,1,0,0,3889,0,1
7,1,1,1,3,6,5,1,0,0,1837,4,1
3,0,3,2,6,5,0,0,2,0,4432,1,1
3,0,3,1,8,2,5,0,1,0,4595,0,1
6,3,0,2,7,5,2,0,1,1,1820,5,1
3,2,3,1,7,2,2,0,1,1,1339,10,1
2,1,2,2,8,6,4,0,0,0,3266,3,1
5,2,3,0,1,1,2,0,0,0,3275,6,1
4,0,2,4,1,1,5,1,0,0,2234,7,1
4,1,1,4,3,1,4,1,2,1,1627,1,1
5,0,2,4,6,4,4,0,2,2,3478,5,1
2,0,1,1,8,6,5,1,3,0,1370,8,1
2,1,0,0,4,5,5,0,2,2,3097,6,1
8,0,1,2,3,2,4,0,2,2,2029,4,1
6,2,0,4,3,5,4,0,0,0,1123,6,1
5,1,1,1,5,4,1,1,0,0,3796,5,1
5,3,3,3,4,4,4,0,1,0,804,10,1
8,3,3,3,7,3,0,1,1,1,883,2,1
3,0,3,2,1,3,1,0,0,0,4755,7,1
6,1,1,3,6,3,4,0,2,2,2063,3,1
5,3,1,2,1,3,2,1,0,0,1133,7,1
3,1,3,2,5,6,2,1,0,0,1821,6,1
2,1,1,2,5,2,2,1,0,0,2329,9,1
2,0,0,0,8,2,4,1,1,1,4686,10,1
7,1,3,4,4,4,1,0,3,0,2638,5,1
4,2,3,2,1,5,2,0,1,0,4140,10,1
4,3,2,2,7,5,1,1,1,1,3565,10,1
6,0,3,6,5,2,4,1,2,0,2820,10,1
6,1,3,2,4,1,1,1,2,1,4119,3,1
6,3,2,0,1,1,3,0,3,1,3317,8,1
6,0,0,5,8,5,1,0,1,0,1411,9,1
6,1,0,2,4,5,0,1,1,0,1380,7,1
7,2,2,0,6,2,0,0,3,3,1163,4,1
3,0,3,0,1,2,3,1,1,1,3008,7,1
3,3,0,2,3,2,2,0,1,0,405,2,1
4,1,1,0,7,4,2,0,2,0,3022,9,1
2,2,0,0,7,5,1,0,1,0,4555,7,1
1,0,0,1,5,1,2,0,2,1,4205,0,1
7,2,3,7,6,2,3,0,0,0,3160,6,1
2,2,2,2,6,1,2,1,2,0,2418,4,1
8,2,1,0,3,3,4,1,0,0,3520,10,1
8,3,1,6,4,6,3,0,0,0,2943,4,1
8,3,2,5,7,5,2,0,0,0,4004,8,1
8,1,3,6,4,1,5,0,0,0,667,5,1
5,0,2,2,7,4,4,0,2,2,2586,2,1
7,3,1,6,5,2,5,1,3,0,2956,2,1
1,1,0,0,3,4,2,1,2,2,1329,2,1
4,1,2,1,5,5,3,0,0,0,4523,7,1
2,0,2,2,4,2,2,1,1,1,3152,8,1
2,1,2,0,1,2,4,0,0,0,1723,7,1
7,2,0,6,8,6,4,1,2,1,4907,3,1
1,0,0,0,4,1,2,1,1,0,3941,1,1
2,0,0,0,7,5,2,0,0,0,3829,9,1
8,0,1,6,3,1,4,1,3,3,3227,9,1
2,0,1,1,1,5,4,1,0,0,1897,5,1
4,3,3,1,4,2,0,1,0,0,4461,10,1
4,2,3,0,2,6,4,0,1,0,2751,2,1
4,3,1,0,2,3,4,0,0,0,3191,10,1
7,1,1,4,8,6,3,1,1,0,2083,6,1
1,1,0,1,4,5,5,1,1,1,1289,0,1
7,0,1,3,2,6,0,0,2,1,2510,10,1
2,2,0,2,4,2,0,1,2,0,4800,1,1
8,0,2,4,2,1,0,1,0,0,1121,2,1
3,1,1,1,3,4,5,1,3,3,502,3,1
5,2,2,3,7,3,0,0,2,1,1848,6,1
5,2,2,5,7,1,5,0,3,3,4452,9,1
8,2,2,5,6,5,0,1,0,0,2493,10,1
5,3,3,4,5,2,5,1,3,0,1937,7,1
4,1,2,4,1,3,5,1,3,3,3410,4,1
5,3,3,0,4,6,1,1,1,0,1910,2,1
3,1,0,0,3,3,2,1,0,0,3777,6,1
4,2,3,2,2,1,4,0,2,0,2168,10,1
1,1,0,1,8,6,1,1,0,0,3402,7,1
5,2,3,2,8,1,3,1,0,0,4862,7,1
8,1,1,3,6,6,4,1,0,0,4275,10,1
6,3,2,5,2,6,3,1,1,1,4880,7,1
2,1,1,2,2,1,4,0,3,0,1161,0,1
6,0,2,4,1,3,0,0,0,0,4167,9,1
7,0,3,0,5,5,3,1,1,0,1792,5,1
7,3,0,7,4,4,5,0,2,0,4593,9,1
7,0,2,7,3,6,5,1,3,1,3152,5,1
3,2,2,3,2,4,3,0,0,0,722,3,1
3,2,0,1,2,1,2,1,2,0,4577,7,1
5,2,2,2,1,5,2,0,3,0,4241,10,1
3,2,0,2,3,5,4,0,3,3,4852,5,1
1,0,1,0,3,2,4,0,2,2,1093,2,1
8,0,2,6,3,2,1,0,3,2,3801,4,1
1,1,0,1,3,1,4,1,3,0,3486,9,1
3,1,0,3,2,4,5,0,2,0,1786,4,1
4,1,3,0,6,3,0,1,2,2,2237,2,1
7,1,0,0,8,2,0,1,1,1,788,5,1
4,2,1,0,5,6,2,0,0,0,4479,6,1
2,2,2,2,1,3,4,1,2,1,2861,7,1
6,2,1,6,8,1,4,1,1,1,805,10,1
4,1,0,4,7,1,1,0,3,2,2819,3,1
2,2,0,0,5,4,4,0,0,0,2902,2,1
2,2,2,1,7,3,0,0,3,1,3065,3,1
2,2,0,1,2,4,3,1,1,1,953,4,1
5,0,2,5,1,5,1,1,1,1,2545,10,1
1,0,1,0,3,2,2,0,2,1,1684,10,1
3,2,1,0,6,2,1,0,3,3,2416,9,1
7,0,1,3,5,3,3,1,2,2,796,8,1
7,0,0,2,6,6,2,0,3,0,3643,4,1
1,1,1,1,4,4,5,1,2,2,1205,6,1
7,1,2,5,4,4,2,0,0,0,4240,1,1
1,1,0,1,4,6,0,0,1,0,4186,7,1
4,3,2,0,6,5,3,1,2,2,2744,8,1
7,0,1,5,5,3,4,0,1,0,4970,6,1
2,0,0,0,8,4,3,0,1,0,445,8,1
2,2,2,1,6,1,0,1,0,0,1204,10,1
3,2,3,2,8,4,2,0,2,0,771,8,1
1,0,1,1,3,2,3,0,0,0,579,7,1
7,2,2,1,4,2,1,0,3,2,345,7,1
6,3,3,3,1,2,3,1,1,1,1905,5,1
4,0,3,1,3,6,1,1,3,2,4433,8,1
7,1,2,7,3,5,5,1,0,0,477,6,1
1,0,1,0,2,2,1,1,1,1,3875,10,1
7,1,3,4,4,6,1,0,1,0,395,9,1
6,2,2,1,8,6,5,1,3,2,668,5,1
8,2,0,6,6,1,5,1,0,0,4861,9,1
8,3,3,4,5,2,0,0,1,0,3813,2,1
4,3,2,0,1,4,2,0,0,0,3562,5,1
8,2,2,6,1,4,4,0,1,1,2542,2,1
1,0,0,0,8,2,1,0,2,2,3898,10,1
4,1,2,1,6,6,3,0,0,0,4426,9,1
8,3,3,5,6,4,3,1,2,1,976,0,1
4,0,2,1,8,6,2,0,0,0,4190,8,1
1,1,1,1,1,5,2,0,2,2,2274,8,1
1,1,1,0,1,4,5,0,1,1,1871,7,1
6,3,3,6,5,2,5,0,3,2,2710,7,1
2,0,1,1,2,4,1,0,1,1,4913,0,1
5,0,3,4,2,3,3,0,0,0,4424,6,1
1,0,0,1,3,2,3,1,3,0,1692,5,1
1,0,0,0,2,4,4,1,2,1,3828,8,1
8,2,2,7,6,6,1,1,3,0,3061,0,1
3,1,2,1,1,5,1,0,0,0,814,0,1
7,0,0,7,5,1,4,1,2,0,3616,1,1
1,1,0,0,5,4,3,0,1,0,2869,5,1
3,0,1,3,8,4,3,0,3,3,1435,1,1
8,2,3,4,4,6,5,1,2,2,2101,2,1
8,1,3,7,4,4,5,1,2,2,1297,9,1
7,0,3,7,7,3,2,0,3,0,2595,9,1
4,0,1,0,8,5,0,0,1,1,4813,3,1
2,2,1,0,7,2,4,0,2,0,4502,6,1
4,0,2,2,5,5,5,0,0,0,3157,6,1
2,0,0,0,4,4,1,1,1,1,2990,3,1
8,3,0,8,4,1,2,0,0,0,3666,5,1
4,0,0,0,5,4,3,0,1,0,3015,7,1
4,1,2,2,8,2,3,0,0,0,4586,0,1
1,1,1,1,3,3,3,0,1,1,1148,8,1
1,1,0,0,2,1,2,1,0,0,2049,6,1
1,1,1,0,5,4,1,0,2,1,2039,10,1
5,0,0,3,8,4,3,0,0,0,2570,3,1
4,2,2,3,1,3,4,1,3,1,1279,1,1
8,0,1,7,5,2,5,0,3,1,726,10,1
1,0,0,0,4,6,0,1,2,1,3062,1,1
3,3,2,2,3,6,3,0,2,2,722,2,1
5,0,0,2,7,1,2,0,0,0,1595,6,1
2,1,1,2,3,5,5,1,2,1,4431,6,1
2,0,1,2,3,1,3,1,3,1,1249,8,1
4,3,2,3,3,5,1,0,3,3,3381,3,1
6,3,1,3,7,3,0,1,1,1,1935,5,1
2,1,1,0,2,6,1,0,0,0,1240,10,1
4,3,0,1,4,4,1,0,0,0,2204,9,1
8,1,2,3,8,4,1,1,2,0,1853,6,1
1,0,1,0,1,4,4,1,3,3,1013,0,1
7,1,1,2,6,6,4,1,3,1,4302,8,1
5,2,1,5,4,6,4,0,2,2,2145,10,1
2,0,1,2,6,3,1,0,0,0,3499,5,1
8,0,2,3,5,5,5,1,3,0,1504,8,1
6,1,0,4,3,4,0,0,3,0,1074,4,1
7,1,0,0,1,2,1,1,0,0,4190,2,1
8,0,2,1,5,2,3,1,2,1,2165,5,1
3,2,3,2,2,5,2,0,3,2,3062,3,1
5,2,2,0,1,2,0,1,2,0,1507,3,1
7,3,0,0,6,3,5,1,1,0,518,9,1
3,1,2,1,4,1,2,1,3,0,3371,1,1
3,0,1,2,7,1,5,1,2,2,4567,9,1
1,0,0,0,8,3,1,0,3,0,1844,2,1
2,0,1,1,7,6,1,1,0,0,1823,6,1
8,1,0,5,4,4,0,1,0,0,1668,2,1
1,0,0,1,2,6,5,0,2,2,4538,9,1
5,3,0,4,5,3,0,1,2,1,1548,6,1
5,3,1,1,8,6,3,1,3,3,3119,5,1
4,1,0,1,2,2,2,1,3,0,2142,9,1
7,1,3,6,3,3,0,0,3,0,715,9,1
2,1,1,2,7,6,1,1,3,0,1279,9,1
8,1,1,0,2,6,0,1,1,0,4922,8,1
2,2,1,2,1,1,2,0,2,0,4289,9,1
4,3,1,4,6,1,0,0,0,0,1849,10,1
5,1,1,4,5,2,4,0,0,0,1746,2,1
4,3,2,0,7,6,5,0,0,0,1319,3,1
8,0,1,8,1,1,4,1,3,0,655,4,1
1,0,0,0,8,5,1,0,0,0,3074,8,1
5,1,2,1,4,6,4,1,1,1,3500,7,1
1,1,0,1,1,2,4,0,2,0,4667,9,1
2,2,1,0,3,4,5,1,2,1,2751,7,1
7,0,2,0,4,2,2,0,1,1,4290,9,1
7,2,3,1,2,6,3,0,2,0,2276,0,1
6,2,0,0,6,5,2,0,2,1,3758,10,1
8,3,2,5,6,3,2,1,1,1,1165,4,1
2,1,2,1,7,6,4,1,3,1,311,6,1
7,3,2,3,6,3,1,0,2,1,575,10,1
4,2,3,2,4,5,4,0,1,0,3863,1,1
1,1,0,0,7,6,4,1,2,1,3092,2,1
7,3,2,1,5,1,3,0,0,0,821,10,1
8,2,0,8,2,6,1,1,1,1,3089,0,1
5,1,3,1,7,4,5,0,1,0,2920,5,1
8,0,1,6,2,6,2,1,2,1,4508,0,1
1,1,0,0,1,2,3,1,1,0,948,10,1
2,2,2,1,8,3,4,0,2,0,4293,0,1
2,1,0,1,5,3,3,0,1,1,1021,10,1
7,0,1,0,6,1,3,1,1,1,4362,1,1
7,0,1,0,7,4,0,1,0,0,1122,4,1
7,3,0,5,5,2,1,1,0,0,4271,0,1
6,0,2,2,8,3,1,0,0,0,927,9,1
8,3,0,6,1,6,2,1,1,0,1270,3,1
4,2,2,3,7,1,4,1,1,0,2707,6,1
4,0,2,3,2,2,4,1,1,1,453,8,1
6,0,2,0,4,3,2,0,1,1,1382,1,1
6,3,2,2,8,6,3,0,0,0,3163,0,1
4,3,2,1,7,4,1,1,2,1,2926,5,1
6,1,3,2,2,1,2,1,0,0,4735,9,1
2,1,1,0,6,2,3,1,3,2,3249,3,1
4,3,0,3,6,5,2,0,1,1,1509,4,1
8,1,2,8,5,4,2,1,1,0,877,10,1
8,0,0,0,5,5,0,1,1,0,2216,9,1
8,0,2,5,5,6,5,0,1,1,621,3,1
7,3,1,0,4,3,4,1,2,1,865,9,1
3,1,2,3,7,3,2,1,3,0,2911,2,1
6,3,0,3,3,1,3,1,3,3,1565,4,1
4,0,0,1,8,3,0,1,0,0,749,8,1
7,0,0,6,1,4,5,1,0,0,2246,4,1
7,1,3,2,8,1,2,1,2,2,4667,3,1
5,0,2,4,4,5,2,1,0,0,1728,8,1
2,2,1,0,6,5,1,0,1,0,3148,10,1
4,2,3,4,4,2,3,0,0,0,492,9,1
6,1,2,4,4,5,1,1,3,3,4931,7,1
2,2,2,2,4,2,3,1,3,2,599,2,1
8,2,1,3,6,3,2,0,0,0,3554,7,1
2,2,2,1,6,4,3,0,2,2,1561,1,1
2,1,2,0,5,4,0,1,0,0,2790,1,1
5,1,1,1,3,5,3,0,0,0,3631,1,1
7,3,3,4,7,6,2,1,2,0,3291,3,1
6,3,1,4,6,6,4,0,0,0,2688,0,1
4,1,1,3,6,2,3,0,2,1,3087,10,1
5,3,0,2,4,3,1,1,2,1,3876,5,1
1,1,0,0,7,2,2,1,2,2,4838,0,1
2,1,2,0,5,3,0,1,1,0,2668,8,1
3,3,2,0,4,4,3,1,3,3,1842,3,1
7,3,3,3,1,2,2,1,2,0,3104,7,1
1,1,1,1,8,2,1,1,0,0,3082,2,1
8,2,2,7,3,5,4,1,0,0,4575,4,1
5,3,2,5,7,2,4,0,2,1,2661,0,1
3,1,1,0,7,5,0,0,3,2,1536,5,1
3,3,1,2,8,3,4,0,0,0,4746,10,1
1,1,1,1,5,3,1,1,2,1,546,8,1
8,1,2,5,6,6,1,0,1,0,4677,4,1
4,2,3,0,2,6,1,0,3,2,700,4,1
6,3,2,4,2,5,1,0,3,2,4361,6,1
2,1,1,2,2,6,5,0,3,2,3348,4,1
3,2,0,1,2,2,1,1,2,0,2536,1,1
2,0,1,1,1,1,3,1,3,0,1237,9,1
7,3,3,4,1,1,3,0,2,1,4065,7,1
5,3,0,4,3,5,5,1,3,1,4558,6,1
4,1,1,3,2,5,3,1,1,0,4156,2,1
8,1,0,5,8,2,0,1,3,3,3394,5,1
7,1,1,1,7,2,0,1,0,0,1423,0,1
4,1,3,2,7,3,0,0,1,1,3308,2,1
7,0,1,1,7,6,1,1,1,1,2364,9,1
2,0,2,1,5,2,2,0,2,0,3933,9,1
2,0,0,0,6,1,5,0,0,0,4770,3,1
5,1,2,2,6,4,4,0,1,0,2286,7,1
8,2,0,7,2,4,5,1,3,1,1048,4,1
1,1,1,0,8,4,0,1,2,1,848,7,1
6,1,0,6,8,2,2,1,0,0,4911,2,1
6,1,0,5,7,3,5,1,1,0,2493,6,1
8,1,0,1,4,3,5,1,3,2,4349,3,1
3,0,1,1,6,3,3,1,0,0,2093,5,1
8,0,0,5,2,3,1,0,2,2,4487,2,1
4,3,1,4,2,1,0,1,1,1,2212,0,1
1,0,1,0,7,6,1,0,1,1,2722,2,1
3,3,1,1,4,5,4,0,1,0,3867,1,1
3,1,1,0,7,6,3,1,3,2,4890,4,1
6,3,3,2,6,1,2,1,0,0,2286,4,1
6,2,2,0,2,3,1,0,3,2,4361,9,1
4,1,0,2,8,5,5,1,0,0,3125,4,1
2,2,1,0,3,4,1,0,3,0,4873,6,1
4,3,3,0,4,4,0,0,1,0,2104,0,1
8,1,2,5,6,5,5,0,0,0,2208,7,1
6,3,1,4,7,6,2,0,0,0,2891,10,1
2,0,2,1,6,1,2,1,3,2,2141,9,1
7,1,0,7,5,5,1,0,0,0,2679,6,1
4,3,0,1,6,1,4,0,0,0,2788,5,1
3,2,2,3,2,5,2,0,2,2,3465,10,1
3,1,0,1,7,2,1,0,1,0,3670,4,1
2,2,1,1,1,6,2,1,0,0,4129,0,1
2,0,0,2,4,6,4,1,1,0,438,1,1
4,3,2,1,7,5,3,1,1,0,972,10,1
7,1,0,2,3,6,1,1,0,0,4313,9,1
7,0,1,3,7,2,5,1,0,0,4628,5,1
6,0,2,4,2,4,0,0,3,1,2286,8,1
5,3,1,3,2,3,0,1,3,2,678,8,1
5,1,2,4,3,4,5,1,2,2,4209,2,1
6,2,1,1,5,1,0,0,3,2,4277,9,1
3,0,3,2,4,3,4,0,2,2,2298,0,1
5,3,1,4,6,5,4,1,0,0,1473,0,1
4,1,3,3,3,1,2,0,2,2,4599,0,1
2,0,1,2,2,5,5,0,3,1,3036,2,1
6,2,3,2,5,2,5,1,0,0,3409,9,1
5,0,1,2,3,6,4,0,1,0,2742,2,1
2,1,1,0,5,3,3,1,2,1,1360,0,1
6,1,2,5,8,5,3,0,2,1,473,2,1
3,3,1,1,3,6,3,1,3,0,621,8,1
2,0,1,0,5,4,3,0,3,1,2021,3,1
5,1,1,5,7,6,0,1,1,1,1483,9,1
8,3,2,7,8,5,1,1,2,2,746,4,1
8,3,0,7,3,3,4,1,3,0,4333,10,1
2,1,0,1,3,3,3,1,0,0,1577,8,1
5,3,2,4,4,5,4,1,1,0,1013,2,1
2,2,2,2,4,3,4,1,0,0,2182,3,1
2,0,2,2,1,3,4,1,0,0,1083,1,1
3,0,1,0,2,4,0,1,2,2,2144,7,1
7,2,0,6,8,1,3,0,1,1,4211,3,1
7,2,2,0,7,4,1,0,2,0,1013,6,1
3,3,2,0,7,1,0,0,0,0,2676,9,1
6,2,3,5,5,6,3,1,3,1,537,0,1
5,2,2,4,4,3,0,1,2,1,1839,9,1
3,0,2,1,1,1,5,1,2,1,3383,6,1
5,2,3,1,8,5,5,1,1,1,3704,6,1
6,2,3,0,1,2,0,1,1,0,2228,1,1
4,1,2,0,4,4,2,0,2,1,3812,0,1
8,3,3,4,3,4,3,0,3,3,1366,4,1
7,0,0,6,5,6,2,0,0,0,3934,3,1
4,0,1,4,1,3,0,0,2,1,941,0,1
2,0,1,1,6,2,4,0,3,1,4160,7,1
3,0,2,3,3,4,1,1,2,1,4601,10,1
5,3,3,0,5,3,4,1,1,0,3403,1,1
3,0,3,2,8,2,0,1,1,1,2884,4,1
3,2,0,0,7,4,2,0,2,2,1516,6,1
2,1,1,2,4,6,5,1,0,0,4684,9,1
8,0,0,7,5,5,4,1,2,1,2680,0,1
2,2,2,0,1,2,0,0,3,3,2450,6,1
5,1,1,4,3,6,3,0,3,2,3344,6,1
8,2,3,3,6,2,1,1,0,0,3487,9,1
4,3,0,1,5,6,3,0,0,0,2994,0,1
5,3,2,0,5,1,5,0,0,0,4604,5,1
1,0,0,0,4,1,4,0,2,0,474,4,1
8,2,2,2,3,2,0,0,3,3,2738,10,1
8,3,0,2,7,1,5,0,2,2,1003,4,1
4,3,1,3,3,4,1,1,0,0,2207,10,1
4,0,0,3,2,5,2,1,1,1,701,6,1
6,2,1,4,3,3,2,1,2,0,1306,9,1
1,0,1,0,4,4,4,0,3,3,2835,5,1
7,1,3,0,7,1,2,0,2,1,4914,10,1
2,0,1,1,8,6,0,1,1,0,391,9,1
4,2,2,1,5,4,3,0,0,0,4174,1,1
7,3,3,1,7,2,1,1,0,0,1057,3,1
1,1,1,1,2,2,2,1,2,2,1514,6,1
2,2,1,1,6,4,0,0,0,0,734,2,1
8,2,3,8,8,5,3,1,1,1,1930,9,1
3,1,2,1,6,5,0,0,1,1,760,9,1
7,3,3,2,7,4,5,1,0,0,4798,4,1
3,2,2,1,8,2,2,1,1,1,1644,0,1
5,2,3,4,1,6,1,0,2,1,2230,10,1
5,3,0,1,2,2,3,0,0,0,3879,2,1
3,3,2,0,6,3,5,0,0,0,2123,1,1
8,3,2,3,6,6,2,0,0,0,728,3,1
6,1,3,5,4,5,3,0,2,0,2448,3,1
5,1,1,2,4,2,4,0,3,1,2257,0,1
2,0,1,1,6,2,0,1,0,0,3166,6,1
5,1,1,1,6,2,0,1,0,0,3306,4,1
4,1,0,4,7,5,5,1,2,0,2926,0,1
6,3,2,2,6,3,3,0,1,0,1765,1,1
2,1,1,0,8,3,3,1,1,1,3779,10,1
5,1,1,0,4,5,3,1,2,1,4705,3,1
4,0,2,1,3,1,1,0,1,1,4133,1,1
6,2,3,1,7,1,3,0,0,0,4119,4,1
5,2,3,3,3,3,2,1,1,1,1121,10,1
4,0,2,0,3,5,0,1,2,2,2642,1,1
6,1,3,1,8,5,4,1,3,2,1183,9,1
5,1,0,5,4,6,3,0,3,1,3788,6,1
6,1,2,6,3,5,1,0,3,3,2968,0,1
3,1,2,1,8,2,3,1,1,1,4639,9,1
7,1,2,3,2,5,5,1,0,0,2573,6,1
5,2,2,2,2,6,5,1,2,0,4766,7,1
1,0,0,1,5,4,5,1,2,0,1084,5,1
1,1,0,0,3,4,4,1,2,1,4060,5,1
5,3,1,4,4,3,2,1,3,3,2251,7,1
2,1,0,0,4,1,1,0,0,0,2576,10,1
5,2,1,1,3,4,1,1,0,0,1358,9,1
5,0,2,2,4,5,3,0,3,1,1046,1,1
1,0,0,1,1,1,4,1,2,2,553,6,1
4,3,2,2,4,2,4,1,0,0,4511,1,1
1,0,0,1,3,3,5,0,1,1,1108,0,1
6,1,0,3,7,2,2,1,1,0,1288,0,1
1,1,1,0,4,2,4,1,2,1,1213,9,1
2,0,1,1,7,2,0,0,1,0,534,0,1
2,1,1,1,4,2,0,1,2,1,2784,3,1
8,1,3,2,6,5,5,0,2,1,2597,5,1
1,0,1,1,1,1,5,0,1,0,1967,5,1
6,3,2,0,4,2,3,0,3,0,2308,1,1
3,2,1,1,3,3,2,1,2,0,4826,9,1
6,1,1,4,5,1,1,1,0,0,2740,3,1
3,0,1,2,7,5,0,1,3,2,1834,7,1
2,0,0,1,7,3,0,0,3,3,2060,2,1
6,0,0,0,6,1,0,0,2,0,446,2,1
6,1,1,5,3,3,0,0,2,1,2423,0,1
5,2,2,0,4,3,2,1,2,1,1744,9,1
3,1,2,0,1,6,2,1,3,0,1144,9,1
3,1,1,3,5,5,5,0,0,0,4496,10,1
7,2,2,7,2,2,0,1,3,3,2338,10,1
2,0,1,2,5,3,3,0,2,0,645,1,1
6,0,2,6,5,1,0,0,1,0,4406,9,1
1,0,0,0,3,5,2,0,3,1,588,3,1
2,0,2,2,3,4,5,0,3,1,2081,0,1
1,0,1,1,5,1,3,1,0,0,1048,8,1
3,3,2,0,6,5,5,1,3,1,2159,8,1
4,1,1,2,5,2,4,0,2,1,2566,5,1
6,2,2,0,7,6,3,1,0,0,3232,3,1
5,0,0,0,7,3,1,0,0,0,1262,4,1
1,0,0,0,3,3,3,0,0,0,3779,0,1
8,3,0,4,4,6,4,1,0,0,4980,3,1
6,1,3,6,7,5,3,0,1,0,3917,3,1
5,2,1,4,6,1,4,1,0,0,1314,0,1
6,2,1,4,5,3,1,1,3,0,1150,5,1
7,1,1,1,4,5,0,1,2,1,4960,2,1
3,0,1,3,4,5,0,1,1,0,1861,3,1
1,0,1,0,4,1,2,0,1,0,4159,1,1
1,0,1,1,7,5,4,1,3,2,2371,8,1
3,0,1,2,2,2,5,1,2,1,2880,4,1
4,1,3,3,1,5,2,0,1,1,759,8,1
7,3,0,3,5,5,4,1,1,0,1565,4,1
5,0,3,3,6,2,1,1,0,0,300,9,1
7,2,0,7,2,1,1,1,2,1,3126,3,1
2,2,2,2,3,1,2,1,3,1,4573,5,1
7,1,2,0,8,6,5,1,3,1,4429,4,1
5,1,2,1,4,1,1,0,3,0,3300,0,1
1,0,0,0,1,6,0,1,0,0,2062,10,1
4,2,3,2,7,2,2,1,0,0,2441,9,1
1,0,1,0,2,1,0,1,3,1,4203,2,1
1,1,1,0,8,6,0,1,3,0,1478,5,1
2,0,0,0,2,4,4,1,1,0,365,1,1
2,2,0,2,3,3,3,1,0,0,2878,3,1
5,2,2,1,2,6,0,0,3,2,1109,4,1
1,0,0,1,5,5,1,1,1,0,2605,1,1
2,1,2,1,5,5,2,0,3,0,4019,1,1
3,1,3,1,2,2,1,0,0,0,2780,5,1
5,1,2,4,5,4,5,0,1,0,1986,1,1
3,0,2,2,8,5,2,1,2,0,402,8,1
1,1,0,0,5,6,4,0,0,0,716,2,1
1,1,0,1,1,2,5,0,0,0,1170,9,1
6,0,2,2,3,6,3,0,3,1,4478,7,1
1,0,1,1,5,5,1,0,0,0,1285,4,1
2,2,0,0,6,1,5,0,3,3,1353,1,1
4,2,2,1,5,1,5,0,1,1,2292,3,1
3,3,0,1,2,3,4,1,0,0,4718,8,1
1,1,1,1,5,4,3,0,2,0,2225,7,1
2,2,0,0,8,3,5,0,1,0,2285,3,1
7,0,2,2,3,1,2,1,0,0,4716,2,1
5,1,1,1,8,5,5,0,3,3,1029,9,1
6,1,1,2,6,6,2,0,3,0,1944,8,1
2,1,1,1,2,6,1,0,1,1,2998,10,1
8,2,3,6,3,4,5,0,1,1,4937,0,1
3,3,1,0,3,5,0,1,3,2,2711,6,1
3,0,1,3,2,1,4,1,3,3,3052,8,1
4,2,3,3,4,6,2,0,0,0,4466,1,1
2,1,2,0,6,4,1,0,0,0,2122,5,1
6,1,0,0,8,5,1,1,3,2,817,0,1
6,1,1,1,2,4,5,0,3,3,4658,5,1
5,2,3,3,6,2,1,0,2,2,2961,1,1
4,2,3,4,2,4,2,1,3,3,1883,7,1
2,2,2,0,6,1,5,0,0,0,1914,1,1
2,0,2,0,3,4,2,0,1,1,3965,4,1
7,1,0,1,4,6,1,0,3,0,1127,2,1
2,2,1,0,6,4,2,1,2,1,2017,9,1
4,2,1,2,1,5,5,1,2,0,4585,5,1
5,2,0,1,3,5,2,1,1,1,728,2,1
5,3,3,4,8,2,1,0,2,1,4529,5,1
1,0,0,0,7,2,3,1,2,0,4297,4,1
4,1,0,2,6,3,2,0,2,1,2732,2,1
4,1,3,0,4,3,4,1,2,0,4646,9,1
7,0,0,3,6,3,2,0,2,0,2457,3,1
3,0,2,3,7,5,3,0,1,0,2602,8,1
4,1,2,4,2,6,0,0,0,0,4608,8,1
1,1,1,0,7,4,5,0,0,0,303,6,1
4,3,0,2,1,3,0,0,2,2,2837,1,1
3,2,3,2,3,1,2,1,0,0,2520,2,1
6,3,2,3,3,1,5,0,2,1,1894,9,1
6,1,1,3,3,6,0,0,2,1,2485,1,1
3,2,3,2,6,4,2,1,1,0,4380,0,1
3,3,1,1,3,4,0,0,3,3,1098,2,1
8,3,2,1,4,3,2,0,0,0,308,2,1
3,0,0,0,8,2,4,1,3,0,3584,1,1
5,0,2,4,3,2,1,1,0,0,1193,6,1
4,1,0,1,5,5,5,1,3,2,1377,7,1
4,1,2,0,2,5,0,0,1,0,1769,5,1
6,0,1,4,2,3,4,1,3,1,1914,0,1
8,1,1,0,4,4,0,1,1,0,2408,3,1
4,2,3,3,4,6,1,0,0,0,1990,5,1
4,1,0,0,6,4,3,0,1,0,2384,1,1
7,0,0,6,8,3,0,0,2,0,1546,4,1
7,2,3,3,3,2,0,0,3,3,2192,0,1
6,3,2,1,7,1,4,0,2,0,4319,5,1
7,3,0,4,3,6,5,1,1,1,1412,8,1
7,0,0,0,3,2,3,1,0,0,4532,10,1
6,0,2,3,6,2,5,0,3,1,2851,6,1
6,2,0,0,8,4,5,1,1,0,3838,4,1
7,1,3,6,7,4,2,0,2,0,2600,5,1
3,2,2,0,6,4,4,0,3,3,2179,1,1
5,3,1,1,3,4,0,0,2,0,1666,1,1
8,1,1,3,3,6,1,0,3,3,2332,5,1
2,0,2,2,5,6,3,0,0,0,4662,9,1
8,1,3,5,4,2,1,0,2,2,3857,6,1
4,2,0,0,8,2,4,0,3,3,4390,6,1
5,1,3,0,6,4,1,0,1,0,1773,0,1
5,2,0,4,8,6,4,0,3,0,4426,10,1
1,1,1,0,6,5,3,0,1,0,3639,9,1
1,0,1,0,1,6,0,1,3,2,2356,1,1
7,2,0,2,7,3,2,1,1,0,4066,10,1
3,2,0,2,1,3,1,1,0,0,3519,2,1
4,1,1,3,5,1,0,0,1,1,2214,0,1
1,0,0,1,5,1,5,1,2,1,2622,3,1
5,1,2,2,2,2,2,1,3,0,2840,7,1
3,1,3,0,6,1,2,1,0,0,4369,1,1
1,1,0,1,6,2,1,1,3,1,1103,9,1
8,3,2,3,6,4,2,0,1,1,2891,7,1
7,2,1,5,5,4,0,1,2,0,4893,0,1
3,1,0,2,1,3,0,1,2,2,3028,2,1
7,0,3,7,2,2,5,0,3,0,2232,5,1
2,0,2,0,5,5,1,1,3,0,1101,1,1
7,2,0,0,8,4,2,0,2,1,3350,8,1
4,1,2,1,2,1,2,0,3,1,1955,2,1
4,0,0,1,3,4,4,1,0,0,1617,1,1
1,0,0,0,6,2,4,1,1,1,1186,8,1
4,3,3,3,6,1,5,1,0,0,4887,2,1
6,2,3,0,2,5,4,1,1,1,2033,0,1
2,2,2,0,8,2,5,1,2,0,905,1,1
2,2,2,1,8,5,4,1,1,0,4977,9,1
8,0,2,1,3,1,0,0,1,0,4790,0,1
7,2,2,4,1,1,1,1,3,3,1388,4,1
5,2,2,4,5,5,4,0,3,1,316,4,1
7,3,2,6,6,5,1,1,1,1,3092,9,1
7,1,3,2,2,2,0,1,1,0,4027,1,1
1,1,1,0,4,4,5,0,1,0,3187,7,1
8,3,1,2,8,5,4,1,0,0,3601,2,1
1,1,1,0,8,1,2,1,2,0,3352,3,1
6,2,1,5,3,1,1,0,2,0,1959,5,1
1,0,1,0,6,5,1,1,2,1,1618,1,1
5,2,0,3,6,3,3,0,1,1,4842,5,1
2,1,1,1,7,4,1,1,1,1,4627,8,1
6,3,3,2,3,5,1,0,2,2,1224,10,1
1,1,1,0,3,3,4,1,1,0,4206,4,1
6,0,3,5,8,3,2,0,3,0,4662,5,1
1,1,0,1,6,6,0,1,1,1,4864,3,1
5,1,1,3,3,5,2,1,3,1,2059,7,1
8,3,3,4,4,2,3,1,0,0,2168,0,1
7,2,1,7,8,3,1,1,3,0,3839,7,1
8,0,0,1,1,1,1,1,1,1,3144,2,1
8,0,0,5,3,1,3,0,1,1,1384,7,1
1,0,0,1,7,3,1,0,3,0,890,6,1
3,1,0,1,6,6,0,1,0,0,4001,8,1
1,0,1,1,7,6,2,1,0,0,3247,3,1
8,3,1,5,2,4,0,1,3,0,1688,9,1
3,3,0,0,6,1,3,0,3,0,2592,7,1
1,0,0,0,5,5,5,0,2,1,2003,1,1
4,1,2,1,8,3,4,0,2,1,3562,7,1
8,1,2,4,4,3,1,0,1,1,2228,3,1
7,3,2,7,8,3,2,0,2,0,545,7,1
3,0,1,0,1,4,0,0,0,0,769,0,1
6,0,2,2,5,1,3,0,3,2,3057,4,1
4,0,2,1,8,4,2,0,2,1,4991,3,1
6,0,1,5,6,4,1,0,1,0,1100,4,1
5,0,2,1,3,2,4,1,2,0,4357,8,1
7,2,1,4,6,2,4,0,3,2,1723,3,1
5,0,3,3,7,4,0,0,2,1,3517,6,1
5,0,1,5,6,6,0,1,1,0,1887,10,1
3,0,2,3,7,3,1,1,3,2,2788,5,1
6,3,2,1,6,2,5,0,0,0,3248,5,1
8,2,3,1,4,5,3,0,2,0,2338,10,1
8,2,0,6,3,2,4,1,2,1,1641,0,1
7,0,2,0,4,3,1,0,3,2,1048,1,1
8,0,1,0,1,5,2,1,3,1,816,4,1
7,1,3,4,6,6,4,1,1,1,3788,4,1
2,2,1,1,1,1,4,0,0,0,1558,8,1
3,1,0,2,5,1,0,0,0,0,3422,2,1
4,1,2,4,3,1,5,1,3,1,3747,1,1
8,1,1,2,3,6,3,1,0,0,2970,1,1
8,0,3,8,2,3,5,0,1,1,3854,8,1
7,1,3,5,4,3,3,0,2,2,666,2,1
6,3,3,4,8,2,5,1,1,1,1457,3,1
5,3,0,3,4,2,2,1,1,1,2042,3,1
3,1,3,0,7,3,3,0,1,1,4120,8,1
5,1,3,3,1,5,4,0,1,1,3526,7,1
1,1,0,0,2,6,1,1,0,0,4732,6,1
1,1,0,1,1,3,1,0,1,1,4393,10,1
5,1,3,2,1,1,2,1,1,0,3034,2,1
7,1,2,2,6,4,3,0,2,0,1821,5,1
1,0,1,0,3,5,2,1,1,0,1653,9,1
6,1,1,4,1,6,4,1,1,1,702,8,1
1,1,1,1,8,3,2,0,1,0,956,7,1
2,2,1,0,2,2,2,0,1,0,2801,4,1
3,3,0,0,2,1,1,0,2,2,2892,3,1
8,2,3,5,2,3,4,0,2,2,1245,0,1
5,2,0,4,7,3,3,0,3,2,1864,8,1
7,3,1,0,4,4,0,0,2,0,1354,1,1
8,3,2,4,2,5,5,1,1,0,1580,3,1
3,2,3,3,8,4,4,0,1,0,2522,3,1
7,3,3,1,4,4,1,0,3,1,2016,3,1
3,3,1,3,3,6,2,0,3,2,1992,4,1
6,0,1,4,4,5,4,1,1,0,1729,7,1
1,1,1,0,2,3,3,1,3,3,397,0,1
5,0,0,2,1,1,1,1,1,1,3615,8,1
4,2,0,2,1,4,2,1,3,2,3518,5,1
5,3,3,3,6,3,3,1,0,0,742,6,1
7,2,2,4,1,6,4,0,2,2,954,4,1
3,0,2,3,4,1,0,0,3,2,4636,8,1
3,0,3,3,7,6,1,1,3,2,1997,3,1
5,0,2,5,1,2,0,0,3,2,1279,4,1
2,1,1,2,1,1,0,0,1,1,2558,6,1
3,2,3,0,4,6,4,1,3,3,3805,0,1
1,0,1,0,2,3,1,0,0,0,4860,7,1
4,2,2,0,5,1,3,0,3,3,1560,5,1
2,2,2,0,1,5,1,1,3,0,4176,2,1
6,0,3,6,3,6,3,0,2,1,458,0,1
3,0,1,0,8,4,1,0,1,0,3691,3,1
7,3,0,4,3,4,4,0,0,0,4212,2,1
3,2,0,1,2,3,2,1,0,0,4915,2,1
8,2,3,8,6,3,5,1,1,0,1217,2,1
8,3,0,5,8,5,5,0,3,1,3225,1,1
7,0,2,5,4,1,1,0,0,0,1601,0,1
1,0,0,1,4,5,2,0,2,2,2720,2,1
5,2,3,5,5,2,3,1,3,3,3027,6,1
2,0,1,1,7,1,4,1,2,0,989,10,1
7,2,2,4,2,5,3,0,3,2,2633,4,1
6,2,0,6,2,6,0,1,1,1,3297,1,1
7,1,0,3,5,1,3,0,0,0,2018,1,1
2,0,0,0,8,1,1,1,1,1,2238,7,1
3,3,1,0,6,4,1,1,0,0,3600,10,1
6,0,0,1,6,2,2,0,3,3,1628,6,1
1,0,0,0,6,3,0,1,2,1,4499,7,1
5,1,2,5,5,1,5,1,1,1,1654,4,1
2,0,0,1,4,1,1,1,2,1,3241,10,1
7,2,1,7,2,2,5,0,2,1,1921,8,1
1,0,1,0,4,4,1,1,1,1,3229,6,1
7,3,1,1,1,6,3,1,0,0,2723,7,1
1,0,0,1,1,2,5,0,0,0,4430,2,1
1,1,1,0,8,6,5,0,2,1,439,0,1
6,3,0,5,2,2,3,1,1,0,1728,3,1
2,1,2,0,3,6,1,1,3,2,2856,1,1
3,0,0,2,6,3,4,0,0,0,1341,0,1
3,3,1,1,5,4,5,1,0,0,1273,6,1
5,1,3,3,5,3,4,0,2,0,4674,4,1
1,0,1,1,5,1,4,0,3,2,4984,6,1
6,2,3,6,7,6,3,0,2,0,4241,5,1
2,2,1,0,7,5,3,1,2,2,1826,7,1
1,1,1,0,4,5,2,1,0,0,3735,9,1
8,3,0,4,5,6,5,1,1,1,3344,0,1
7,1,1,1,5,4,2,1,2,2,3479,0,1
1,0,0,0,1,2,5,1,0,0,4411,9,1
7,3,0,6,4,4,4,0,0,0,4650,10,1
2,1,2,0,8,2,4,0,0,0,1115,7,1
8,0,0,8,8,1,1,0,1,1,521,0,1
2,2,1,2,2,6,2,1,0,0,2133,8,1
5,2,3,5,6,1,1,1,2,0,4768,0,1
4,1,1,3,3,5,5,1,3,1,560,1,1
8,3,2,6,6,6,5,0,0,0,4502,5,1
1,0,1,0,1,6,2,0,2,0,3453,9,1
3,0,2,2,6,6,4,0,2,2,2713,2,1
8,0,3,1,2,1,3,0,0,0,1540,8,1
8,1,0,0,2,1,5,0,0,0,3499,7,1
3,0,0,3,1,4,0,0,0,0,4605,5,1
3,1,1,0,7,1,5,0,3,2,2475,10,1
6,1,2,5,4,5,1,1,0,0,3787,6,1
7,1,2,7,7,5,1,1,0,0,1346,6,1
8,3,1,5,8,6,4,1,3,1,308,10,1
5,3,2,3,8,1,2,1,1,0,2247,6,1
1,1,1,0,8,2,0,1,3,1,1987,3,1
3,0,0,2,6,1,0,1,0,0,503,8,1
2,2,2,0,6,6,1,1,1,1,4154,9,1
1,1,1,1,2,6,4,1,2,1,2637,9,1
3,2,2,1,2,2,0,0,1,1,2423,1,1
3,0,2,2,5,1,0,1,3,2,1166,8,1
3,2,0,2,2,3,3,1,1,1,3399,2,1
6,0,0,0,6,2,0,0,0,0,4296,8,1
6,2,2,3,4,4,2,1,2,1,4004,1,1
3,3,3,3,3,3,2,1,2,1,3241,10,1
3,2,1,0,1,1,0,1,3,0,3603,3,1
7,2,1,7,2,3,1,0,0,0,2988,2,1
2,1,2,2,2,3,4,1,2,2,3782,8,1
1,0,1,0,1,2,5,0,3,2,2266,5,1
8,1,3,3,4,5,0,1,3,2,3521,7,1
7,1,3,3,5,6,0,1,2,1,3672,1,1
1,0,0,0,1,6,1,1,2,0,1480,2,1
8,2,0,4,8,3,0,0,2,0,4507,3,1
8,3,0,2,4,2,2,1,2,0,1351,1,1
8,2,3,7,7,2,3,1,3,2,763,10,1
7,3,1,6,4,6,3,1,0,0,2804,3,1
1,1,0,1,1,4,2,1,3,0,3785,3,1
8,0,1,5,6,5,3,1,1,0,541,10,1
7,2,3,2,4,3,4,1,1,1,2645,2,1
2,1,0,1,6,2,2,1,0,0,2676,9,1
5,3,3,1,6,1,3,1,1,0,4979,2,1
3,0,1,1,2,6,2,0,0,0,1431,5,1
3,0,1,3,7,6,2,1,3,3,2490,4,1
6,3,1,3,4,1,3,1,3,3,638,9,1
5,2,3,1,4,3,0,0,0,0,1775,3,1
5,1,1,3,5,5,1,0,1,0,2232,1,1
5,1,0,1,6,6,4,0,0,0,1885,3,1
7,3,1,4,7,2,3,0,0,0,4708,7,1
2,2,1,2,5,1,1,1,2,2,2616,4,1
6,2,0,5,2,3,2,0,3,3,1373,6,1
8,0,3,4,6,4,0,0,0,0,2227,3,1
6,0,3,1,5,6,5,1,3,1,1228,6,1
6,1,3,0,4,3,5,0,3,1,2486,4,1
3,2,3,3,1,6,0,0,2,1,2427,8,1
1,0,1,0,1,5,5,0,1,1,2102,1,1
1,1,1,0,1,2,4,1,3,1,1640,7,1
3,1,0,2,1,1,4,1,2,0,1358,0,1
1,1,0,0,3,2,0,0,3,0,4422,6,1
8,0,1,3,2,2,0,0,1,0,3867,2,1
4,2,1,3,2,3,0,1,1,0,3616,6,1
8,3,0,3,3,1,4,1,0,0,4644,10,1
3,0,2,1,4,4,3,1,2,2,4658,9,1
8,1,2,8,4,4,3,1,1,1,2199,10,1
2,1,2,1,5,5,4,1,0,0,2076,10,1
5,0,3,1,4,6,3,0,2,2,3432,2,1
5,1,1,4,1,4,4,1,0,0,3082,6,1
7,3,2,5,1,4,5,1,1,1,4560,2,1
5,3,0,0,4,3,5,1,0,0,1319,1,1
7,2,1,6,4,4,4,1,2,0,3145,8,1
8,0,2,8,3,1,4,0,0,0,2975,7,1
2,1,2,2,2,4,3,1,1,0,2529,8,1
2,0,0,2,4,6,4,0,2,2,3803,2,1
1,1,1,1,5,2,2,1,2,0,3762,1,1
3,1,0,0,3,1,4,1,1,1,4888,6,1
6,3,2,6,5,2,1,0,2,2,3626,3,1
2,1,1,2,8,5,1,0,2,0,517,2,1
4,0,2,4,8,1,1,0,0,0,1569,0,1
2,2,1,2,5,4,4,0,1,1,3599,10,1
3,3,0,2,5,4,2,0,0,0,1306,7,1
2,1,0,1,8,4,1,0,0,0,2010,7,1
1,0,1,1,3,3,4,0,2,0,1200,4,1
6,3,2,4,2,5,4,1,3,3,3975,8,1
8,2,3,6,8,3,0,1,1,0,2656,1,1
6,2,1,6,6,4,1,1,0,0,3572,7,1
4,1,3,1,4,4,2,0,3,0,3782,1,1
6,1,2,4,5,4,4,1,1,1,916,10,1
2,2,1,0,2,3,0,1,0,0,4926,8,1
8,0,0,6,5,3,1,0,0,0,2904,4,1
7,1,3,2,3,4,2,1,2,0,1493,7,1
8,2,2,4,4,6,0,1,3,2,654,0,1
8,1,2,6,2,3,5,0,3,2,4259,4,1
4,1,3,2,8,4,1,0,3,0,1234,3,1
4,0,3,3,2,3,2,1,2,0,4111,7,1
6,0,0,6,5,3,2,0,1,1,4021,5,1
4,0,3,1,7,2,0,0,3,0,4685,5,1
8,2,1,1,4,6,5,0,2,1,4070,1,1
7,1,2,1,4,6,3,0,3,1,4054,0,1
2,0,0,1,6,2,1,1,0,0,3381,0,1
1,0,0,0,6,5,5,0,0,0,1457,7,1
6,3,2,1,4,3,4,1,2,2,4106,1,1
2,1,0,1,1,3,4,1,0,0,772,9,1
5,1,0,2,3,5,2,1,0,0,2371,6,1
2,2,0,2,1,1,1,0,1,1,2327,2,1
2,2,1,0,5,3,5,0,3,2,4803,10,1
6,3,1,2,3,3,3,0,0,0,1374,5,1
7,3,1,2,6,3,4,0,2,1,1445,2,1
1,1,0,0,1,5,3,1,1,1,4193,2,1
2,0,1,2,4,1,3,0,0,0,1407,5,1
2,2,1,1,2,3,4,0,0,0,656,6,1
4,0,0,4,6,5,3,1,1,1,4485,7,1
2,2,1,1,3,6,4,1,3,3,1727,6,1
7,1,0,6,2,2,5,1,2,1,4669,10,1
3,1,0,2,4,6,3,0,3,3,607,5,1
2,0,2,0,2,2,3,1,0,0,2726,0,1
7,3,0,7,2,5,0,0,1,0,4968,1,1
1,0,0,1,1,4,0,1,2,2,1063,6,1
5,1,2,1,3,2,3,1,3,0,3813,7,1
6,2,3,5,4,4,2,1,3,2,421,6,1
4,2,2,4,7,6,2,1,2,0,859,3,1
7,2,0,4,4,6,1,1,3,1,753,1,1
7,1,1,6,8,2,4,1,1,1,4158,8,1
8,0,2,1,7,1,5,1,3,2,2962,2,1
3,2,3,1,5,6,4,1,1,1,2435,1,1
6,2,1,1,1,4,2,0,0,0,477,10,1
3,3,3,0,4,6,4,1,3,3,2543,9,1
4,1,3,2,5,2,0,1,1,1,2406,9,1
6,0,1,2,4,1,5,1,0,0,4448,7,1
3,2,3,1,3,1,5,0,2,1,4089,10,1
2,1,0,0,6,4,4,0,1,1,1000,9,1
3,2,2,1,1,2,3,0,1,0,1071,7,1
2,0,1,1,8,1,2,0,0,0,967,10,1
5,3,0,1,2,6,3,0,2,1,2341,6,1
1,1,0,1,1,6,2,0,2,0,2780,8,1
7,1,1,5,2,1,2,1,1,0,2756,3,1
7,1,1,4,7,3,3,1,3,0,4031,8,1
5,1,2,4,5,4,1,0,3,1,1834,8,1
5,3,3,4,8,1,5,0,0,0,4079,6,1
4,2,0,4,7,6,2,0,3,1,671,9,1
3,2,1,1,3,3,2,1,0,0,1335,2,1
3,2,0,2,2,6,2,0,3,1,1678,2,1
6,1,0,3,8,5,3,1,0,0,4305,6,1
5,3,2,5,8,1,4,0,1,1,3485,3,1
6,1,1,4,7,3,5,1,1,1,4249,3,1
3,2,2,2,3,6,0,0,0,0,2389,7,1
1,0,1,1,5,4,3,1,0,0,2429,5,1
8,2,3,2,3,2,3,1,2,2,2241,3,1
2,0,1,1,2,5,2,1,1,1,3833,6,1
7,3,2,6,4,6,4,0,3,0,672,4,1
5,0,1,5,3,5,1,0,1,0,2200,4,1
5,2,1,0,3,3,2,0,1,0,443,10,1
6,0,1,0,2,2,4,0,0,0,1927,4,1
2,0,1,2,4,3,0,0,2,2,2680,8,1
2,1,1,0,2,4,1,0,1,0,4464,4,1
8,2,3,8,6,1,0,1,3,3,774,5,1
6,2,1,4,7,5,5,1,0,0,1200,8,1
4,2,0,3,8,1,3,1,0,0,1828,0,1
5,0,1,2,5,1,1,1,0,0,1541,5,1
3,0,1,2,1,5,1,0,1,0,1650,2,1
8,0,0,0,3,3,2,1,2,2,2609,3,1
5,3,3,0,2,1,4,0,1,1,1026,0,1
1,0,1,0,2,5,2,0,0,0,4682,8,1
2,0,0,2,8,4,4,1,0,0,4698,9,1
2,0,1,2,2,2,0,0,1,1,3515,1,1
1,0,0,1,7,2,4,1,0,0,1123,8,1
1,0,1,0,5,2,4,1,3,1,2751,2,1
8,0,0,0,4,2,3,1,1,0,2775,9,1
6,1,1,1,2,2,5,1,2,0,682,9,1
1,0,1,1,1,1,4,1,1,0,2867,3,1
5,1,0,4,3,6,1,0,0,0,3739,9,1
3,2,0,2,7,4,2,1,2,1,2635,0,1
1,1,0,1,1,4,5,0,3,0,4777,1,1
7,0,3,1,5,3,3,0,0,0,3815,0,1
6,2,0,1,7,4,4,0,0,0,2879,10,1
7,1,2,1,1,3,0,0,2,0,1739,4,1
5,0,3,3,5,3,3,1,2,2,3222,2,1
7,2,2,7,5,3,1,1,0,0,2208,7,1
1,1,0,1,7,4,1,0,0,0,841,0,1
7,1,0,4,5,5,0,1,2,1,2672,9,1
2,1,1,2,4,1,5,0,0,0,1044,5,1
7,2,1,5,3,6,1,0,1,1,4670,7,1
6,1,0,5,4,6,3,0,0,0,660,3,1
8,2,2,7,2,4,2,0,2,2,3324,5,1
2,1,0,0,2,3,3,1,2,1,914,6,1
2,0,1,2,8,5,0,0,3,2,1241,8,1
4,2,2,3,2,6,2,1,3,1,2633,3,1
3,3,1,1,4,1,4,0,2,2,706,3,1
5,3,1,4,4,3,1,0,2,2,1435,7,1
2,1,2,0,7,4,4,1,0,0,4349,3,1
6,3,1,2,1,1,3,1,2,2,1867,3,1
4,1,1,2,6,1,3,1,1,0,1421,5,1
4,0,2,3,7,6,5,0,1,1,1984,8,1
1,1,1,0,2,5,2,1,1,1,4959,7,1
3,1,0,2,1,2,5,1,0,0,965,0,1
3,2,2,2,7,5,4,1,3,2,1190,3,1
3,1,1,1,7,3,4,0,0,0,2305,1,1
5,3,0,4,1,1,5,0,1,1,2167,5,1
7,0,1,6,8,1,1,0,3,2,2239,7,1
2,0,1,1,3,5,0,1,2,2,3450,8,1
6,3,2,6,8,2,4,1,3,3,3876,9,1
1,0,1,0,3,3,1,0,1,0,3748,0,1
7,0,3,2,3,2,4,1,3,0,4374,1,1
4,3,1,2,2,1,3,0,3,1,401,2,1
5,3,1,0,7,2,2,1,0,0,1389,8,1
3,2,2,0,8,5,5,0,0,0,2995,3,1
6,2,0,3,3,3,1,0,2,1,4430,8,1
2,2,0,1,1,2,1,1,3,3,3336,9,1
1,0,1,0,6,5,0,1,0,0,4084,4,1
1,1,0,1,5,6,0,1,1,0,4924,5,1
2,0,2,1,2,3,2,1,1,1,4900,4,1
2,0,1,1,1,5,0,1,3,1,1547,1,1
3,2,1,3,7,6,3,0,2,0,3936,8,1
3,0,1,0,1,5,0,1,0,0,4066,5,1
5,2,1,4,6,3,5,1,1,0,3696,3,1
6,2,1,2,8,6,4,0,2,1,2127,9,1
1,0,1,1,5,6,2,1,1,0,3053,10,1
7,1,1,4,7,2,0,0,3,2,1299,5,1
1,0,1,0,2,3,5,1,3,3,2112,1,1
4,3,0,0,6,5,0,1,3,2,554,10,1
5,2,0,1,3,1,5,0,1,0,2432,6,1
5,0,3,1,1,4,4,0,2,0,1575,4,1
4,2,2,1,7,4,5,1,0,0,4410,7,1
3,3,1,0,5,6,3,1,1,0,814,8,1
6,1,2,2,2,3,0,1,1,1,2582,1,1
8,2,2,6,8,6,1,1,2,0,2515,3,1
4,1,1,2,2,2,0,0,0,0,311,7,1
6,1,3,0,3,6,2,1,2,0,4174,1,1
6,1,1,4,5,3,2,1,2,1,3683,5,1
3,1,1,0,7,1,2,0,1,0,4379,7,1
3,0,0,0,1,2,5,1,3,1,587,1,1
5,0,3,5,3,2,5,1,1,1,4235,8,1
5,1,3,2,3,3,0,1,3,3,1638,0,1
3,0,2,1,2,1,3,1,1,1,2699,3,1
7,2,2,7,2,6,0,1,2,1,551,9,1
8,1,1,1,8,3,3,0,2,2,4263,5,1
5,2,1,2,6,2,5,0,2,0,372,1,1
4,2,2,0,7,5,5,1,0,0,1292,8,1
8,1,3,2,5,5,1,1,0,0,885,5,1
8,0,2,8,4,4,0,1,2,2,2131,6,1
7,1,0,2,3,1,4,1,0,0,1576,5,1
7,3,0,1,4,4,4,1,0,0,4224,0,1
7,2,0,3,2,2,2,0,0,0,4742,7,1
2,0,2,1,5,3,0,1,2,1,2199,1,1
5,1,3,5,8,2,2,0,0,0,1483,5,1
6,3,0,1,2,6,1,1,3,0,4122,4,1
4,0,0,3,4,4,0,0,3,0,2163,8,1
1,1,1,0,7,5,4,1,0,0,524,3,1
2,0,2,2,5,2,0,0,1,1,319,1,1
2,2,0,2,4,5,2,1,0,0,1300,4,1
3,3,1,3,1,1,0,1,1,0,2875,7,1
3,2,2,0,2,6,4,0,0,0,3655,1,1
3,3,0,3,4,5,3,1,2,1,3225,0,1
5,3,3,1,3,3,1,1,1,1,4190,4,1
3,2,0,2,3,1,3,1,3,1,4585,0,1
8,2,0,1,4,1,4,0,0,0,2985,1,1
3,3,2,0,5,4,2,0,3,1,2974,3,1
8,1,3,8,5,5,5,0,1,0,2275,2,1
6,1,1,4,8,3,1,0,3,3,3603,4,1
4,1,0,4,8,3,0,0,2,1,1727,4,1
6,1,3,1,5,1,0,0,2,1,3289,2,1
1,0,1,1,6,6,3,0,0,0,2593,2,1
7,1,0,5,6,1,5,1,0,0,606,6,1
6,3,2,3,7,1,3,1,1,0,4780,5,1
7,3,1,4,3,1,3,1,0,0,4213,4,1
2,1,0,2,7,1,5,1,2,2,3279,8,1
6,2,1,1,4,3,0,0,3,1,3120,0,1
8,3,0,6,2,3,4,1,2,0,1713,8,1
6,0,0,1,8,3,0,0,1,0,1832,2,1
5,2,3,0,3,5,0,1,2,0,2038,7,1
7,2,1,2,7,5,5,0,3,0,2417,9,1
2,0,0,2,1,6,2,1,2,2,2587,4,1
2,0,1,0,3,3,1,1,3,3,2939,8,1
6,0,1,1,5,5,2,1,3,2,1723,4,1
2,0,0,2,1,3,3,0,0,0,464,6,1
7,2,2,0,5,3,1,0,3,0,4276,10,1
5,2,2,4,3,1,5,1,0,0,4360,9,1
4,2,1,1,4,1,1,0,3,3,4248,10,1
8,2,3,6,1,1,4,0,1,1,4339,4,1
1,0,1,1,6,5,4,0,3,0,3475,9,1
1,0,0,1,6,4,0,0,0,0,2919,1,1
4,1,0,2,8,5,5,1,0,0,4140,5,1
3,2,1,2,4,6,0,0,1,1,2384,5,1
8,1,1,6,6,6,4,1,2,0,4845,6,1
4,2,2,0,6,4,4,0,0,0,2206,3,1
2,1,2,0,5,5,5,0,1,1,1502,2,1
3,0,3,3,6,6,5,0,2,0,3637,5,1
3,0,2,0,7,3,5,0,0,0,3728,7,1
1,0,0,1,6,4,5,0,3,2,4669,1,1
1,0,0,0,7,3,2,0,2,1,457,9,1
1,0,0,0,2,2,0,1,0,0,1201,10,1
1,0,0,1,6,2,1,0,2,2,3669,5,1
8,1,0,5,8,5,2,1,3,2,3820,2,1
3,3,1,3,8,5,4,0,2,2,598,0,1
1,0,0,0,6,1,2,0,1,0,784,3,1
4,2,0,4,7,4,3,0,3,2,2490,8,1
3,2,2,2,4,3,5,1,3,3,1445,9,1
2,0,0,0,1,1,0,0,0,0,331,1,0
4,0,0,3,0,1,1,0,2,0,180,0,0
1,0,0,1,0,1,1,0,1,0,1406,2,0
2,0,0,1,1,0,0,0,1,0,2466,3,0
4,0,0,3,0,1,0,0,1,0,1805,3,0
3,0,0,2,0,0,0,0,0,0,102,3,0
5,0,0,1,0,0,1,0,1,0,1545,0,0
4,0,0,0,1,0,0,0,0,0,1606,1,0
0,0,0,0,0,0,0,0,1,0,980,2,0
1,0,0,0,1,0,0,0,3,0,456,2,0
4,0,0,1,1,0,0,0,0,0,242,3,0
0,0,0,0,0,1,1,0,2,0,700,3,0
2,0,0,2,1,1,0,0,3,0,963,3,0
3,0,0,3,0,1,0,0,1,0,1989,1,0
5,0,0,4,1,1,0,0,2,0,2594,1,0
2,0,0,2,1,0,0,0,1,0,824,3,0
2,0,0,1,1,0,0,0,0,0,1917,2,0
5,0,0,2,0,1,0,0,0,0,2371,3,0
4,0,0,3,0,1,1,0,2,0,1798,0,0
2,0,0,0,1,1,1,0,2,0,705,0,0
3,0,0,1,0,1,0,0,2,0,1622,0,0
4,0,0,1,0,1,1,0,2,0,1281,3,0
2,0,0,2,0,0,1,0,1,0,830,0,0
0,0,0,0,0,1,0,0,0,0,2508,3,0
1,0,0,0,0,0,1,0,1,0,2074,1,0
0,0,0,0,0,1,0,0,3,0,2708,2,0
0,0,0,0,0,1,0,0,0,0,284,1,0
2,0,0,1,1,1,0,0,2,0,2314,0,0
3,0,0,1,1,0,1,0,1,0,622,0,0
4,0,0,1,0,0,1,0,2,0,2872,0,0
2,0,0,1,0,1,0,0,1,0,729,3,0
1,0,0,1,1,1,1,0,0,0,2838,0,0
5,0,0,4,0,1,0,0,2,0,2503,2,0
5,0,0,4,0,0,1,0,2,0,931,3,0
3,0,0,2,1,0,0,0,0,0,2230,1,0
5,0,0,4,0,0,0,0,3,0,2293,1,0
3,0,0,0,0,0,0,0,1,0,2905,3,0
0,0,0,0,0,1,1,0,0,0,545,0,0
3,0,0,2,1,0,1,0,0,0,726,3,0
3,0,0,0,0,1,0,0,3,0,384,2,0
3,0,0,1,0,0,1,0,2,0,2409,0,0
4,0,0,1,1,1,0,0,1,0,1967,1,0
5,0,0,5,0,0,1,0,3,0,1314,1,0
0,0,0,0,1,1,0,0,2,0,699,3,0
4,0,0,3,0,0,0,0,1,0,826,0,0
4,0,0,3,1,1,0,0,1,0,1320,0,0
2,0,0,1,1,1,1,0,1,0,1397,2,0
3,0,0,0,0,1,0,0,2,0,345,3,0
4,0,0,0,1,0,0,0,1,0,2436,1,0
5,0,0,2,0,0,1,0,2,0,1440,1,0
1,0,0,0,0,1,0,0,2,0,1016,3,0
4,0,0,0,1,1,0,0,2,0,1304,2,0
4,0,0,2,0,1,1,0,3,0,181,0,0
3,0,0,3,0,0,1,0,0,0,2703,3,0
0,0,0,0,0,0,0,0,2,0,2581,1,0
3,0,0,0,0,1,1,0,3,0,1604,2,0
5,0,0,4,1,1,0,0,2,0,785,1,0
5,0,0,3,1,1,1,0,0,0,1771,3,0
4,0,0,4,1,0,1,0,3,0,934,1,0
2,0,0,2,1,1,0,0,1,0,2306,0,0
0,0,0,0,1,1,1,0,1,0,753,1,0
5,0,0,3,1,1,0,0,0,0,151,2,0
2,0,0,2,1,1,1,0,1,0,788,0,0
4,0,0,1,1,0,1,0,3,0,1603,2,0
2,0,0,1,1,0,0,0,1,0,1177,3,0
4,0,0,0,1,1,1,0,0,0,386,3,0
1,0,0,1,0,1,1,0,0,0,2705,3,0
1,0,0,1,0,0,0,0,2,0,2158,1,0
4,0,0,3,1,0,0,0,0,0,570,2,0
4,0,0,1,0,0,1,0,3,0,1649,0,0
1,0,0,1,1,0,0,0,1,0,2309,0,0
2,0,0,1,1,1,0,0,1,0,2253,1,0
5,0,0,4,1,1,1,0,3,0,2470,1,0
0,0,0,0,1,1,1,0,1,0,2690,0,0
2,0,0,1,0,1,0,0,1,0,594,3,0
2,0,0,1,1,1,1,0,0,0,2911,2,0
1,0,0,1,1,0,0,0,3,0,2457,2,0
4,0,0,2,0,1,1,0,3,0,1647,3,0
1,0,0,0,1,1,1,0,3,0,2278,3,0
5,0,0,2,0,1,1,0,1,0,1137,2,0
1,0,0,0,1,0,0,0,1,0,2669,1,0
0,0,0,0,1,0,0,0,2,0,1968,3,0
0,0,0,0,0,0,0,0,0,0,1029,0,0
0,0,0,0,0,0,0,0,1,0,2640,3,0
2,0,0,2,1,1,0,0,3,0,2392,1,0
2,0,0,0,1,1,0,0,3,0,163,1,0
5,0,0,0,0,0,0,0,3,0,1456,3,0
0,0,0,0,1,1,0,0,3,0,1687,2,0
2,0,0,0,0,0,0,0,3,0,2455,1,0
1,0,0,0,0,0,1,0,1,0,2540,2,0
2,0,0,1,0,1,1,0,3,0,732,2,0
2,0,0,1,1,1,0,0,3,0,1450,0,0
4,0,0,2,1,0,1,0,1,0,1390,0,0
3,0,0,3,0,0,1,0,2,0,1539,1,0
4,0,0,3,0,0,0,0,3,0,1162,2,0
4,0,0,4,1,0,1,0,0,0,126,1,0
1,0,0,0,0,0,0,0,2,0,1270,3,0
2,0,0,0,0,0,0,0,0,0,2599,0,0
3,0,0,3,1,0,0,0,1,0,351,0,0
2,0,0,1,0,0,0,0,1,0,875,0,0
2,0,0,0,1,0,0,0,2,0,244,1,0
2,0,0,0,1,0,0,0,0,0,1251,2,0
4,0,0,4,0,0,0,0,2,0,569,3,0
3,0,0,3,0,1,1,0,0,0,751,2,0
4,0,0,4,0,0,1,0,0,0,734,1,0
5,0,0,2,1,1,0,0,3,0,1659,1,0
2,0,0,0,1,0,0,0,1,0,2870,1,0
1,0,0,0,1,1,0,0,0,0,2753,2,0
1,0,0,1,0,1,0,0,0,0,2240,0,0
3,0,0,3,0,1,1,0,1,0,2446,3,0
0,0,0,0,0,0,1,0,3,0,347,3,0
4,0,0,0,1,1,1,0,0,0,332,1,0
4,0,0,1,0,1,1,0,1,0,640,3,0
4,0,0,3,0,0,0,0,0,0,1610,1,0
5,0,0,0,1,0,0,0,1,0,1323,3,0
0,0,0,0,0,1,0,0,2,0,1211,3,0
4,0,0,4,0,1,1,0,3,0,285,1,0
4,0,0,2,1,0,0,0,2,0,1465,1,0
2,0,0,2,0,0,0,0,0,0,2201,3,0
0,0,0,0,1,1,1,0,1,0,1017,3,0
1,0,0,0,0,1,1,0,3,0,2526,2,0
2,0,0,0,0,0,0,0,1,0,1188,3,0
3,0,0,2,1,1,0,0,2,0,2831,2,0
2,0,0,1,1,0,1,0,3,0,2618,2,0
0,0,0,0,0,1,1,0,1,0,1574,0,0
3,0,0,2,0,0,0,0,0,0,279,2,0
3,0,0,1,0,1,0,0,0,0,2600,2,0
4,0,0,3,1,0,1,0,2,0,2431,1,0
2,0,0,0,0,0,1,0,1,0,471,3,0
2,0,0,1,1,0,0,0,2,0,2459,3,0
1,0,0,0,0,1,0,0,1,0,2560,2,0
3,0,0,2,1,1,0,0,0,0,1310,3,0
5,0,0,2,0,0,1,0,2,0,2785,0,0
0,0,0,0,0,1,1,0,0,0,2017,1,0
3,0,0,2,1,1,0,0,1,0,198,1,0
5,0,0,0,0,1,0,0,1,0,1730,1,0
5,0,0,4,1,1,0,0,0,0,685,2,0
4,0,0,4,0,0,0,0,3,0,2201,1,0
4,0,0,4,0,1,0,0,3,0,1886,3,0
2,0,0,2,1,1,0,0,2,0,2782,1,0
5,0,0,2,0,0,1,0,0,0,1116,3,0
0,0,0,0,0,0,1,0,3,0,2138,2,0
4,0,0,3,0,1,1,0,0,0,2683,0,0
1,0,0,1,1,0,0,0,2,0,1729,1,0
3,0,0,1,1,1,1,0,0,0,461,3,0
1,0,0,1,0,0,1,0,0,0,2157,1,0
1,0,0,1,0,0,1,0,1,0,1515,0,0
3,0,0,0,1,1,0,0,3,0,2614,2,0
0,0,0,0,1,1,0,0,1,0,2577,0,0
4,0,0,4,1,0,1,0,2,0,529,1,0
5,0,0,3,0,0,0,0,2,0,2547,2,0
3,0,0,3,1,1,0,0,1,0,108,3,0
1,0,0,0,0,1,0,0,1,0,1615,1,0
5,0,0,4,0,1,1,0,2,0,1515,2,0
0,0,0,0,0,0,0,0,2,0,441,0,0
5,0,0,5,0,0,1,0,1,0,210,3,0
3,0,0,3,0,0,1,0,1,0,661,1,0
0,0,0,0,0,1,1,0,2,0,1676,3,0
5,0,0,2,0,0,0,0,3,0,2063,2,0
2,0,0,0,0,0,1,0,1,0,627,1,0
0,0,0,0,1,0,0,0,1,0,1149,2,0
3,0,0,0,1,1,0,0,2,0,1954,2,0
4,0,0,3,0,0,0,0,2,0,1244,2,0
2,0,0,1,0,0,1,0,1,0,999,2,0
1,0,0,1,1,0,1,0,3,0,2415,1,0
4,0,0,0,1,1,1,0,0,0,1738,2,0
3,0,0,0,0,0,0,0,2,0,1299,3,0
0,0,0,0,0,0,0,0,1,0,1283,1,0
2,0,0,2,0,0,0,0,2,0,2680,2,0
0,0,0,0,0,0,1,0,1,0,1729,1,0
3,0,0,2,0,1,0,0,1,0,1150,0,0
5,0,0,1,1,1,1,0,2,0,2958,0,0
3,0,0,2,0,1,1,0,0,0,1928,0,0
2,0,0,2,0,0,1,0,2,0,2447,3,0
2,0,0,0,0,0,0,0,2,0,897,0,0
2,0,0,0,0,1,0,0,1,0,1718,3,0
0,0,0,0,0,1,0,0,2,0,2431,0,0
1,0,0,0,0,1,0,0,3,0,1579,2,0
3,0,0,1,0,1,0,0,3,0,2363,2,0
1,0,0,1,0,0,0,0,2,0,2119,3,0
4,0,0,2,0,0,0,0,3,0,1676,0,0
4,0,0,4,0,0,1,0,2,0,2532,0,0
5,0,0,0,1,1,1,0,3,0,1298,2,0
1,0,0,0,0,1,1,0,3,0,2062,1,0
3,0,0,2,1,1,0,0,3,0,719,0,0
4,0,0,3,1,1,0,0,3,0,352,2,0
1,0,0,1,1,1,1,0,1,0,1729,0,0
2,0,0,0,0,1,1,0,1,0,1101,1,0
2,0,0,2,0,1,1,0,3,0,2995,1,0
5,0,0,2,1,0,0,0,1,0,1600,0,0
1,0,0,0,1,1,0,0,2,0,1989,2,0
2,0,0,0,1,1,1,0,2,0,482,0,0
3,0,0,3,1,0,0,0,3,0,2225,0,0
4,0,0,0,0,0,0,0,1,0,2325,1,0
3,0,0,2,1,0,0,0,2,0,1129,3,0
0,0,0,0,0,1,1,0,1,0,805,2,0
3,0,0,2,0,1,1,0,2,0,1339,3,0
4,0,0,0,1,0,1,0,2,0,2824,1,0
3,0,0,2,0,0,1,0,0,0,1188,3,0
0,0,0,0,1,1,1,0,3,0,2819,2,0
4,0,0,2,1,1,1,0,3,0,162,0,0
5,0,0,3,0,0,1,0,3,0,1237,2,0
1,0,0,1,1,1,0,0,1,0,493,2,0
2,0,0,1,0,1,1,0,1,0,2773,0,0
0,0,0,0,0,0,0,0,3,0,1576,0,0
3,0,0,0,0,0,1,0,3,0,369,1,0
3,0,0,0,1,1,1,0,3,0,1903,0,0
4,0,0,0,0,0,1,0,0,0,1205,2,0
3,0,0,0,0,0,0,0,3,0,2145,1,0
5,0,0,5,1,0,1,0,2,0,1847,3,0
5,0,0,0,0,1,0,0,1,0,512,0,0
4,0,0,4,0,1,1,0,0,0,1464,0,0
0,0,0,0,1,1,1,0,2,0,2478,1,0
3,0,0,1,1,1,1,0,1,0,1001,0,0
5,0,0,2,1,1,1,0,2,0,2535,1,0
2,0,0,1,1,0,0,0,0,0,1703,3,0
5,0,0,0,0,1,1,0,1,0,1081,2,0
5,0,0,0,0,1,0,0,2,0,2293,0,0
4,0,0,1,1,1,0,0,3,0,662,3,0
4,0,0,0,1,1,0,0,1,0,1636,3,0
4,0,0,2,1,0,0,0,1,0,1795,1,0
2,0,0,2,1,1,0,0,2,0,1884,2,0
0,0,0,0,0,0,0,0,0,0,1608,1,0
4,0,0,3,0,1,1,0,2,0,374,2,0
1,0,0,1,1,1,0,0,2,0,911,1,0
2,0,0,0,0,1,0,0,0,0,607,3,0
0,0,0,0,0,1,0,0,2,0,1117,2,0
1,0,0,1,0,0,1,0,2,0,371,3,0
1,0,0,0,1,0,1,0,3,0,1378,0,0
2,0,0,2,1,0,1,0,1,0,531,3,0
4,0,0,3,1,0,1,0,3,0,820,2,0
5,0,0,5,1,0,1,0,1,0,2974,0,0
3,0,0,1,1,1,1,0,1,0,2582,1,0
5,0,0,2,0,1,1,0,1,0,1395,0,0
0,0,0,0,1,0,0,0,1,0,1518,0,0
5,0,0,1,1,1,1,0,1,0,2333,1,0
5,0,0,1,1,0,1,0,1,0,1592,1,0
4,0,0,1,1,0,1,0,3,0,401,0,0
5,0,0,2,0,0,0,0,0,0,2986,3,0
5,0,0,1,0,0,0,0,3,0,1607,1,0
1,0,0,1,1,0,1,0,3,0,1552,0,0
4,0,0,2,1,1,0,0,1,0,1740,1,0
3,0,0,0,1,0,1,0,2,0,2060,0,0
0,0,0,0,1,1,0,0,3,0,1046,0,0
0,0,0,0,1,0,1,0,0,0,2575,1,0
5,0,0,3,1,1,0,0,2,0,1953,0,0
5,0,0,2,0,1,0,0,2,0,450,1,0
0,0,0,0,0,0,0,0,1,0,2722,2,0
5,0,0,0,0,1,0,0,2,0,1406,3,0
3,0,0,1,1,0,0,0,1,0,2874,0,0
0,0,0,0,1,1,1,0,2,0,2189,2,0
5,0,0,3,1,1,0,0,1,0,2417,2,0
0,0,0,0,0,1,1,0,1,0,367,2,0
4,0,0,1,0,0,1,0,0,0,1091,3,0
1,0,0,1,1,1,1,0,3,0,605,0,0
1,0,0,0,0,0,1,0,3,0,1746,3,0
3,0,0,0,1,1,0,0,2,0,114,3,0
1,0,0,1,1,1,0,0,1,0,2594,1,0
2,0,0,0,1,1,0,0,0,0,825,1,0
1,0,0,0,1,0,0,0,0,0,1245,3,0
3,0,0,0,1,0,1,0,3,0,404,3,0
3,0,0,1,1,1,0,0,3,0,1485,2,0
5,0,0,1,1,1,0,0,2,0,1550,0,0
4,0,0,0,0,1,0,0,2,0,1775,2,0
2,0,0,1,0,1,0,0,0,0,832,1,0
1,0,0,0,1,0,0,0,3,0,1381,0,0
4,0,0,0,0,1,0,0,1,0,1614,2,0
1,0,0,0,0,0,0,0,3,0,1720,1,0
1,0,0,1,1,0,1,0,1,0,540,3,0
0,0,0,0,0,0,0,0,1,0,1360,1,0
0,0,0,0,0,0,0,0,3,0,2064,1,0
5,0,0,4,1,0,1,0,1,0,1805,2,0
5,0,0,0,1,1,1,0,2,0,2092,1,0
1,0,0,1,0,0,1,0,1,0,697,2,0
4,0,0,3,1,0,1,0,0,0,2070,2,0
5,0,0,0,1,1,0,0,1,0,2095,3,0
1,0,0,1,0,0,1,0,3,0,778,0,0
1,0,0,0,0,0,0,0,1,0,2850,2,0
5,0,0,4,0,0,1,0,0,0,401,2,0
1,0,0,0,1,1,0,0,3,0,1492,1,0
0,0,0,0,1,1,1,0,0,0,1045,3,0
1,0,0,0,0,1,0,0,2,0,687,3,0
3,0,0,3,0,0,1,0,3,0,1352,3,0
3,0,0,1,1,0,0,0,3,0,2620,3,0
0,0,0,0,1,0,1,0,1,0,865,0,0
4,0,0,2,0,0,0,0,2,0,671,3,0
3,0,0,2,0,0,1,0,2,0,855,2,0
5,0,0,3,1,1,0,0,1,0,687,3,0
0,0,0,0,1,0,0,0,3,0,1386,0,0
5,0,0,2,1,0,0,0,1,0,831,2,0
0,0,0,0,1,0,1,0,0,0,2030,0,0
2,0,0,0,0,1,1,0,2,0,2525,1,0
1,0,0,0,1,0,0,0,0,0,2994,3,0
3,0,0,3,1,0,0,0,1,0,2782,0,0
5,0,0,2,0,0,1,0,1,0,997,0,0
5,0,0,5,1,1,1,0,3,0,184,2,0
5,0,0,2,1,0,1,0,1,0,2176,1,0
2,0,0,2,0,0,1,0,1,0,286,1,0
2,0,0,0,1,1,0,0,2,0,1961,2,0
0,0,0,0,1,0,1,0,3,0,702,0,0
5,0,0,2,0,0,1,0,3,0,2240,2,0
5,0,0,2,1,1,1,0,2,0,360,2,0
4,0,0,4,1,1,0,0,3,0,1616,2,0
3,0,0,0,1,1,0,0,1,0,2205,1,0
2,0,0,2,0,0,0,0,1,0,2865,1,0
2,0,0,0,1,0,1,0,3,0,2840,1,0
3,0,0,3,0,1,0,0,0,0,1383,3,0
0,0,0,0,1,1,1,0,3,0,1146,3,0
4,0,0,2,1,1,0,0,0,0,1287,2,0
5,0,0,1,1,1,1,0,2,0,223,2,0
3,0,0,2,1,0,0,0,0,0,291,2,0
2,0,0,1,0,0,1,0,3,0,2811,3,0
4,0,0,2,0,0,1,0,1,0,1338,1,0
2,0,0,1,1,1,0,0,2,0,1418,3,0
1,0,0,1,1,1,0,0,2,0,2662,0,0
5,0,0,5,0,1,1,0,3,0,775,2,0
3,0,0,1,0,1,1,0,3,0,2605,2,0
3,0,0,0,0,0,0,0,2,0,769,0,0
3,0,0,3,1,0,0,0,1,0,956,3,0
0,0,0,0,1,1,1,0,1,0,2179,0,0
3,0,0,1,0,1,1,0,3,0,1515,2,0
5,0,0,3,1,0,0,0,1,0,907,1,0
1,0,0,0,1,0,1,0,3,0,2651,1,0
2,0,0,0,1,0,1,0,1,0,2664,1,0
1,0,0,0,1,0,0,0,2,0,1386,1,0
3,0,0,2,0,1,0,0,1,0,1680,0,0
4,0,0,0,1,1,1,0,2,0,204,2,0
0,0,0,0,0,0,0,0,3,0,2363,2,0
3,0,0,0,0,1,0,0,3,0,1320,0,0
0,0,0,0,0,1,0,0,1,0,2244,3,0
1,0,0,0,1,0,0,0,2,0,1503,3,0
1,0,0,1,0,1,1,0,0,0,1286,1,0
3,0,0,1,0,1,1,0,0,0,470,2,0
4,0,0,4,1,1,1,0,0,0,597,0,0
5,0,0,4,0,0,1,0,1,0,2274,2,0
1,0,0,0,0,0,1,0,0,0,1346,0,0
2,0,0,0,0,1,1,0,3,0,658,3,0
3,0,0,0,1,0,0,0,1,0,2795,0,0
1,0,0,1,1,0,1,0,2,0,2354,1,0
5,0,0,0,0,1,1,0,2,0,374,1,0
1,0,0,0,0,0,1,0,2,0,1167,3,0
2,0,0,1,1,1,1,0,3,0,560,2,0
0,0,0,0,0,0,0,0,1,0,2019,1,0
0,0,0,0,0,0,0,0,0,0,388,0,0
3,0,0,3,1,0,1,0,0,0,940,3,0
3,0,0,1,0,1,0,0,0,0,1401,0,0
3,0,0,3,0,1,1,0,0,0,377,1,0
0,0,0,0,1,0,1,0,3,0,922,2,0
3,0,0,3,1,0,1,0,1,0,1310,3,0
2,0,0,0,1,1,1,0,2,0,1192,1,0
2,0,0,1,0,0,0,0,2,0,2438,1,0
1,0,0,0,1,0,1,0,1,0,2380,1,0
1,0,0,1,0,1,0,0,2,0,2604,1,0
5,0,0,2,1,0,0,0,2,0,719,1,0
4,0,0,0,1,0,1,0,2,0,1479,3,0
3,0,0,1,1,0,1,0,2,0,2275,0,0
0,0,0,0,1,0,0,0,1,0,2810,2,0
2,0,0,0,1,0,1,0,1,0,699,0,0
1,0,0,1,1,0,1,0,2,0,905,2,0
4,0,0,1,1,0,1,0,1,0,1223,1,0
3,0,0,0,1,0,0,0,0,0,1622,1,0
2,0,0,2,1,0,0,0,3,0,554,0,0
0,0,0,0,0,0,1,0,2,0,2357,3,0
5,0,0,0,0,1,1,0,3,0,1792,2,0
3,0,0,0,0,1,1,0,1,0,605,1,0
3,0,0,0,1,0,1,0,3,0,314,2,0
2,0,0,1,1,0,1,0,1,0,1837,0,0
2,0,0,2,1,1,0,0,2,0,2697,3,0
1,0,0,0,0,1,0,0,1,0,380,0,0
1,0,0,1,1,1,0,0,1,0,328,0,0
4,0,0,1,0,0,1,0,3,0,167,3,0
5,0,0,5,0,0,0,0,3,0,2425,1,0
5,0,0,2,1,0,0,0,0,0,2825,3,0
0,0,0,0,0,1,0,0,1,0,2825,1,0
0,0,0,0,1,1,0,0,2,0,1033,0,0
0,0,0,0,0,0,1,0,2,0,520,0,0
2,0,0,2,0,0,0,0,0,0,1909,3,0
1,0,0,1,1,1,0,0,3,0,1247,1,0
4,0,0,0,0,1,0,0,2,0,1338,0,0
4,0,0,1,0,0,0,0,1,0,2886,0,0
4,0,0,4,0,1,0,0,2,0,147,0,0
5,0,0,3,0,0,1,0,3,0,1607,0,0
1,0,0,1,0,0,1,0,1,0,1735,1,0
0,0,0,0,0,0,0,0,2,0,1189,2,0
2,0,0,2,0,0,0,0,2,0,1931,1,0
2,0,0,1,1,1,0,0,3,0,1999,0,0
0,0,0,0,1,0,0,0,0,0,2807,3,0
1,0,0,0,1,1,1,0,0,0,2983,1,0
2,0,0,2,1,0,0,0,2,0,2696,3,0
3,0,0,0,1,0,1,0,3,0,1906,3,0
5,0,0,0,1,0,0,0,0,0,2402,1,0
5,0,0,5,0,0,1,0,1,0,1586,2,0
0,0,0,0,0,0,1,0,1,0,1963,3,0
3,0,0,1,1,1,0,0,2,0,2608,0,0
0,0,0,0,0,1,1,0,0,0,2064,0,0
5,0,0,5,0,1,0,0,2,0,1327,0,0
3,0,0,0,0,1,1,0,2,0,1701,0,0
4,0,0,3,0,0,0,0,3,0,1920,3,0
5,0,0,5,0,0,0,0,0,0,1835,1,0
1,0,0,1,0,1,1,0,3,0,2682,2,0
5,0,0,4,0,0,1,0,0,0,1631,2,0
2,0,0,0,0,0,0,0,1,0,1634,1,0
5,0,0,2,0,0,0,0,2,0,1893,1,0
2,0,0,0,0,1,0,0,1,0,782,2,0
3,0,0,0,0,1,1,0,3,0,1545,2,0
5,0,0,3,1,1,0,0,2,0,2273,2,0
1,0,0,0,1,0,0,0,3,0,2563,2,0
4,0,0,3,1,0,0,0,1,0,2617,3,0
2,0,0,2,0,0,1,0,3,0,1936,0,0
4,0,0,1,0,1,1,0,0,0,1551,0,0
5,0,0,2,0,0,0,0,0,0,1802,0,0
5,0,0,0,1,1,0,0,1,0,493,0,0
2,0,0,0,1,1,1,0,3,0,1581,3,0
0,0,0,0,1,0,0,0,3,0,1930,1,0
1,0,0,0,1,1,0,0,2,0,1922,1,0
4,0,0,4,1,1,1,0,2,0,2027,2,0
3,0,0,2,1,0,1,0,1,0,313,1,0
3,0,0,2,0,1,0,0,2,0,2586,0,0
4,0,0,4,1,0,0,0,3,0,1818,2,0
4,0,0,4,0,1,0,0,1,0,1168,3,0
0,0,0,0,1,0,0,0,3,0,524,1,0
0,0,0,0,1,0,1,0,0,0,2197,0,0
4,0,0,0,1,1,0,0,1,0,1378,0,0
1,0,0,1,0,0,1,0,2,0,1211,1,0
3,0,0,0,1,0,1,0,0,0,1506,2,0
2,0,0,0,0,0,1,0,3,0,737,3,0
0,0,0,0,1,1,1,0,1,0,1545,2,0
5,0,0,2,0,0,1,0,0,0,2422,1,0
0,0,0,0,0,1,0,0,0,0,2913,3,0
5,0,0,2,0,1,1,0,3,0,937,1,0
2,0,0,0,0,1,0,0,0,0,2041,2,0
0,0,0,0,0,0,1,0,2,0,1688,1,0
2,0,0,0,1,1,0,0,2,0,795,0,0
5,0,0,3,0,1,1,0,0,0,1503,2,0
5,0,0,3,1,1,0,0,3,0,384,1,0
5,0,0,2,0,1,1,0,2,0,204,2,0
3,0,0,1,1,1,1,0,3,0,1556,1,0
4,0,0,0,1,1,0,0,2,0,1120,1,0
3,0,0,0,0,0,0,0,0,0,811,1,0
0,0,0,0,0,0,0,0,3,0,2066,2,0
3,0,0,1,0,1,1,0,3,0,1104,1,0
0,0,0,0,0,0,1,0,0,0,998,1,0
5,0,0,3,0,1,1,0,3,0,1178,3,0
5,0,0,3,0,0,1,0,2,0,2379,2,0
3,0,0,2,1,1,1,0,3,0,916,1,0
5,0,0,3,0,1,1,0,3,0,466,1,0
0,0,0,0,1,0,1,0,0,0,389,1,0
0,0,0,0,0,1,0,0,0,0,928,1,0
3,0,0,1,0,1,1,0,0,0,1012,2,0
2,0,0,0,1,1,1,0,2,0,2984,3,0
1,0,0,0,0,1,0,0,0,0,2749,1,0
0,0,0,0,0,0,1,0,2,0,729,2,0
3,0,0,3,0,0,1,0,3,0,1850,0,0
3,0,0,1,1,1,0,0,3,0,1531,0,0
1,0,0,0,1,1,1,0,0,0,2824,1,0
0,0,0,0,0,1,0,0,0,0,118,2,0
2,0,0,1,0,0,1,0,1,0,828,1,0
3,0,0,3,0,0,0,0,2,0,2666,3,0
0,0,0,0,0,0,0,0,1,0,1709,0,0
3,0,0,0,0,0,1,0,1,0,933,3,0
3,0,0,3,1,0,0,0,0,0,1344,1,0
4,0,0,0,0,1,0,0,0,0,1012,1,0
5,0,0,2,1,1,0,0,2,0,2965,3,0
4,0,0,4,1,0,1,0,3,0,695,1,0
1,0,0,0,1,0,1,0,3,0,1568,1,0
4,0,0,4,1,0,0,0,0,0,345,0,0
5,0,0,1,0,1,0,0,2,0,2025,1,0
3,0,0,2,1,1,0,0,1,0,1684,1,0
5,0,0,1,1,1,1,0,2,0,1015,1,0
4,0,0,1,0,1,1,0,1,0,2349,3,0
3,0,0,0,0,0,0,0,0,0,1145,0,0
0,0,0,0,1,1,1,0,1,0,2519,0,0
1,0,0,0,0,1,1,0,2,0,2670,2,0
3,0,0,2,0,1,1,0,2,0,1730,2,0
0,0,0,0,0,0,0,0,1,0,2491,0,0
4,0,0,4,0,1,0,0,0,0,819,3,0
5,0,0,4,1,0,1,0,1,0,2504,1,0
5,0,0,0,0,1,0,0,3,0,2795,2,0
4,0,0,1,0,1,1,0,3,0,1205,0,0
0,0,0,0,0,0,0,0,0,0,289,0,0
0,0,0,0,1,0,0,0,3,0,1471,2,0
0,0,0,0,0,0,0,0,2,0,603,2,0
3,0,0,1,0,1,1,0,1,0,2578,0,0
0,0,0,0,0,1,0,0,3,0,2210,0,0
4,0,0,4,0,1,0,0,0,0,1666,2,0
0,0,0,0,0,1,0,0,3,0,1840,2,0
4,0,0,2,1,1,0,0,3,0,1145,2,0
3,0,0,3,1,0,1,0,2,0,992,3,0
5,0,0,3,1,0,1,0,1,0,2905,2,0
3,0,0,1,0,0,1,0,0,0,1477,3,0
2,0,0,0,0,1,1,0,0,0,2524,3,0
2,0,0,1,1,1,1,0,3,0,2048,0,0
3,0,0,0,0,0,1,0,3,0,2518,3,0
5,0,0,4,1,0,0,0,2,0,797,1,0
3,0,0,2,1,1,0,0,0,0,2257,3,0
4,0,0,4,1,0,0,0,1,0,2797,0,0
1,0,0,0,0,1,1,0,1,0,574,3,0
2,0,0,1,0,0,1,0,2,0,218,2,0
3,0,0,3,0,1,0,0,2,0,596,2,0
5,0,0,5,1,1,1,0,2,0,1685,3,0
2,0,0,0,1,1,0,0,1,0,2634,3,0
1,0,0,0,1,0,1,0,1,0,2080,0,0
4,0,0,3,0,0,0,0,2,0,2428,3,0
5,0,0,4,0,0,1,0,3,0,334,0,0
5,0,0,0,0,1,0,0,3,0,2868,0,0
4,0,0,1,0,0,0,0,3,0,652,0,0
2,0,0,1,1,1,1,0,1,0,2107,2,0
0,0,0,0,1,0,0,0,1,0,2807,2,0
5,0,0,3,0,0,0,0,0,0,2797,0,0
1,0,0,1,0,1,0,0,0,0,2904,3,0
5,0,0,1,1,0,0,0,3,0,1494,0,0
0,0,0,0,0,1,0,0,2,0,954,0,0
0,0,0,0,0,0,1,0,0,0,547,3,0
2,0,0,1,0,1,0,0,1,0,2617,2,0
3,0,0,3,0,0,1,0,1,0,1334,1,0
3,0,0,2,0,1,1,0,3,0,2876,3,0
1,0,0,1,0,1,0,0,1,0,857,2,0
3,0,0,3,1,1,1,0,1,0,1704,2,0
4,0,0,4,1,0,1,0,2,0,2513,1,0
5,0,0,2,0,1,0,0,0,0,828,0,0
0,0,0,0,0,0,1,0,0,0,1979,0,0
0,0,0,0,0,0,1,0,2,0,1298,0,0
2,0,0,0,0,0,1,0,0,0,2868,0,0
2,0,0,0,0,0,1,0,3,0,2238,1,0
2,0,0,2,1,1,1,0,0,0,2828,1,0
5,0,0,5,0,1,1,0,3,0,2749,2,0
3,0,0,3,0,1,0,0,3,0,2131,2,0
2,0,0,0,1,0,1,0,2,0,2432,1,0
0,0,0,0,0,1,0,0,2,0,2568,3,0
4,0,0,0,0,0,1,0,1,0,276,2,0
3,0,0,2,1,0,0,0,3,0,947,2,0
0,0,0,0,1,0,1,0,0,0,2477,0,0
5,0,0,4,1,1,1,0,0,0,575,3,0
4,0,0,3,1,0,0,0,2,0,1994,1,0
3,0,0,0,1,1,0,0,0,0,1685,2,0
2,0,0,2,0,1,1,0,2,0,484,2,0
5,0,0,2,0,1,1,0,0,0,424,0,0
4,0,0,4,0,1,1,0,0,0,1839,3,0
4,0,0,0,0,1,0,0,3,0,1693,0,0
2,0,0,2,0,1,0,0,1,0,2424,0,0
3,0,0,2,1,1,1,0,1,0,1552,2,0
1,0,0,1,1,0,0,0,0,0,1730,3,0
4,0,0,3,1,1,0,0,2,0,806,2,0
1,0,0,0,1,0,1,0,1,0,877,2,0
0,0,0,0,0,0,1,0,0,0,2362,1,0
4,0,0,3,0,0,1,0,0,0,2433,0,0
2,0,0,1,1,1,1,0,1,0,1412,0,0
2,0,0,1,1,0,0,0,0,0,2817,1,0
1,0,0,0,1,0,1,0,1,0,870,0,0
4,0,0,2,0,0,1,0,3,0,325,0,0
5,0,0,3,1,0,0,0,1,0,2918,1,0
5,0,0,1,1,0,1,0,3,0,2441,3,0
2,0,0,0,1,1,1,0,0,0,225,1,0
2,0,0,2,0,0,1,0,1,0,1364,0,0
0,0,0,0,0,0,1,0,0,0,1925,2,0
3,0,0,3,1,0,1,0,2,0,1031,1,0
5,0,0,2,0,0,0,0,3,0,2340,3,0
0,0,0,0,1,0,1,0,3,0,129,2,0
1,0,0,0,1,0,1,0,3,0,2559,0,0
0,0,0,0,0,0,0,0,2,0,2793,2,0
0,0,0,0,0,1,0,0,1,0,136,1,0
1,0,0,1,0,1,1,0,0,0,2170,2,0
2,0,0,2,1,0,0,0,3,0,2304,0,0
2,0,0,2,0,0,1,0,2,0,2850,2,0
0,0,0,0,0,0,1,0,3,0,270,3,0
3,0,0,0,1,0,1,0,1,0,1527,0,0
3,0,0,1,0,0,0,0,2,0,584,3,0
2,0,0,1,0,1,1,0,2,0,834,2,0
0,0,0,0,1,0,0,0,2,0,1107,2,0
2,0,0,2,0,0,1,0,1,0,2402,3,0
3,0,0,1,1,0,0,0,3,0,1620,3,0
1,0,0,0,1,1,1,0,0,0,460,0,0
0,0,0,0,0,0,1,0,3,0,1067,2,0
2,0,0,2,1,0,1,0,1,0,2464,2,0
1,0,0,0,1,0,1,0,0,0,1784,1,0
1,0,0,0,0,1,0,0,0,0,2428,2,0
5,0,0,2,1,1,0,0,0,0,865,1,0
4,0,0,1,0,1,1,0,3,0,396,2,0
3,0,0,3,1,0,1,0,1,0,2418,3,0
0,0,0,0,0,1,1,0,1,0,1631,2,0
5,0,0,5,0,1,1,0,2,0,1973,1,0
2,0,0,1,0,0,0,0,1,0,1830,1,0
1,0,0,0,0,1,0,0,2,0,1859,2,0
2,0,0,2,0,1,1,0,2,0,1748,2,0
5,0,0,3,1,1,1,0,1,0,2714,0,0
2,0,0,0,1,1,1,0,0,0,2724,2,0
3,0,0,0,0,0,0,0,0,0,2686,3,0
4,0,0,1,0,0,1,0,1,0,803,0,0
3,0,0,0,1,1,1,0,1,0,2957,2,0
1,0,0,0,0,0,0,0,1,0,1189,1,0
5,0,0,2,1,0,0,0,0,0,894,2,0
1,0,0,1,1,0,0,0,3,0,2150,1,0
3,0,0,0,1,0,0,0,0,0,2477,2,0
1,0,0,1,1,0,1,0,0,0,1946,0,0
4,0,0,1,0,0,1,0,3,0,2909,1,0
3,0,0,0,1,1,0,0,0,0,584,2,0
4,0,0,1,0,1,0,0,0,0,712,3,0
4,0,0,1,0,0,1,0,3,0,298,3,0
3,0,0,0,0,0,1,0,2,0,2941,1,0
4,0,0,0,0,0,0,0,3,0,2588,1,0
0,0,0,0,0,1,1,0,3,0,1781,1,0
3,0,0,0,0,1,1,0,1,0,2188,0,0
5,0,0,4,1,0,1,0,1,0,1941,3,0
3,0,0,1,0,0,0,0,3,0,2246,1,0
5,0,0,4,1,0,0,0,2,0,252,3,0
3,0,0,1,0,0,1,0,0,0,1131,3,0
5,0,0,1,1,1,1,0,2,0,536,3,0
4,0,0,2,1,0,0,0,1,0,737,3,0
5,0,0,1,1,1,1,0,3,0,1829,3,0
1,0,0,1,1,1,0,0,0,0,681,1,0
0,0,0,0,1,0,0,0,0,0,230,1,0
1,0,0,1,1,1,1,0,2,0,2330,2,0
2,0,0,1,0,1,1,0,2,0,2583,0,0
0,0,0,0,1,0,1,0,1,0,2954,2,0
1,0,0,1,0,0,1,0,1,0,1438,3,0
2,0,0,1,0,0,0,0,2,0,2926,0,0
0,0,0,0,0,1,0,0,1,0,2343,2,0
1,0,0,0,1,0,0,0,1,0,1981,1,0
0,0,0,0,1,0,0,0,1,0,745,3,0
3,0,0,1,1,1,0,0,3,0,1263,3,0
2,0,0,2,0,0,1,0,3,0,233,2,0
2,0,0,0,1,0,0,0,2,0,1731,1,0
3,0,0,0,1,1,1,0,0,0,1818,1,0
1,0,0,1,1,1,0,0,1,0,1176,0,0
2,0,0,0,0,0,1,0,1,0,250,0,0
0,0,0,0,0,1,0,0,3,0,295,3,0
3,0,0,0,0,0,0,0,1,0,2367,0,0
4,0,0,2,1,1,1,0,1,0,1902,3,0
5,0,0,3,1,1,0,0,3,0,1558,2,0
1,0,0,0,0,1,1,0,2,0,1819,1,0
5,0,0,2,0,1,1,0,1,0,2278,1,0
1,0,0,1,0,1,0,0,1,0,1252,0,0
5,0,0,4,0,0,1,0,3,0,852,3,0
1,0,0,0,1,1,1,0,1,0,122,0,0
1,0,0,0,1,0,0,0,3,0,2802,1,0
4,0,0,2,0,1,1,0,2,0,449,0,0
3,0,0,1,1,1,1,0,3,0,454,1,0
5,0,0,1,1,0,0,0,0,0,390,0,0
0,0,0,0,0,1,1,0,0,0,1908,1,0
0,0,0,0,0,0,0,0,1,0,773,1,0
0,0,0,0,0,0,0,0,3,0,2545,2,0
0,0,0,0,0,1,1,0,0,0,638,0,0
0,0,0,0,0,0,1,0,3,0,1842,0,0
0,0,0,0,1,1,1,0,3,0,580,0,0
3,0,0,2,1,1,0,0,2,0,2865,1,0
1,0,0,1,1,1,1,0,2,0,2046,1,0
2,0,0,0,0,1,1,0,1,0,2280,3,0
0,0,0,0,0,1,1,0,3,0,178,1,0
4,0,0,3,1,0,0,0,0,0,2969,1,0
1,0,0,0,1,0,0,0,2,0,2106,2,0
0,0,0,0,1,1,0,0,2,0,404,1,0
2,0,0,2,0,0,1,0,2,0,164,2,0
4,0,0,4,1,1,0,0,3,0,2847,1,0
5,0,0,3,0,0,0,0,3,0,2249,1,0
4,0,0,2,0,0,0,0,2,0,2869,1,0
4,0,0,1,0,0,0,0,1,0,325,1,0
0,0,0,0,1,1,0,0,3,0,241,0,0
1,0,0,1,0,0,0,0,2,0,1232,0,0
2,0,0,2,0,0,0,0,1,0,1594,1,0
3,0,0,0,1,0,0,0,2,0,2117,0,0
2,0,0,2,0,1,1,0,3,0,519,3,0
1,0,0,1,1,1,1,0,1,0,1735,3,0
1,0,0,1,0,1,0,0,0,0,1510,1,0
3,0,0,2,0,1,0,0,2,0,1700,3,0
4,0,0,2,0,0,1,0,0,0,2228,1,0
0,0,0,0,0,1,0,0,0,0,842,0,0
5,0,0,2,0,0,1,0,0,0,1482,3,0
1,0,0,1,1,0,0,0,3,0,996,0,0
5,0,0,5,1,1,1,0,1,0,524,1,0
1,0,0,0,0,0,1,0,2,0,839,3,0
0,0,0,0,0,0,1,0,0,0,859,1,0
0,0,0,0,1,1,0,0,3,0,357,1,0
4,0,0,4,1,1,1,0,3,0,160,2,0
1,0,0,1,0,0,0,0,0,0,2974,3,0
0,0,0,0,0,0,0,0,3,0,503,2,0
4,0,0,4,1,1,1,0,0,0,2012,3,0
0,0,0,0,1,1,0,0,1,0,509,1,0
1,0,0,1,0,1,0,0,0,0,2668,1,0
4,0,0,2,0,1,0,0,1,0,1017,1,0
1,0,0,0,1,1,1,0,2,0,2165,2,0
5,0,0,4,0,1,0,0,1,0,2810,2,0
0,0,0,0,1,1,0,0,1,0,2851,3,0
4,0,0,3,1,0,1,0,1,0,1325,1,0
4,0,0,3,0,0,0,0,3,0,2718,0,0
5,0,0,5,1,1,0,0,2,0,2838,3,0
5,0,0,1,1,1,0,0,3,0,897,2,0
3,0,0,1,1,1,0,0,0,0,471,1,0
1,0,0,1,1,1,1,0,3,0,875,3,0
5,0,0,2,1,0,0,0,0,0,1599,2,0
2,0,0,1,1,0,1,0,3,0,505,1,0
4,0,0,1,1,1,1,0,0,0,116,0,0
2,0,0,2,1,1,0,0,3,0,899,2,0
3,0,0,2,0,0,1,0,1,0,1789,0,0
1,0,0,1,0,0,0,0,3,0,2833,0,0
0,0,0,0,1,0,1,0,3,0,1382,2,0
3,0,0,2,1,0,0,0,3,0,1785,0,0
5,0,0,1,0,1,1,0,1,0,2311,3,0
4,0,0,4,1,1,1,0,1,0,167,1,0
0,0,0,0,1,1,0,0,1,0,2658,0,0
0,0,0,0,1,0,1,0,0,0,2256,2,0
0,0,0,0,1,1,0,0,1,0,295,1,0
3,0,0,2,0,0,1,0,1,0,2942,0,0
2,0,0,1,1,0,1,0,1,0,974,0,0
5,0,0,0,1,1,1,0,2,0,1893,0,0
4,0,0,2,1,0,0,0,3,0,1494,0,0
4,0,0,4,1,0,0,0,0,0,1502,2,0
0,0,0,0,1,1,1,0,2,0,2323,2,0
2,0,0,0,0,0,1,0,2,0,2830,2,0
0,0,0,0,0,1,1,0,3,0,2404,1,0
1,0,0,0,1,0,0,0,3,0,312,2,0
2,0,0,1,0,0,1,0,3,0,1106,1,0
4,0,0,1,1,1,0,0,3,0,1654,2,0
2,0,0,2,1,1,1,0,0,0,2228,3,0
3,0,0,2,0,1,1,0,0,0,1977,3,0
0,0,0,0,0,0,0,0,0,0,2861,2,0
5,0,0,5,0,1,1,0,2,0,2007,0,0
4,0,0,2,0,0,1,0,1,0,731,0,0
4,0,0,2,0,1,0,0,1,0,2352,1,0
0,0,0,0,1,1,0,0,3,0,219,2,0
4,0,0,4,1,1,1,0,3,0,1129,3,0
2,0,0,2,0,0,1,0,3,0,1280,2,0
1,0,0,1,0,1,1,0,2,0,2534,3,0
0,0,0,0,1,1,0,0,3,0,1583,2,0
3,0,0,1,1,1,1,0,0,0,609,0,0
3,0,0,0,0,0,1,0,0,0,1000,2,0
5,0,0,3,1,1,0,0,1,0,949,3,0
0,0,0,0,1,1,1,0,2,0,1108,2,0
0,0,0,0,1,0,1,0,2,0,974,3,0
1,0,0,1,0,0,0,0,3,0,839,3,0
0,0,0,0,1,1,0,0,0,0,2990,1,0
5,0,0,2,1,1,0,0,2,0,349,0,0
4,0,0,2,1,0,0,0,1,0,670,1,0
1,0,0,1,1,0,1,0,3,0,1295,2,0
3,0,0,2,0,0,0,0,3,0,407,3,0
2,0,0,0,1,1,1,0,2,0,1646,0,0
1,0,0,1,1,1,1,0,2,0,740,1,0
5,0,0,4,1,0,0,0,2,0,2518,2,0
0,0,0,0,1,0,1,0,1,0,1699,0,0
4,0,0,4,1,0,0,0,0,0,2732,1,0
1,0,0,1,0,0,0,0,0,0,2580,3,0
3,0,0,1,1,1,1,0,0,0,984,0,0
2,0,0,2,0,1,0,0,0,0,2450,1,0
2,0,0,0,1,1,1,0,0,0,1721,3,0
3,0,0,3,1,1,1,0,1,0,2708,1,0
1,0,0,0,0,1,0,0,1,0,1313,3,0
5,0,0,0,0,0,1,0,0,0,401,0,0
1,0,0,1,0,0,0,0,1,0,2929,3,0
4,0,0,4,0,0,1,0,1,0,840,0,0
5,0,0,0,1,1,0,0,2,0,1756,0,0
0,0,0,0,0,1,1,0,3,0,2026,2,0
2,0,0,2,0,1,0,0,0,0,2070,0,0
1,0,0,0,0,0,0,0,1,0,1160,0,0
5,0,0,1,1,0,0,0,0,0,877,0,0
1,0,0,1,0,0,0,0,3,0,982,0,0
0,0,0,0,1,1,0,0,0,0,2728,2,0
0,0,0,0,1,1,1,0,2,0,2416,1,0
1,0,0,0,0,1,1,0,1,0,269,1,0
4,0,0,1,0,0,0,0,1,0,1307,1,0
3,0,0,1,0,0,1,0,1,0,519,1,0
3,0,0,2,1,1,1,0,0,0,2350,1,0
5,0,0,2,0,1,1,0,0,0,1004,0,0
5,0,0,5,1,1,0,0,3,0,2791,3,0
0,0,0,0,0,1,0,0,0,0,1031,3,0
1,0,0,0,1,0,1,0,2,0,655,0,0
5,0,0,4,0,0,0,0,0,0,901,2,0
0,0,0,0,0,1,0,0,0,0,2474,3,0
0,0,0,0,1,1,0,0,0,0,538,0,0
0,0,0,0,0,0,1,0,3,0,2160,3,0
5,0,0,1,0,1,0,0,1,0,303,3,0
3,0,0,2,0,1,1,0,3,0,648,0,0
2,0,0,0,0,1,0,0,1,0,354,2,0
1,0,0,1,1,0,1,0,1,0,1848,1,0
0,0,0,0,0,0,1,0,2,0,194,0,0
1,0,0,1,1,1,1,0,2,0,2253,1,0
3,0,0,0,1,1,1,0,0,0,2084,1,0
4,0,0,0,0,0,0,0,1,0,1710,3,0
0,0,0,0,1,0,1,0,0,0,197,2,0
5,0,0,1,0,0,1,0,3,0,2707,1,0
1,0,0,1,0,0,1,0,2,0,634,2,0
1,0,0,1,0,1,0,0,0,0,1383,2,0
2,0,0,0,1,1,1,0,0,0,1058,0,0
3,0,0,0,0,0,1,0,0,0,798,0,0
3,0,0,2,1,0,1,0,0,0,1178,2,0
3,0,0,0,0,0,0,0,1,0,410,1,0
2,0,0,2,0,1,0,0,0,0,1762,2,0
2,0,0,1,0,0,0,0,2,0,477,0,0
0,0,0,0,0,1,1,0,3,0,1100,1,0
2,0,0,1,0,1,1,0,0,0,100,1,0
0,0,0,0,0,1,1,0,3,0,1721,1,0
5,0,0,1,1,0,0,0,2,0,1663,2,0
4,0,0,0,0,1,0,0,0,0,1927,0,0
4,0,0,2,0,0,0,0,3,0,1808,0,0
2,0,0,2,0,0,1,0,3,0,2297,3,0
5,0,0,5,1,0,1,0,2,0,562,3,0
0,0,0,0,0,1,0,0,0,0,1606,3,0
0,0,0,0,1,1,1,0,1,0,1682,2,0
0,0,0,0,0,0,0,0,2,0,1269,3,0
1,0,0,1,1,1,0,0,2,0,634,3,0
0,0,0,0,1,1,0,0,1,0,2628,0,0
0,0,0,0,0,0,0,0,1,0,194,0,0
5,0,0,5,0,0,1,0,0,0,1963,1,0
1,0,0,1,1,1,0,0,3,0,1326,0,0
3,0,0,0,1,1,0,0,1,0,1693,0,0
2,0,0,0,0,1,0,0,0,0,2413,3,0
0,0,0,0,0,0,1,0,1,0,842,1,0
0,0,0,0,1,0,0,0,3,0,306,3,0
0,0,0,0,1,1,0,0,0,0,2717,3,0
2,0,0,0,0,1,0,0,0,0,2708,0,0
5,0,0,3,1,1,0,0,3,0,663,0,0
1,0,0,1,1,0,0,0,0,0,2441,2,0
5,0,0,2,1,0,0,0,1,0,1597,3,0
1,0,0,1,1,1,0,0,0,0,1711,0,0
4,0,0,0,0,1,0,0,1,0,919,3,0
1,0,0,0,1,1,1,0,2,0,2031,2,0
5,0,0,5,0,0,0,0,2,0,1881,2,0
1,0,0,0,0,0,1,0,1,0,553,1,0
4,0,0,1,0,0,0,0,2,0,2082,0,0
1,0,0,0,1,1,1,0,3,0,2828,1,0
0,0,0,0,1,0,0,0,0,0,2896,3,0
2,0,0,2,1,0,0,0,3,0,2589,0,0
5,0,0,2,1,1,1,0,3,0,899,3,0
3,0,0,0,0,1,1,0,0,0,2347,1,0
1,0,0,0,1,0,1,0,1,0,1995,3,0
2,0,0,0,0,0,1,0,1,0,1265,0,0
1,0,0,1,1,0,0,0,0,0,374,1,0
5,0,0,5,0,0,0,0,0,0,284,2,0
0,0,0,0,1,1,0,0,3,0,112,1,0
5,0,0,1,1,0,0,0,2,0,773,0,0
1,0,0,0,1,0,0,0,0,0,2080,2,0
2,0,0,0,0,1,0,0,0,0,1013,0,0
3,0,0,1,1,1,1,0,0,0,2571,0,0
0,0,0,0,1,0,0,0,0,0,1094,1,0
2,0,0,2,0,0,1,0,1,0,1030,1,0
4,0,0,0,1,0,1,0,0,0,1858,1,0
1,0,0,1,1,1,0,0,0,0,2085,0,0
2,0,0,0,0,0,1,0,1,0,1562,3,0
0,0,0,0,1,1,1,0,0,0,2804,3,0
1,0,0,0,0,0,0,0,2,0,2312,2,0
2,0,0,0,1,1,0,0,1,0,1863,2,0
3,0,0,3,0,0,1,0,0,0,1194,0,0
0,0,0,0,1,1,1,0,1,0,2552,3,0
3,0,0,2,0,0,0,0,3,0,498,1,0
2,0,0,1,1,1,1,0,1,0,927,3,0
5,0,0,2,0,1,1,0,2,0,1344,1,0
1,0,0,1,0,1,0,0,3,0,1840,1,0
5,0,0,5,1,0,0,0,0,0,902,0,0
5,0,0,1,1,0,1,0,1,0,2847,2,0
4,0,0,2,0,1,1,0,2,0,826,1,0
1,0,0,1,0,1,0,0,0,0,649,1,0
5,0,0,3,1,1,0,0,2,0,2001,0,0
5,0,0,0,1,0,1,0,2,0,1318,3,0
2,0,0,2,0,1,0,0,2,0,1290,2,0
0,0,0,0,1,1,0,0,3,0,1657,1,0
0,0,0,0,1,1,1,0,2,0,360,1,0
0,0,0,0,1,1,1,0,0,0,2725,3,0
3,0,0,1,1,0,1,0,0,0,1938,2,0
5,0,0,5,1,0,0,0,1,0,2209,2,0
1,0,0,0,0,1,1,0,1,0,762,2,0
4,0,0,4,1,1,1,0,3,0,841,0,0
5,0,0,4,0,1,0,0,3,0,813,0,0
2,0,0,1,1,1,1,0,3,0,2813,2,0
5,0,0,4,0,1,1,0,0,0,1072,2,0
4,0,0,2,0,1,1,0,2,0,850,1,0
4,0,0,1,0,0,0,0,1,0,670,2,0
2,0,0,1,1,0,0,0,3,0,1085,3,0
1,0,0,0,1,0,0,0,0,0,1334,2,0
4,0,0,4,0,1,0,0,2,0,1065,3,0
1,0,0,1,1,0,0,0,0,0,1567,3,0
3,0,0,1,1,1,1,0,1,0,250,3,0
3,0,0,0,1,1,0,0,2,0,1115,2,0
2,0,0,2,0,0,1,0,0,0,2741,1,0
0,0,0,0,0,1,1,0,1,0,2360,2,0
0,0,0,0,1,0,1,0,3,0,2537,3,0
2,0,0,1,0,1,1,0,0,0,1511,2,0
5,0,0,4,1,0,0,0,1,0,960,0,0
1,0,0,1,0,1,1,0,3,0,1218,1,0
5,0,0,4,1,1,0,0,0,0,2153,3,0
1,0,0,0,0,1,1,0,3,0,1895,0,0
0,0,0,0,1,0,0,0,0,0,2149,0,0
5,0,0,2,0,0,1,0,3,0,1559,2,0
4,0,0,1,0,0,0,0,3,0,1827,2,0
5,0,0,4,0,0,1,0,2,0,2074,3,0
1,0,0,0,1,0,1,0,0,0,2504,3,0
2,0,0,2,0,0,0,0,3,0,1019,0,0
4,0,0,3,1,0,1,0,3,0,1770,3,0
5,0,0,3,0,1,0,0,0,0,1168,2,0
1,0,0,1,1,1,0,0,3,0,709,3,0
3,0,0,3,0,0,0,0,0,0,2847,0,0
5,0,0,0,0,1,1,0,3,0,2815,0,0
2,0,0,0,1,1,1,0,2,0,1404,1,0
3,0,0,2,1,1,1,0,3,0,1117,1,0
0,0,0,0,1,1,0,0,0,0,2014,0,0
4,0,0,1,0,0,0,0,2,0,1427,2,0
5,0,0,4,1,0,1,0,3,0,1057,3,0
2,0,0,1,1,0,0,0,2,0,1167,2,0
1,0,0,0,0,1,0,0,3,0,282,1,0
2,0,0,0,0,0,0,0,2,0,2598,3,0
2,0,0,2,1,1,1,0,2,0,1616,0,0
3,0,0,1,0,1,0,0,3,0,2737,2,0
3,0,0,2,1,1,0,0,2,0,1092,0,0
3,0,0,0,0,0,0,0,3,0,1028,3,0
2,0,0,1,0,1,1,0,3,0,1616,3,0
5,0,0,3,1,1,1,0,1,0,104,3,0
3,0,0,3,1,1,1,0,2,0,2446,0,0
3,0,0,1,1,0,0,0,0,0,162,1,0
4,0,0,4,0,1,1,0,0,0,1361,2,0
0,0,0,0,0,0,1,0,0,0,1445,2,0
4,0,0,0,0,0,0,0,2,0,770,2,0
0,0,0,0,0,1,0,0,1,0,963,2,0
3,0,0,3,1,1,1,0,3,0,2161,2,0
4,0,0,4,1,1,1,0,0,0,1950,2,0
3,0,0,3,1,1,0,0,3,0,357,2,0
2,0,0,0,1,0,1,0,0,0,232,2,0
4,0,0,1,1,0,0,0,2,0,1013,0,0
0,0,0,0,1,1,1,0,2,0,2707,2,0
0,0,0,0,0,1,0,0,2,0,1373,2,0
3,0,0,3,0,0,1,0,1,0,347,0,0
3,0,0,0,0,0,0,0,2,0,2682,0,0
2,0,0,2,1,0,0,0,0,0,1236,3,0
0,0,0,0,1,1,0,0,1,0,2070,3,0
4,0,0,2,1,1,1,0,1,0,1224,1,0
4,0,0,0,1,0,1,0,2,0,1715,2,0
3,0,0,2,0,0,1,0,1,0,2947,2,0
4,0,0,1,1,0,1,0,2,0,414,0,0
5,0,0,1,1,1,1,0,1,0,2629,3,0
0,0,0,0,1,0,1,0,2,0,2017,1,0
2,0,0,2,0,0,0,0,0,0,2919,3,0
4,0,0,3,0,1,0,0,0,0,441,1,0
1,0,0,0,0,1,0,0,1,0,1196,1,0
1,0,0,1,0,1,0,0,0,0,895,2,0
1,0,0,0,1,0,0,0,1,0,849,2,0
3,0,0,1,0,1,0,0,3,0,2187,1,0
4,0,0,3,1,0,1,0,0,0,208,2,0
1,0,0,0,0,0,1,0,2,0,2006,2,0
4,0,0,1,1,0,0,0,3,0,1287,3,0
4,0,0,3,0,0,0,0,2,0,1588,2,0
5,0,0,4,1,0,1,0,0,0,897,2,0
2,0,0,1,0,0,1,0,1,0,2447,1,0
1,0,0,1,1,0,0,0,3,0,1987,1,0
3,0,0,1,1,0,1,0,1,0,450,3,0
4,0,0,1,1,0,0,0,2,0,2582,0,0
5,0,0,5,0,0,0,0,2,0,2397,3,0
5,0,0,2,0,0,0,0,1,0,2969,2,0
1,0,0,0,0,0,0,0,0,0,1194,1,0
5,0,0,4,1,1,1,0,1,0,323,0,0
5,0,0,0,1,0,0,0,0,0,2934,2,0
3,0,0,3,0,1,0,0,2,0,2183,3,0
5,0,0,4,0,1,0,0,0,0,1944,1,0
4,0,0,0,1,1,0,0,1,0,1231,2,0
5,0,0,1,0,0,0,0,1,0,1544,1,0
3,0,0,2,0,0,0,0,0,0,1579,0,0
3,0,0,0,1,1,0,0,3,0,2233,1,0
0,0,0,0,1,0,0,0,2,0,483,0,0
4,0,0,4,0,1,1,0,0,0,2911,3,0
4,0,0,1,1,1,0,0,0,0,1414,1,0
4,0,0,1,0,0,0,0,0,0,652,0,0
2,0,0,2,0,0,0,0,1,0,2311,2,0
0,0,0,0,0,1,0,0,0,0,775,3,0
2,0,0,0,1,1,0,0,2,0,216,1,0
4,0,0,0,0,0,0,0,2,0,2395,0,0
5,0,0,3,1,0,1,0,2,0,1960,3,0
4,0,0,1,0,0,0,0,2,0,869,3,0
4,0,0,1,1,0,1,0,1,0,2496,3,0
1,0,0,1,1,0,0,0,1,0,827,1,0
5,0,0,4,1,1,0,0,1,0,267,1,0
5,0,0,2,0,0,1,0,1,0,1345,0,0
0,0,0,0,0,1,1,0,0,0,1071,0,0
4,0,0,4,0,1,0,0,3,0,1307,2,0
3,0,0,3,1,0,0,0,0,0,343,1,0
3,0,0,0,0,0,0,0,3,0,2041,2,0
0,0,0,0,0,0,1,0,2,0,1557,1,0
3,0,0,2,0,0,1,0,0,0,319,3,0
4,0,0,0,0,1,1,0,0,0,1929,0,0
4,0,0,1,1,1,1,0,1,0,1803,1,0
5,0,0,3,1,1,0,0,3,0,1671,1,0
1,0,0,0,0,0,0,0,1,0,1445,3,0
0,0,0,0,1,0,1,0,1,0,1503,2,0
1,0,0,0,1,1,1,0,1,0,372,1,0
0,0,0,0,0,1,1,0,2,0,2805,3,0
5,0,0,4,1,0,1,0,0,0,2885,0,0
2,0,0,0,0,1,0,0,3,0,683,0,0
0,0,0,0,0,0,0,0,2,0,2448,2,0
2,0,0,1,1,0,0,0,2,0,435,0,0
3,0,0,2,0,0,0,0,2,0,427,3,0
4,0,0,3,0,0,1,0,3,0,110,1,0
0,0,0,0,1,0,0,0,0,0,2211,3,0
1,0,0,1,0,0,0,0,2,0,2008,1,0
3,0,0,2,1,1,1,0,2,0,865,1,0
4,0,0,2,1,0,0,0,2,0,1145,0,0
5,0,0,1,1,1,0,0,0,0,2104,2,0
2,0,0,1,1,0,0,0,1,0,470,1,0
1,0,0,1,1,0,1,0,0,0,2721,1,0
2,0,0,0,0,1,0,0,1,0,2325,2,0
3,0,0,1,1,1,0,0,3,0,2159,0,0
3,0,0,3,0,0,1,0,2,0,1634,1,0
4,0,0,2,0,0,1,0,3,0,2685,3,0
4,0,0,1,0,1,0,0,2,0,1832,2,0
3,0,0,2,0,0,0,0,2,0,405,0,0
2,0,0,1,1,0,1,0,3,0,1360,2,0
3,0,0,0,1,1,1,0,0,0,1320,2,0
2,0,0,1,1,1,0,0,3,0,733,2,0
3,0,0,2,0,0,1,0,2,0,2602,2,0
1,0,0,1,0,1,1,0,2,0,2049,1,0
4,0,0,3,0,1,1,0,0,0,105,1,0
2,0,0,2,0,0,1,0,1,0,2597,0,0
5,0,0,2,0,0,0,0,3,0,381,3,0
4,0,0,0,0,1,1,0,0,0,2849,3,0
1,0,0,1,1,1,0,0,3,0,2249,1,0
2,0,0,2,0,1,0,0,2,0,2890,2,0
2,0,0,0,0,1,1,0,1,0,287,0,0
0,0,0,0,0,1,0,0,3,0,2928,0,0
3,0,0,2,0,1,1,0,2,0,2836,2,0
0,0,0,0,0,0,1,0,1,0,635,1,0
3,0,0,2,0,1,0,0,0,0,2326,2,0
5,0,0,4,0,1,0,0,3,0,1526,0,0
4,0,0,3,1,0,1,0,3,0,2889,1,0
3,0,0,0,0,1,1,0,0,0,1450,0,0
4,0,0,2,0,1,0,0,3,0,2741,1,0
0,0,0,0,0,0,0,0,0,0,1421,1,0
3,0,0,2,1,1,0,0,2,0,1006,3,0
4,0,0,4,0,1,0,0,3,0,2298,0,0
5,0,0,5,1,0,1,0,3,0,119,0,0
0,0,0,0,1,0,1,0,2,0,2014,1,0
3,0,0,1,1,1,0,0,1,0,1424,2,0
0,0,0,0,1,0,0,0,2,0,2388,1,0
1,0,0,1,0,1,0,0,3,0,2887,1,0
2,0,0,2,0,0,1,0,3,0,2418,1,0
0,0,0,0,0,0,1,0,1,0,762,1,0
0,0,0,0,0,0,0,0,1,0,1021,1,0
0,0,0,0,1,1,0,0,0,0,2816,2,0
0,0,0,0,1,0,1,0,3,0,2137,2,0
1,0,0,1,1,1,0,0,3,0,1266,0,0
5,0,0,3,0,0,0,0,1,0,269,0,0
0,0,0,0,1,0,1,0,2,0,2510,3,0
0,0,0,0,0,1,0,0,0,0,1582,3,0
0,0,0,0,1,0,0,0,2,0,232,0,0
3,0,0,1,0,0,1,0,3,0,1584,2,0
5,0,0,2,0,1,0,0,2,0,998,2,0
4,0,0,2,1,1,1,0,1,0,1965,0,0
5,0,0,1,1,0,0,0,2,0,1082,3,0
0,0,0,0,1,0,0,0,0,0,369,2,0
4,0,0,3,0,1,1,0,2,0,2750,1,0
0,0,0,0,1,0,0,0,0,0,1065,2,0
4,0,0,2,1,1,1,0,0,0,2896,3,0
5,0,0,4,0,1,0,0,2,0,2471,1,0
5,0,0,3,1,0,0,0,0,0,1395,1,0
3,0,0,3,1,1,0,0,0,0,1658,2,0
1,0,0,1,0,1,1,0,1,0,1489,2,0
0,0,0,0,1,1,1,0,3,0,1638,1,0
2,0,0,2,0,0,0,0,3,0,632,3,0
3,0,0,0,1,1,0,0,0,0,699,0,0
1,0,0,1,1,1,1,0,0,0,458,1,0
2,0,0,2,0,1,0,0,2,0,420,2,0
4,0,0,4,1,0,1,0,0,0,1344,2,0
5,0,0,1,1,1,1,0,0,0,938,0,0
0,0,0,0,1,1,0,0,0,0,1389,3,0
4,0,0,4,1,1,1,0,0,0,427,3,0
1,0,0,0,1,0,1,0,0,0,312,0,0
3,0,0,1,0,1,1,0,1,0,855,0,0
4,0,0,4,1,0,0,0,3,0,567,2,0
0,0,0,0,1,1,1,0,2,0,1106,2,0
1,0,0,0,1,1,0,0,3,0,2102,3,0
0,0,0,0,0,0,0,0,0,0,2745,2,0
0,0,0,0,1,0,1,0,1,0,2242,0,0
1,0,0,0,0,1,1,0,0,0,2971,0,0
4,0,0,4,0,0,0,0,0,0,2968,3,0
1,0,0,0,1,0,0,0,1,0,1905,1,0
5,0,0,3,1,1,0,0,0,0,364,1,0
3,0,0,3,0,0,1,0,1,0,2950,3,0
4,0,0,0,1,1,1,0,0,0,749,2,0
4,0,0,4,1,1,1,0,2,0,2018,2,0
4,0,0,3,0,0,0,0,1,0,1992,2,0
2,0,0,1,0,0,0,0,1,0,1976,3,0
0,0,0,0,0,0,0,0,0,0,2819,3,0
4,0,0,2,0,0,0,0,2,0,469,3,0
2,0,0,0,1,0,1,0,0,0,1006,0,0
5,0,0,4,0,1,1,0,3,0,2791,1,0
1,0,0,1,1,0,0,0,2,0,2639,3,0
2,0,0,1,1,0,1,0,2,0,2323,2,0
5,0,0,5,1,0,0,0,2,0,2157,2,0
4,0,0,1,0,1,1,0,0,0,1525,1,0
4,0,0,3,1,0,0,0,1,0,1741,1,0
5,0,0,2,0,1,0,0,1,0,2067,1,0
2,0,0,0,0,0,1,0,3,0,334,3,0
1,0,0,1,0,1,1,0,1,0,989,1,0
4,0,0,3,0,1,0,0,0,0,147,0,0
1,0,0,0,1,0,0,0,2,0,1936,1,0
2,0,0,1,1,1,0,0,1,0,649,2,0
2,0,0,1,1,0,1,0,2,0,1027,1,0
5,0,0,2,0,1,1,0,2,0,220,3,0
5,0,0,3,0,1,1,0,1,0,1486,0,0
5,0,0,2,0,1,0,0,0,0,1036,0,0
0,0,0,0,1,1,0,0,1,0,470,2,0
2,0,0,2,1,0,1,0,0,0,2922,0,0
4,0,0,4,0,1,1,0,1,0,189,2,0
5,0,0,3,0,0,1,0,2,0,835,1,0
3,0,0,1,1,0,0,0,0,0,2526,2,0
1,0,0,1,1,1,0,0,1,0,169,0,0
2,0,0,1,0,1,1,0,0,0,2115,0,0
0,0,0,0,0,1,0,0,3,0,639,1,0
2,0,0,2,1,0,1,0,0,0,1274,2,0
1,0,0,0,0,1,0,0,1,0,1830,0,0
5,0,0,5,1,0,0,0,0,0,211,1,0
2,0,0,1,1,0,0,0,0,0,2742,2,0
1,0,0,0,0,0,0,0,3,0,237,1,0
1,0,0,0,0,1,0,0,2,0,2329,1,0
3,0,0,3,0,1,0,0,0,0,1460,2,0
1,0,0,1,0,1,1,0,2,0,1921,1,0
2,0,0,0,1,0,0,0,2,0,1117,0,0
0,0,0,0,0,1,0,0,1,0,1915,0,0
3,0,0,0,0,1,0,0,0,0,599,0,0
0,0,0,0,0,0,0,0,1,0,2025,2,0
2,0,0,2,1,0,0,0,1,0,818,0,0
2,0,0,0,1,0,1,0,2,0,1492,3,0
4,0,0,2,1,0,0,0,0,0,2213,2,0
2,0,0,2,0,1,0,0,2,0,1391,2,0
0,0,0,0,0,1,0,0,3,0,1477,0,0
1,0,0,1,0,0,0,0,1,0,1904,2,0
3,0,0,3,1,1,0,0,1,0,723,1,0
0,0,0,0,1,0,1,0,3,0,2279,2,0
0,0,0,0,1,0,1,0,1,0,1604,1,0
0,0,0,0,1,0,1,0,0,0,2846,2,0
0,0,0,0,0,1,1,0,0,0,2606,1,0
3,0,0,1,1,0,1,0,0,0,2286,3,0
2,0,0,1,1,1,0,0,0,0,2297,1,0
2,0,0,0,1,0,1,0,1,0,980,0,0
3,0,0,1,1,0,0,0,0,0,140,1,0
5,0,0,3,1,0,1,0,3,0,1581,2,0
0,0,0,0,1,0,0,0,0,0,166,3,0
2,0,0,2,0,1,1,0,0,0,2987,0,0
3,0,0,3,0,0,1,0,1,0,926,0,0
3,0,0,2,1,1,1,0,0,0,289,3,0
3,0,0,3,0,0,0,0,3,0,2970,3,0
0,0,0,0,0,1,0,0,3,0,850,2,0
0,0,0,0,0,0,0,0,3,0,2998,2,0
5,0,0,3,1,0,1,0,3,0,2121,1,0
4,0,0,0,1,1,0,0,0,0,1084,0,0
5,0,0,3,0,1,0,0,3,0,2761,3,0
4,0,0,0,0,1,0,0,2,0,1128,1,0
2,0,0,2,1,1,1,0,2,0,653,2,0
0,0,0,0,0,0,1,0,1,0,1690,2,0
4,0,0,3,1,0,0,0,3,0,705,2,0
2,0,0,1,0,0,1,0,0,0,2911,2,0
1,0,0,1,1,1,0,0,3,0,2511,2,0
4,0,0,3,1,1,0,0,2,0,940,1,0
0,0,0,0,0,0,0,0,0,0,1643,1,0
4,0,0,0,0,1,0,0,2,0,2929,2,0
2,0,0,2,1,1,1,0,0,0,1263,0,0
3,0,0,1,1,0,0,0,0,0,822,3,0
3,0,0,3,0,0,1,0,2,0,2494,1,0
0,0,0,0,1,1,0,0,2,0,1132,2,0
5,0,0,5,0,1,0,0,1,0,2366,0,0
1,0,0,1,1,1,1,0,1,0,2913,1,0
3,0,0,0,0,1,0,0,3,0,291,0,0
2,0,0,0,0,0,1,0,3,0,2142,0,0
0,0,0,0,1,0,1,0,2,0,919,3,0
5,0,0,3,0,0,0,0,2,0,2543,2,0
3,0,0,0,0,1,0,0,2,0,1278,2,0
1,0,0,0,1,1,1,0,2,0,662,1,0
5,0,0,5,1,0,0,0,1,0,1719,0,0
0,0,0,0,1,1,1,0,3,0,2025,3,0
0,0,0,0,0,1,1,0,1,0,1650,2,0
0,0,0,0,0,0,0,0,0,0,2021,3,0
2,0,0,2,1,0,0,0,3,0,786,1,0
3,0,0,0,1,0,1,0,0,0,1375,2,0
3,0,0,3,1,1,0,0,1,0,1585,0,0
3,0,0,2,1,1,0,0,3,0,1965,1,0
2,0,0,0,0,0,1,0,1,0,1227,0,0
1,0,0,0,0,1,1,0,3,0,1633,1,0
2,0,0,1,1,0,0,0,3,0,1704,0,0
1,0,0,1,0,0,1,0,0,0,2375,2,0
4,0,0,1,1,1,1,0,3,0,2476,2,0
4,0,0,3,1,0,0,0,0,0,749,1,0
4,0,0,4,1,1,1,0,3,0,1693,0,0
0,0,0,0,1,1,0,0,3,0,129,1,0
2,0,0,2,1,0,1,0,3,0,2000,0,0
0,0,0,0,1,1,0,0,2,0,2326,3,0
3,0,0,3,0,1,0,0,0,0,133,0,0
0,0,0,0,1,0,0,0,0,0,2141,1,0
4,0,0,3,1,0,0,0,3,0,620,0,0
4,0,0,3,0,1,0,0,2,0,2748,3,0
4,0,0,4,0,0,1,0,1,0,2104,0,0
3,0,0,1,1,1,0,0,2,0,1710,3,0
2,0,0,0,0,1,0,0,3,0,1943,1,0
1,0,0,0,0,0,0,0,0,0,1936,1,0
5,0,0,3,1,0,1,0,0,0,231,2,0
4,0,0,4,1,1,0,0,2,0,1388,3,0
2,0,0,1,1,0,0,0,2,0,1692,0,0
3,0,0,1,1,0,0,0,3,0,1953,3,0
5,0,0,5,1,1,1,0,2,0,2805,3,0
0,0,0,0,1,1,1,0,1,0,2468,0,0
5,0,0,0,0,1,1,0,3,0,1350,1,0
1,0,0,1,1,1,1,0,1,0,117,3,0
2,0,0,2,1,1,0,0,2,0,1114,0,0
1,0,0,1,0,1,1,0,3,0,1471,2,0
1,0,0,0,0,1,0,0,2,0,1121,0,0
1,0,0,0,1,0,0,0,2,0,1672,3,0
3,0,0,3,0,0,0,0,0,0,1261,0,0
4,0,0,2,0,0,0,0,0,0,2401,1,0
4,0,0,3,1,1,1,0,0,0,1288,1,0
1,0,0,0,1,1,1,0,0,0,1795,3,0
5,0,0,3,0,1,0,0,0,0,1983,0,0
4,0,0,3,1,1,1,0,0,0,1390,0,0
2,0,0,1,0,0,1,0,0,0,477,3,0
4,0,0,3,0,0,1,0,2,0,2191,0,0
5,0,0,4,1,0,1,0,0,0,1063,2,0
1,0,0,0,1,1,0,0,0,0,2737,0,0
5,0,0,0,0,0,0,0,1,0,914,2,0
4,0,0,1,1,0,0,0,2,0,2116,3,0
0,0,0,0,0,1,0,0,2,0,1869,1,0
2,0,0,2,1,0,0,0,0,0,2697,2,0
1,0,0,0,0,1,0,0,3,0,1741,0,0
1,0,0,0,0,0,0,0,2,0,1259,3,0
4,0,0,3,1,0,0,0,2,0,239,3,0
3,0,0,3,1,1,1,0,3,0,1454,3,0
4,0,0,2,1,0,0,0,3,0,759,1,0
4,0,0,3,0,1,1,0,3,0,2071,3,0
5,0,0,5,0,1,0,0,1,0,447,2,0
0,0,0,0,0,1,1,0,2,0,1400,0,0
4,0,0,3,0,1,1,0,2,0,366,0,0
3,0,0,3,1,0,1,0,0,0,2271,1,0
5,0,0,5,0,1,1,0,0,0,1784,0,0
3,0,0,3,1,1,1,0,3,0,2651,3,0
1,0,0,0,1,1,1,0,1,0,1458,0,0
1,0,0,1,0,1,1,0,1,0,1740,2,0
5,0,0,5,0,1,0,0,2,0,1107,3,0
5,0,0,2,1,1,1,0,1,0,596,3,0
0,0,0,0,0,0,0,0,0,0,1192,0,0
0,0,0,0,1,1,1,0,1,0,1828,3,0
1,0,0,1,0,1,0,0,3,0,1290,1,0
2,0,0,0,1,1,1,0,2,0,1000,0,0
0,0,0,0,0,1,1,0,1,0,952,1,0
5,0,0,1,1,1,1,0,3,0,1216,3,0
2,0,0,0,1,0,1,0,2,0,2707,3,0
1,0,0,1,0,1,1,0,2,0,1938,2,0
0,0,0,0,1,1,1,0,2,0,1468,0,0
3,0,0,2,0,0,0,0,3,0,1148,3,0
2,0,0,1,0,0,1,0,2,0,245,2,0
1,0,0,0,0,1,0,0,3,0,1844,1,0
2,0,0,2,0,1,1,0,1,0,113,0,0
3,0,0,2,0,1,0,0,1,0,861,1,0
2,0,0,0,1,1,1,0,1,0,220,2,0
5,0,0,1,0,1,0,0,3,0,1115,3,0
3,0,0,0,1,1,1,0,2,0,2418,0,0
0,0,0,0,0,1,0,0,3,0,711,0,0
3,0,0,2,0,0,1,0,2,0,964,3,0
1,0,0,0,0,1,0,0,0,0,838,3,0
4,0,0,2,1,0,0,0,0,0,1659,2,0
1,0,0,1,1,0,1,0,2,0,1473,3,0
2,0,0,2,1,1,0,0,2,0,1462,1,0
3,0,0,0,0,1,0,0,2,0,2980,1,0
0,0,0,0,0,0,0,0,1,0,1635,1,0
0,0,0,0,1,1,1,0,3,0,2880,1,0
1,0,0,0,0,1,0,0,2,0,1783,2,0
4,0,0,4,0,0,1,0,3,0,910,0,0
5,0,0,0,1,1,1,0,1,0,2310,1,0
5,0,0,1,0,0,1,0,3,0,1165,3,0
5,0,0,5,1,1,0,0,0,0,2657,3,0
2,0,0,1,1,0,1,0,2,0,1016,2,0
2,0,0,1,1,0,0,0,1,0,1516,2,0
5,0,0,2,1,0,1,0,2,0,1227,2,0
3,0,0,3,1,0,0,0,3,0,1970,0,0
1,0,0,0,0,0,0,0,1,0,1770,3,0
0,0,0,0,1,0,0,0,3,0,884,3,0
5,0,0,0,1,1,0,0,3,0,2540,3,0
1,0,0,0,0,1,0,0,1,0,150,3,0
4,0,0,0,1,0,0,0,3,0,317,2,0
2,0,0,1,0,0,0,0,3,0,1772,1,0
0,0,0,0,1,1,1,0,2,0,1622,1,0
5,0,0,4,1,0,0,0,1,0,2987,2,0
2,0,0,2,1,1,1,0,0,0,476,0,0
4,0,0,1,0,1,0,0,2,0,2616,1,0
1,0,0,1,1,1,0,0,3,0,2942,0,0
2,0,0,0,1,1,1,0,3,0,1822,2,0
4,0,0,3,1,0,0,0,2,0,2222,3,0
2,0,0,2,1,1,0,0,2,0,2914,0,0
5,0,0,4,0,1,0,0,2,0,1507,1,0
1,0,0,1,1,0,0,0,0,0,1542,3,0
4,0,0,1,1,1,0,0,0,0,1903,2,0
2,0,0,1,0,0,1,0,3,0,1141,0,0
1,0,0,1,0,0,1,0,0,0,2586,3,0
1,0,0,0,1,1,0,0,0,0,761,1,0
0,0,0,0,1,1,1,0,1,0,2274,3,0
1,0,0,0,0,1,0,0,0,0,109,0,0
5,0,0,4,1,1,0,0,0,0,2108,3,0
0,0,0,0,0,1,0,0,2,0,2055,1,0
4,0,0,4,0,1,0,0,3,0,657,3,0
2,0,0,0,0,1,0,0,1,0,618,0,0
3,0,0,1,1,0,0,0,3,0,2081,3,0
4,0,0,3,1,0,0,0,2,0,660,0,0
2,0,0,1,0,0,0,0,1,0,2006,1,0
3,0,0,3,1,0,1,0,0,0,2977,2,0
1,0,0,1,1,1,1,0,0,0,977,3,0
1,0,0,1,0,1,0,0,0,0,2883,0,0
0,0,0,0,1,1,1,0,2,0,458,0,0
3,0,0,2,0,0,0,0,0,0,647,0,0
0,0,0,0,0,0,1,0,0,0,1256,2,0
4,0,0,0,0,0,1,0,0,0,2902,0,0
1,0,0,1,0,0,1,0,2,0,1562,0,0
2,0,0,0,1,1,1,0,3,0,1825,1,0
3,0,0,3,1,1,1,0,3,0,1013,2,0
2,0,0,0,1,1,0,0,3,0,142,1,0
2,0,0,2,1,1,1,0,3,0,716,0,0
1,0,0,1,0,0,1,0,0,0,2948,1,0
1,0,0,1,1,0,1,0,0,0,780,0,0
1,0,0,0,1,1,0,0,0,0,1181,2,0
2,0,0,1,1,1,0,0,3,0,597,3,0
3,0,0,2,1,1,0,0,3,0,221,1,0
5,0,0,4,0,0,1,0,1,0,1842,3,0
0,0,0,0,1,1,0,0,1,0,1118,1,0
1,0,0,0,0,1,0,0,2,0,1374,0,0
3,0,0,0,1,1,1,0,0,0,1019,3,0
2,0,0,0,0,0,1,0,0,0,2565,2,0
3,0,0,2,1,1,0,0,0,0,2336,1,0
0,0,0,0,0,0,1,0,3,0,771,2,0
3,0,0,1,1,1,0,0,3,0,2129,3,0
3,0,0,0,1,0,0,0,1,0,1115,1,0
0,0,0,0,1,1,0,0,1,0,2248,2,0
0,0,0,0,1,0,0,0,2,0,195,0,0
1,0,0,0,1,0,1,0,3,0,1665,0,0
3,0,0,1,1,1,0,0,3,0,2562,2,0
0,0,0,0,1,1,1,0,3,0,788,0,0
0,0,0,0,0,1,1,0,2,0,619,0,0
1,0,0,1,0,0,1,0,3,0,1751,1,0
3,0,0,1,0,1,0,0,1,0,1592,0,0
3,0,0,3,0,0,1,0,1,0,1736,2,0
4,0,0,1,1,1,0,0,0,0,483,1,0
1,0,0,1,0,1,0,0,3,0,1808,3,0
3,0,0,3,0,1,1,0,3,0,2574,3,0
2,0,0,1,1,0,0,0,2,0,1867,0,0
5,0,0,5,1,0,0,0,2,0,2553,1,0
3,0,0,0,1,1,1,0,1,0,688,2,0
1,0,0,0,1,1,0,0,3,0,2780,2,0
3,0,0,0,1,1,0,0,1,0,2811,0,0
3,0,0,1,1,1,0,0,1,0,232,2,0
5,0,0,4,1,1,1,0,2,0,2988,2,0
3,0,0,2,0,0,0,0,1,0,1023,0,0
1,0,0,0,1,0,0,0,1,0,198,0,0
5,0,0,2,1,0,0,0,3,0,431,2,0
2,0,0,2,0,0,1,0,2,0,341,2,0
1,0,0,0,1,0,1,0,0,0,297,1,0
1,0,0,1,1,1,0,0,2,0,211,1,0
5,0,0,5,0,0,1,0,1,0,2235,0,0
5,0,0,2,0,1,0,0,2,0,2013,3,0
0,0,0,0,1,1,1,0,1,0,996,2,0
2,0,0,2,1,0,1,0,2,0,857,3,0
4,0,0,3,0,1,1,0,2,0,2461,2,0
3,0,0,3,0,0,0,0,3,0,361,3,0
5,0,0,4,1,0,0,0,2,0,690,0,0
0,0,0,0,0,0,1,0,0,0,426,1,0
0,0,0,0,0,0,1,0,3,0,2105,0,0
0,0,0,0,1,1,0,0,3,0,2601,1,0
3,0,0,1,0,1,1,0,3,0,2488,0,0
2,0,0,1,1,0,1,0,2,0,1019,0,0
2,0,0,1,1,1,1,0,0,0,524,0,0
3,0,0,3,1,1,1,0,3,0,1505,2,0
5,0,0,4,1,1,1,0,1,0,1660,1,0
5,0,0,4,0,1,1,0,2,0,1848,2,0
2,0,0,0,0,0,1,0,0,0,1915,1,0
5,0,0,3,1,1,1,0,2,0,1117,1,0
0,0,0,0,1,1,1,0,3,0,2112,1,0
0,0,0,0,0,1,1,0,3,0,2127,1,0
1,0,0,0,1,0,0,0,1,0,731,2,0
5,0,0,5,0,1,1,0,2,0,2559,1,0
5,0,0,2,0,1,0,0,0,0,2702,1,0
4,0,0,2,0,1,0,0,0,0,2999,1,0
2,0,0,2,1,1,0,0,0,0,202,1,0
3,0,0,0,0,1,0,0,1,0,655,2,0
3,0,0,3,0,0,0,0,1,0,2754,0,0
2,0,0,0,0,0,0,0,2,0,614,0,0
1,0,0,0,0,0,1,0,0,0,711,3,0
3,0,0,2,1,1,1,0,3,0,1126,2,0
0,0,0,0,0,1,0,0,1,0,1279,0,0
2,0,0,1,1,1,1,0,0,0,2528,3,0
3,0,0,3,0,0,0,0,3,0,182,2,0
0,0,0,0,1,1,0,0,3,0,741,1,0
2,0,0,0,1,1,0,0,1,0,1288,0,0
5,0,0,2,0,1,0,0,1,0,261,1,0
3,0,0,0,1,1,0,0,1,0,960,3,0
0,0,0,0,1,1,1,0,3,0,2566,2,0
2,0,0,0,1,1,1,0,3,0,1145,3,0
0,0,0,0,0,0,0,0,0,0,2057,1,0
2,0,0,2,1,1,0,0,0,0,2711,2,0
0,0,0,0,0,0,0,0,3,0,548,0,0
4,0,0,1,1,0,0,0,2,0,1321,3,0
1,0,0,1,1,1,1,0,3,0,2662,2,0
0,0,0,0,0,1,0,0,0,0,2419,3,0
4,0,0,3,1,0,1,0,0,0,2051,3,0
1,0,0,1,0,1,0,0,3,0,1782,2,0
2,0,0,0,0,0,1,0,1,0,2166,0,0
3,0,0,0,1,0,0,0,3,0,259,3,0
3,0,0,1,1,1,0,0,2,0,1526,2,0
4,0,0,1,0,1,0,0,2,0,1953,0,0
3,0,0,1,0,1,1,0,2,0,126,2,0
0,0,0,0,0,1,1,0,1,0,1373,2,0
5,0,0,1,0,1,1,0,1,0,1301,2,0
1,0,0,0,0,1,1,0,2,0,269,3,0
5,0,0,3,0,0,1,0,2,0,338,2,0
2,0,0,2,1,0,1,0,2,0,2228,2,0
0,0,0,0,1,0,0,0,1,0,1470,1,0
2,0,0,2,1,1,1,0,0,0,2812,1,0
5,0,0,5,0,0,0,0,2,0,903,3,0
2,0,0,0,0,1,0,0,3,0,2613,1,0
4,0,0,1,1,1,1,0,1,0,2237,3,0
4,0,0,3,0,0,0,0,3,0,2650,1,0
5,0,0,0,0,1,0,0,2,0,370,0,0
3,0,0,1,1,1,1,0,2,0,914,2,0
1,0,0,0,0,1,1,0,1,0,1796,0,0
2,0,0,0,1,0,0,0,1,0,1643,3,0
5,0,0,4,1,1,1,0,1,0,1323,0,0
1,0,0,0,0,0,0,0,0,0,373,2,0
4,0,0,1,1,0,1,0,3,0,2172,3,0
5,0,0,0,0,1,0,0,3,0,1468,2,0
1,0,0,0,0,1,0,0,0,0,665,2,0
1,0,0,0,1,1,1,0,0,0,680,3,0
5,0,0,5,0,0,1,0,0,0,2550,2,0
5,0,0,3,0,0,1,0,0,0,1499,3,0
2,0,0,2,1,0,0,0,3,0,1436,1,0
1,0,0,0,0,0,0,0,2,0,1909,1,0
3,0,0,0,1,1,0,0,0,0,2939,2,0
4,0,0,1,1,1,1,0,1,0,2097,2,0
3,0,0,3,1,1,0,0,3,0,1692,2,0
0,0,0,0,0,0,0,0,3,0,2484,0,0
0,0,0,0,0,1,1,0,2,0,1439,3,0
1,0,0,1,0,1,1,0,2,0,1057,1,0
2,0,0,2,0,1,1,0,2,0,1823,2,0
1,0,0,0,1,1,1,0,2,0,542,0,0
4,0,0,2,0,1,0,0,2,0,1554,0,0
3,0,0,0,0,1,0,0,2,0,2147,0,0
0,0,0,0,0,1,0,0,2,0,692,1,0
5,0,0,0,0,0,0,0,3,0,507,0,0
3,0,0,0,0,0,0,0,0,0,870,3,0
1,0,0,0,0,1,0,0,3,0,2497,2,0
0,0,0,0,0,0,0,0,3,0,771,3,0
4,0,0,0,0,1,1,0,1,0,2525,3,0
0,0,0,0,1,1,1,0,0,0,610,2,0
0,0,0,0,0,0,0,0,3,0,2513,3,0
1,0,0,1,0,1,0,0,2,0,924,2,0
3,0,0,1,1,1,1,0,1,0,1261,0,0
1,0,0,1,1,0,1,0,2,0,1581,2,0
4,0,0,4,0,1,0,0,1,0,622,0,0
2,0,0,0,0,1,0,0,3,0,1590,3,0
0,0,0,0,1,0,0,0,2,0,1188,2,0
2,0,0,1,0,1,1,0,0,0,1248,0,0
3,0,0,1,1,1,1,0,3,0,2545,1,0
1,0,0,0,1,0,1,0,2,0,2579,1,0
3,0,0,0,0,0,0,0,3,0,295,0,0
0,0,0,0,0,1,1,0,1,0,2014,1,0
0,0,0,0,1,1,1,0,2,0,2529,1,0
5,0,0,3,1,0,1,0,2,0,1302,0,0
2,0,0,2,0,1,1,0,2,0,1841,1,0
3,0,0,0,0,1,0,0,0,0,1987,1,0
1,0,0,1,0,0,0,0,2,0,452,0,0
1,0,0,1,0,1,0,0,0,0,1221,2,0
1,0,0,0,0,1,1,0,2,0,1426,2,0
0,0,0,0,0,1,1,0,3,0,2152,2,0
2,0,0,0,1,1,1,0,1,0,1647,2,0
2,0,0,0,1,0,0,0,1,0,1215,0,0
1,0,0,1,0,0,1,0,3,0,927,0,0
2,0,0,0,1,1,1,0,1,0,1758,1,0
1,0,0,0,0,0,0,0,3,0,2164,3,0
4,0,0,1,0,1,0,0,2,0,1106,1,0
2,0,0,2,1,0,1,0,3,0,2014,1,0
5,0,0,5,0,0,0,0,3,0,1730,3,0
3,0,0,0,0,1,1,0,0,0,2337,0,0
3,0,0,0,1,1,1,0,2,0,425,1,0
2,0,0,2,1,0,0,0,2,0,2263,2,0
4,0,0,0,1,1,1,0,2,0,2265,2,0
2,0,0,2,1,1,0,0,3,0,2180,0,0
4,0,0,0,0,1,0,0,2,0,318,3,0
1,0,0,1,0,0,0,0,1,0,2650,3,0
0,0,0,0,1,1,0,0,2,0,1239,2,0
3,0,0,1,1,0,1,0,2,0,295,1,0
2,0,0,0,1,0,1,0,0,0,1625,0,0
3,0,0,3,0,1,0,0,0,0,721,3,0
1,0,0,0,1,0,0,0,1,0,2849,1,0
3,0,0,2,0,0,0,0,3,0,1528,2,0
0,0,0,0,0,1,1,0,3,0,849,2,0
5,0,0,5,1,0,1,0,3,0,902,3,0
2,0,0,1,0,0,0,0,1,0,647,1,0
0,0,0,0,1,1,1,0,1,0,2885,0,0
0,0,0,0,1,1,0,0,0,0,2501,1,0
4,0,0,1,0,0,0,0,3,0,2407,1,0
0,0,0,0,0,0,1,0,3,0,2235,0,0
0,0,0,0,1,1,0,0,0,0,1497,0,0
3,0,0,0,1,1,1,0,1,0,2541,3,0
1,0,0,1,1,1,1,0,1,0,1987,3,0
2,0,0,2,0,0,1,0,1,0,563,3,0
4,0,0,3,0,0,0,0,2,0,608,3,0
4,0,0,0,1,1,1,0,1,0,970,2,0
2,0,0,0,0,0,0,0,1,0,2292,0,0
0,0,0,0,0,0,0,0,1,0,1928,0,0
0,0,0,0,1,0,0,0,2,0,2708,3,0
5,0,0,0,1,0,1,0,1,0,139,1,0
0,0,0,0,0,0,1,0,2,0,2174,2,0
3,0,0,2,1,1,0,0,2,0,896,0,0
2,0,0,0,0,0,0,0,3,0,564,1,0
0,0,0,0,0,1,0,0,2,0,1079,3,0
3,0,0,1,0,0,1,0,2,0,159,0,0
4,0,0,4,1,0,1,0,1,0,669,2,0
5,0,0,4,1,1,1,0,1,0,2574,0,0
4,0,0,3,0,0,1,0,1,0,809,3,0
2,0,0,2,0,1,1,0,1,0,2904,2,0
5,0,0,4,1,0,1,0,1,0,2656,0,0
0,0,0,0,1,1,1,0,3,0,1145,0,0
0,0,0,0,1,1,1,0,0,0,471,2,0
4,0,0,3,1,1,1,0,1,0,1651,1,0
1,0,0,1,1,0,1,0,2,0,1475,0,0
0,0,0,0,1,0,0,0,0,0,2999,3,0
3,0,0,3,0,1,0,0,2,0,1572,2,0
1,0,0,0,0,0,0,0,0,0,2913,3,0
2,0,0,2,0,1,1,0,1,0,272,2,0
1,0,0,1,1,0,1,0,1,0,2724,2,0
1,0,0,1,0,0,1,0,0,0,1671,2,0
1,0,0,0,0,0,1,0,0,0,835,2,0
4,0,0,3,0,0,0,0,3,0,1545,0,0
5,0,0,0,1,1,0,0,2,0,546,2,0
5,0,0,2,0,1,0,0,3,0,1945,3,0
2,0,0,2,1,0,0,0,2,0,1489,0,0
5,0,0,2,0,1,0,0,1,0,1767,0,0
1,0,0,0,0,1,0,0,0,0,2450,1,0
4,0,0,1,0,1,1,0,1,0,2379,3,0
2,0,0,1,0,1,0,0,1,0,940,3,0
3,0,0,1,1,1,0,0,2,0,2032,3,0
1,0,0,1,1,0,1,0,3,0,834,3,0
3,0,0,1,1,1,1,0,3,0,2695,3,0
4,0,0,2,1,0,0,0,0,0,1516,3,0
1,0,0,1,1,1,0,0,0,0,983,3,0
3,0,0,1,1,1,1,0,1,0,862,1,0
4,0,0,2,0,1,1,0,0,0,2994,3,0
0,0,0,0,0,1,1,0,1,0,466,3,0
1,0,0,0,0,1,0,0,0,0,1678,0,0
4,0,0,4,1,0,1,0,3,0,640,0,0
1,0,0,0,0,1,1,0,0,0,1842,2,0
4,0,0,2,1,0,0,0,2,0,389,2,0
1,0,0,1,0,1,1,0,2,0,1949,1,0
5,0,0,4,0,1,1,0,3,0,536,0,0
2,0,0,0,0,1,0,0,1,0,792,0,0
5,0,0,5,0,1,0,0,3,0,1585,1,0
2,0,0,0,0,1,0,0,0,0,2093,1,0
0,0,0,0,1,0,0,0,2,0,118,0,0
1,0,0,0,1,0,0,0,0,0,290,3,0
4,0,0,1,0,1,1,0,1,0,1574,2,0
2,0,0,0,1,0,1,0,2,0,2377,0,0
4,0,0,1,1,0,1,0,0,0,1695,1,0
1,0,0,0,0,0,1,0,3,0,2687,3,0
0,0,0,0,1,0,1,0,1,0,1980,0,0
5,0,0,5,1,0,1,0,0,0,276,2,0
0,0,0,0,0,0,1,0,3,0,2788,2,0
2,0,0,2,0,0,1,0,2,0,610,3,0
3,0,0,1,1,0,0,0,1,0,2797,0,0
1,0,0,1,0,0,1,0,1,0,2329,0,0
4,0,0,1,1,0,0,0,2,0,1415,1,0
5,0,0,1,1,1,1,0,0,0,1144,0,0
1,0,0,0,1,1,0,0,1,0,2548,2,0
4,0,0,1,1,1,1,0,3,0,1311,3,0
1,0,0,0,1,0,1,0,3,0,2781,3,0
5,0,0,4,1,0,0,0,1,0,1998,0,0
4,0,0,4,0,1,0,0,1,0,2867,2,0
1,0,0,0,0,1,0,0,2,0,2615,1,0
5,0,0,0,0,1,0,0,3,0,1765,2,0
5,0,0,0,0,1,0,0,0,0,2967,2,0
4,0,0,1,1,0,1,0,3,0,769,2,0
0,0,0,0,0,1,1,0,3,0,2927,2,0
4,0,0,1,0,1,1,0,0,0,1252,3,0
1,0,0,0,0,0,0,0,2,0,2462,1,0
2,0,0,2,1,1,1,0,2,0,2095,0,0
5,0,0,2,0,0,0,0,0,0,2390,3,0
5,0,0,0,1,0,0,0,1,0,1455,2,0
5,0,0,1,0,1,1,0,3,0,2221,1,0
2,0,0,0,0,1,1,0,3,0,796,0,0
3,0,0,1,1,0,0,0,2,0,1260,1,0
2,0,0,0,0,0,0,0,0,0,1937,0,0
0,0,0,0,1,1,0,0,3,0,2253,2,0
1,0,0,0,1,1,1,0,1,0,1827,3,0
5,0,0,0,1,1,1,0,1,0,855,2,0
3,0,0,1,1,0,1,0,3,0,1198,1,0
1,0,0,0,1,1,1,0,2,0,253,2,0
3,0,0,1,1,1,1,0,2,0,2071,0,0
3,0,0,0,1,0,1,0,3,0,166,1,0
1,0,0,1,0,0,0,0,2,0,2146,2,0
2,0,0,0,1,1,0,0,3,0,2120,1,0
2,0,0,1,1,0,1,0,0,0,214,0,0
5,0,0,3,1,0,1,0,1,0,1769,0,0
2,0,0,2,1,1,1,0,0,0,1742,2,0
5,0,0,5,0,0,0,0,2,0,1431,2,0
0,0,0,0,1,0,0,0,0,0,2186,3,0
2,0,0,2,1,0,0,0,1,0,2314,2,0
4,0,0,4,0,0,0,0,0,0,1815,1,0
0,0,0,0,1,1,0,0,2,0,2609,2,0
3,0,0,0,0,0,0,0,0,0,1507,2,0
5,0,0,4,0,0,0,0,1,0,2076,3,0
3,0,0,0,0,1,1,0,2,0,1028,0,0
2,0,0,2,0,0,1,0,0,0,684,3,0
2,0,0,0,1,0,0,0,2,0,1517,0,0
0,0,0,0,0,1,1,0,2,0,416,1,0
2,0,0,0,1,0,1,0,0,0,1205,2,0
0,0,0,0,0,0,0,0,0,0,2543,2,0
2,0,0,0,1,1,1,0,0,0,2958,3,0
3,0,0,0,1,0,1,0,0,0,1982,1,0
4,0,0,4,0,0,1,0,0,0,2833,1,0
4,0,0,3,0,1,1,0,0,0,545,3,0
2,0,0,2,1,0,1,0,2,0,1060,1,0
0,0,0,0,1,1,1,0,2,0,2994,1,0
2,0,0,1,0,0,0,0,0,0,185,3,0
1,0,0,0,1,1,0,0,0,0,2052,1,0
3,0,0,3,1,1,0,0,1,0,2789,1,0
5,0,0,0,1,1,0,0,1,0,1563,2,0
2,0,0,1,1,0,1,0,3,0,2271,1,0
5,0,0,1,0,1,1,0,3,0,957,0,0
4,0,0,2,1,0,0,0,0,0,2993,1,0
0,0,0,0,0,0,1,0,1,0,1076,2,0
5,0,0,1,1,0,1,0,0,0,1605,0,0
1,0,0,1,0,1,0,0,2,0,1278,1,0
0,0,0,0,1,1,1,0,0,0,734,1,0
2,0,0,0,0,1,1,0,1,0,2608,0,0
1,0,0,1,0,1,0,0,3,0,1350,0,0
3,0,0,0,1,0,1,0,3,0,2069,2,0
4,0,0,0,0,0,0,0,1,0,2409,2,0
3,0,0,0,0,1,0,0,2,0,1436,1,0
4,0,0,2,0,1,0,0,3,0,1430,3,0
2,0,0,1,1,1,0,0,3,0,1061,3,0
2,0,0,0,0,0,1,0,0,0,1314,0,0
0,0,0,0,1,0,0,0,2,0,2953,2,0
4,0,0,2,0,0,1,0,0,0,1130,0,0
1,0,0,0,0,0,0,0,2,0,899,3,0
5,0,0,0,0,1,0,0,2,0,1790,0,0
1,0,0,1,0,1,0,0,0,0,2438,1,0
4,0,0,3,1,0,0,0,0,0,858,3,0
5,0,0,5,1,0,0,0,3,0,2337,3,0
3,0,0,1,1,0,0,0,3,0,2656,0,0
3,0,0,0,1,0,1,0,1,0,1289,2,0
5,0,0,4,0,0,0,0,0,0,2101,2,0
5,0,0,2,1,0,0,0,3,0,634,0,0
4,0,0,3,0,0,0,0,0,0,1953,1,0
0,0,0,0,0,1,0,0,1,0,1666,1,0
1,0,0,0,0,0,0,0,0,0,2878,2,0
4,0,0,0,1,1,1,0,2,0,509,1,0
1,0,0,1,1,1,0,0,2,0,1170,1,0
1,0,0,1,1,0,1,0,1,0,1275,3,0
5,0,0,5,1,0,1,0,1,0,2901,2,0
2,0,0,1,1,1,0,0,2,0,2568,0,0
2,0,0,2,0,1,0,0,1,0,2435,2,0
1,0,0,1,1,0,1,0,1,0,2312,1,0
5,0,0,0,1,0,1,0,1,0,2129,1,0
5,0,0,2,0,1,1,0,0,0,103,2,0
0,0,0,0,0,1,0,0,2,0,1560,1,0
1,0,0,1,0,1,1,0,3,0,2039,2,0
4,0,0,1,0,1,0,0,0,0,538,0,0
1,0,0,0,0,1,0,0,3,0,403,1,0
4,0,0,2,0,1,1,0,3,0,1908,1,0
1,0,0,0,0,1,0,0,1,0,1754,2,0
2,0,0,2,0,1,0,0,0,0,784,2,0
0,0,0,0,0,0,1,0,3,0,432,2,0
0,0,0,0,1,0,1,0,3,0,2412,0,0
4,0,0,2,0,1,1,0,1,0,745,0,0
1,0,0,0,0,0,0,0,2,0,711,0,0
0,0,0,0,1,1,0,0,2,0,2585,3,0
1,0,0,0,1,1,1,0,3,0,884,0,0
5,0,0,1,0,0,1,0,3,0,1384,3,0
3,0,0,3,0,1,1,0,0,0,2940,1,0
2,0,0,0,1,0,1,0,0,0,2536,1,0
1,0,0,1,1,1,1,0,1,0,1064,0,0
5,0,0,3,0,1,1,0,2,0,1631,3,0
3,0,0,0,0,1,0,0,0,0,1747,2,0
4,0,0,4,1,1,0,0,2,0,1542,0,0
0,0,0,0,0,0,1,0,0,0,1774,0,0
3,0,0,3,1,0,1,0,0,0,2669,3,0
5,0,0,1,0,1,0,0,0,0,1313,0,0
0,0,0,0,0,0,1,0,3,0,2127,0,0
0,0,0,0,0,1,1,0,2,0,2888,3,0
5,0,0,4,1,1,1,0,3,0,664,0,0
0,0,0,0,0,1,1,0,2,0,2749,3,0
2,0,0,0,0,1,1,0,3,0,2306,3,0
0,0,0,0,0,0,0,0,0,0,2144,1,0
0,0,0,0,1,1,0,0,1,0,2626,0,0
1,0,0,1,1,1,1,0,1,0,341,1,0
4,0,0,1,1,1,1,0,2,0,826,3,0
4,0,0,4,0,0,0,0,0,0,830,1,0
4,0,0,0,0,1,1,0,1,0,2722,1,0
2,0,0,1,1,0,0,0,1,0,2421,3,0
2,0,0,0,0,0,1,0,0,0,1222,1,0
4,0,0,0,0,1,1,0,2,0,162,0,0
1,0,0,0,0,0,1,0,0,0,2534,0,0
3,0,0,3,0,1,0,0,3,0,2249,0,0
0,0,0,0,0,1,1,0,0,0,1412,3,0
4,0,0,2,0,0,0,0,2,0,164,2,0
1,0,0,1,0,1,0,0,0,0,2079,1,0
3,0,0,1,0,0,0,0,0,0,1073,0,0
2,0,0,0,0,1,1,0,0,0,2096,1,0
4,0,0,1,1,1,0,0,3,0,1135,0,0
1,0,0,0,0,0,0,0,1,0,2979,0,0
4,0,0,3,0,0,0,0,2,0,2787,0,0
0,0,0,0,1,0,0,0,2,0,306,3,0
4,0,0,1,1,0,1,0,1,0,1030,0,0
1,0,0,1,0,0,0,0,0,0,1455,1,0
1,0,0,1,0,0,0,0,0,0,1527,2,0
3,0,0,1,0,1,0,0,2,0,2143,3,0
2,0,0,2,1,0,1,0,0,0,1105,1,0
0,0,0,0,1,0,0,0,1,0,2413,3,0
4,0,0,4,1,0,0,0,2,0,1504,2,0
1,0,0,0,1,1,0,0,3,0,1916,2,0
5,0,0,3,1,0,0,0,2,0,675,2,0
0,0,0,0,1,0,0,0,1,0,1870,1,0
0,0,0,0,1,0,0,0,0,0,1153,3,0
0,0,0,0,1,0,1,0,0,0,283,3,0
2,0,0,0,1,1,0,0,0,0,1649,1,0
4,0,0,3,1,1,1,0,3,0,305,1,0
0,0,0,0,1,0,1,0,1,0,2924,3,0
0,0,0,0,1,0,1,0,2,0,690,1,0
5,0,0,1,1,0,1,0,0,0,1454,3,0
0,0,0,0,1,0,1,0,3,0,2151,2,0
0,0,0,0,0,1,1,0,2,0,1756,0,0
5,0,0,2,1,1,1,0,0,0,442,3,0
5,0,0,1,0,0,0,0,1,0,965,1,0
2,0,0,0,1,1,0,0,1,0,1035,3,0
2,0,0,1,0,1,1,0,2,0,2194,3,0
1,0,0,0,1,0,0,0,3,0,2421,1,0
0,0,0,0,1,1,0,0,2,0,2641,2,0
4,0,0,3,1,0,0,0,3,0,2320,1,0
4,0,0,0,0,1,1,0,1,0,298,1,0
3,0,0,0,0,0,1,0,0,0,2120,0,0
2,0,0,1,0,0,1,0,1,0,2301,3,0
3,0,0,0,0,1,1,0,1,0,597,3,0
3,0,0,2,0,1,1,0,0,0,435,0,0
4,0,0,1,0,0,0,0,2,0,1737,3,0
5,0,0,1,1,0,0,0,0,0,1233,2,0
5,0,0,3,1,0,0,0,1,0,621,1,0
1,0,0,0,1,1,0,0,1,0,2362,1,0
2,0,0,2,0,1,1,0,3,0,710,1,0
5,0,0,4,0,1,0,0,0,0,256,1,0
0,0,0,0,1,1,0,0,3,0,2510,2,0
4,0,0,3,1,1,1,0,0,0,2697,3,0
4,0,0,2,0,0,1,0,0,0,1478,3,0
5,0,0,0,1,1,0,0,1,0,1499,0,0
2,0,0,0,0,1,1,0,0,0,2990,1,0
3,0,0,3,0,1,1,0,3,0,970,0,0
3,0,0,3,0,0,1,0,3,0,2880,1,0
0,0,0,0,0,1,0,0,1,0,2213,2,0
4,0,0,3,1,0,0,0,3,0,348,0,0
4,0,0,2,1,0,1,0,1,0,496,2,0
1,0,0,1,1,0,1,0,1,0,2774,0,0
0,0,0,0,0,1,1,0,0,0,1253,1,0
3,0,0,3,1,1,1,0,1,0,463,0,0
2,0,0,0,1,0,1,0,2,0,2668,3,0
0,0,0,0,1,0,1,0,3,0,153,3,0
4,0,0,3,1,1,0,0,1,0,2912,2,0
1,0,0,1,1,1,0,0,3,0,1846,0,0
0,0,0,0,1,1,1,0,0,0,296,1,0
4,0,0,1,0,0,0,0,3,0,2438,2,0
4,0,0,3,1,1,0,0,1,0,2016,1,0
3,0,0,2,1,1,0,0,2,0,213,2,0
4,0,0,2,1,1,1,0,0,0,948,0,0
3,0,0,0,1,0,0,0,3,0,414,1,0
4,0,0,0,0,0,1,0,0,0,828,2,0
4,0,0,2,0,1,0,0,3,0,109,0,0
0,0,0,0,0,1,0,0,0,0,1655,1,0
2,0,0,2,1,1,0,0,1,0,669,2,0
0,0,0,0,0,0,1,0,1,0,389,2,0
4,0,0,0,0,0,0,0,2,0,1288,0,0
5,0,0,0,1,1,0,0,2,0,2381,2,0
5,0,0,1,1,1,0,0,2,0,1404,1,0
3,0,0,3,1,0,1,0,1,0,2821,2,0
4,0,0,0,0,0,1,0,1,0,625,1,0
3,0,0,0,1,1,1,0,2,0,520,1,0
5,0,0,4,0,1,1,0,3,0,2450,2,0
0,0,0,0,0,0,1,0,1,0,1906,2,0
0,0,0,0,0,0,1,0,2,0,1029,2,0
1,0,0,0,0,1,0,0,0,0,2339,0,0
2,0,0,1,0,1,1,0,1,0,1866,0,0
5,0,0,3,1,1,1,0,0,0,1066,1,0
0,0,0,0,1,1,1,0,1,0,818,0,0
3,0,0,0,1,0,0,0,0,0,2318,3,0
1,0,0,1,0,1,1,0,1,0,1171,2,0
3,0,0,2,0,1,0,0,1,0,2894,3,0
1,0,0,1,0,1,0,0,2,0,2038,0,0
0,0,0,0,1,0,0,0,2,0,1935,1,0
4,0,0,0,0,0,0,0,0,0,707,0,0
4,0,0,4,1,1,1,0,1,0,2294,0,0
2,0,0,1,1,0,0,0,2,0,1158,3,0
5,0,0,4,0,0,0,0,1,0,1000,2,0
3,0,0,0,0,0,1,0,3,0,1664,2,0
0,0,0,0,0,0,0,0,0,0,2050,2,0
2,0,0,1,1,0,0,0,2,0,1603,0,0
2,0,0,0,0,0,1,0,1,0,2632,3,0
1,0,0,0,1,1,0,0,0,0,2741,3,0
3,0,0,2,0,1,0,0,0,0,1703,1,0
0,0,0,0,0,0,0,0,1,0,1325,3,0
0,0,0,0,1,1,0,0,2,0,2402,2,0
4,0,0,4,1,1,0,0,3,0,2275,3,0
2,0,0,2,0,1,0,0,2,0,1666,1,0
5,0,0,1,1,0,1,0,2,0,941,1,0
0,0,0,0,0,0,0,0,2,0,2191,1,0
1,0,0,1,0,0,0,0,1,0,1000,0,0
4,0,0,1,1,1,1,0,3,0,2377,2,0
0,0,0,0,0,0,0,0,2,0,1571,2,0
3,0,0,3,1,1,0,0,0,0,2850,1,0
1,0,0,0,1,0,0,0,3,0,2046,1,0
4,0,0,4,0,1,1,0,2,0,2782,0,0
5,0,0,1,0,0,0,0,1,0,2373,3,0
1,0,0,1,0,1,1,0,1,0,2692,1,0
1,0,0,1,0,1,1,0,0,0,858,1,0
3,0,0,3,0,0,0,0,2,0,2448,0,0
5,0,0,4,1,0,0,0,3,0,549,0,0
2,0,0,2,1,0,0,0,2,0,1566,2,0
2,0,0,2,0,1,0,0,1,0,1956,1,0
0,0,0,0,1,0,1,0,0,0,2589,0,0
2,0,0,0,1,0,0,0,1,0,281,1,0
5,0,0,2,0,0,0,0,3,0,268,2,0
2,0,0,0,1,0,1,0,0,0,1432,0,0
4,0,0,1,0,1,1,0,2,0,2513,1,0
1,0,0,1,1,0,1,0,2,0,1674,2,0
1,0,0,0,0,0,0,0,0,0,1939,0,0
0,0,0,0,1,0,1,0,2,0,2754,1,0
2,0,0,0,0,0,1,0,2,0,777,3,0
2,0,0,1,0,0,1,0,2,0,1542,2,0
2,0,0,0,0,1,0,0,2,0,228,2,0
5,0,0,2,0,1,0,0,1,0,2545,2,0
1,0,0,0,0,0,1,0,0,0,2558,0,0
4,0,0,0,0,1,0,0,1,0,2570,0,0
3,0,0,3,1,1,0,0,3,0,453,2,0
1,0,0,0,0,0,0,0,3,0,2619,0,0
1,0,0,0,1,1,1,0,2,0,735,2,0
5,0,0,5,1,0,1,0,3,0,2393,0,0
5,0,0,1,1,0,1,0,0,0,2239,0,0
4,0,0,1,0,0,0,0,2,0,139,1,0
2,0,0,1,0,0,1,0,3,0,1529,0,0
1,0,0,0,1,1,0,0,2,0,2719,1,0
1,0,0,1,1,1,0,0,2,0,500,2,0
5,0,0,4,1,1,0,0,2,0,333,2,0
4,0,0,0,1,1,0,0,3,0,2228,0,0
0,0,0,0,0,1,1,0,0,0,594,1,0
5,0,0,0,0,1,1,0,3,0,1406,2,0
3,0,0,1,1,0,1,0,1,0,2439,3,0
1,0,0,1,0,0,0,0,1,0,260,2,0
4,0,0,2,0,1,0,0,0,0,1766,0,0
3,0,0,3,1,1,0,0,2,0,852,2,0
5,0,0,4,1,1,0,0,3,0,842,3,0
1,0,0,1,0,0,0,0,3,0,1915,0,0
4,0,0,3,1,0,0,0,0,0,1111,0,0
2,0,0,1,1,0,0,0,2,0,1313,2,0
1,0,0,1,1,1,1,0,3,0,1787,1,0
3,0,0,0,1,0,1,0,0,0,1887,0,0
4,0,0,0,0,0,1,0,0,0,675,1,0
2,0,0,2,0,1,1,0,0,0,623,1,0
2,0,0,2,1,1,0,0,2,0,1302,1,0
1,0,0,1,1,0,1,0,2,0,1976,2,0
2,0,0,0,1,0,0,0,3,0,2244,0,0
1,0,0,1,0,1,1,0,0,0,1251,0,0
2,0,0,1,1,0,1,0,0,0,2592,2,0
1,0,0,0,0,0,1,0,3,0,1889,2,0
3,0,0,3,0,0,0,0,1,0,2297,3,0
1,0,0,1,0,1,0,0,0,0,1656,2,0
3,0,0,1,0,0,0,0,2,0,2603,0,0
2,0,0,0,1,1,0,0,1,0,815,0,0
5,0,0,0,1,0,0,0,0,0,1100,2,0
5,0,0,3,1,0,0,0,2,0,1379,3,0
0,0,0,0,0,0,1,0,2,0,2014,2,0
5,0,0,4,0,1,1,0,0,0,1735,1,0
5,0,0,4,1,1,1,0,2,0,2403,1,0
2,0,0,2,1,0,1,0,1,0,1827,3,0
0,0,0,0,0,0,1,0,1,0,651,2,0
5,0,0,0,1,0,0,0,2,0,2158,3,0
5,0,0,1,1,0,0,0,2,0,1723,3,0
2,0,0,2,0,0,1,0,3,0,350,3,0
0,0,0,0,1,1,1,0,1,0,2497,2,0
1,0,0,1,1,1,1,0,1,0,1520,3,0
3,0,0,3,1,0,0,0,1,0,217,2,0
3,0,0,1,0,1,0,0,0,0,1007,2,0
4,0,0,1,0,0,0,0,1,0,814,2,0
5,0,0,3,0,1,0,0,1,0,276,1,0
3,0,0,3,0,0,1,0,3,0,1077,3,0
2,0,0,0,1,0,1,0,2,0,1068,2,0
0,0,0,0,0,1,0,0,1,0,800,2,0
2,0,0,0,1,0,0,0,3,0,1301,3,0
2,0,0,0,0,0,1,0,1,0,1941,0,0
2,0,0,1,1,0,1,0,3,0,1263,1,0
2,0,0,1,0,1,0,0,2,0,2946,2,0
1,0,0,1,0,1,1,0,3,0,359,1,0
0,0,0,0,0,1,1,0,3,0,1661,0,0
5,0,0,2,0,0,1,0,3,0,2456,1,0
1,0,0,0,1,1,0,0,0,0,530,1,0
4,0,0,1,1,1,1,0,0,0,2796,1,0
3,0,0,1,1,1,1,0,3,0,2773,0,0
5,0,0,5,0,1,1,0,0,0,2779,1,0
5,0,0,1,0,0,0,0,0,0,806,3,0
1,0,0,0,1,0,1,0,3,0,877,0,0
1,0,0,1,1,0,1,0,3,0,2434,0,0
5,0,0,5,1,1,0,0,3,0,1637,1,0
4,0,0,2,1,0,0,0,1,0,2213,0,0
5,0,0,4,1,1,1,0,2,0,466,3,0
3,0,0,2,0,1,1,0,1,0,1954,2,0
2,0,0,1,1,0,0,0,1,0,766,3,0
3,0,0,2,0,0,1,0,2,0,2261,3,0
2,0,0,1,1,1,0,0,3,0,2699,0,0
2,0,0,2,0,1,0,0,0,0,764,3,0
1,0,0,0,0,1,0,0,2,0,891,1,0
2,0,0,0,1,0,1,0,2,0,853,2,0
0,0,0,0,1,0,0,0,3,0,212,2,0
5,0,0,5,0,0,1,0,2,0,1126,0,0
3,0,0,3,1,0,0,0,2,0,2706,1,0
3,0,0,3,1,0,0,0,0,0,2421,3,0
1,0,0,1,1,1,1,0,3,0,1065,2,0
4,0,0,2,0,1,0,0,1,0,1591,3,0
3,0,0,1,1,0,0,0,0,0,1905,2,0
3,0,0,3,0,1,0,0,2,0,2904,0,0
3,0,0,1,0,1,0,0,1,0,2402,3,0
1,0,0,1,1,0,0,0,3,0,1458,0,0
1,0,0,1,0,1,1,0,2,0,2379,0,0
4,0,0,3,0,0,1,0,1,0,1294,2,0
5,0,0,1,1,0,0,0,0,0,2667,1,0
1,0,0,1,0,0,0,0,0,0,843,2,0
4,0,0,2,0,1,1,0,0,0,1779,2,0
1,0,0,1,1,0,1,0,1,0,867,0,0
3,0,0,3,0,0,1,0,1,0,1875,3,0
2,0,0,0,0,1,1,0,1,0,1671,2,0
1,0,0,0,1,1,0,0,0,0,1444,1,0
1,0,0,0,1,0,0,0,1,0,2958,1,0
5,0,0,0,1,0,0,0,1,0,1269,1,0
3,0,0,2,0,1,1,0,0,0,1416,3,0
0,0,0,0,0,1,0,0,1,0,2584,2,0
4,0,0,1,0,0,0,0,2,0,832,0,0
5,0,0,3,0,1,1,0,1,0,2822,3,0
5,0,0,2,0,0,0,0,0,0,2419,0,0
2,0,0,1,0,0,0,0,0,0,257,0,0
3,0,0,3,0,0,0,0,3,0,1929,3,0
1,0,0,1,0,0,1,0,3,0,2114,1,0
1,0,0,1,0,0,1,0,0,0,1193,2,0
5,0,0,5,1,1,0,0,2,0,2790,3,0
1,0,0,1,1,0,1,0,0,0,2870,3,0
4,0,0,3,0,1,0,0,3,0,1038,0,0
1,0,0,1,0,0,0,0,0,0,1198,3,0
2,0,0,2,0,0,0,0,1,0,805,0,0
4,0,0,2,1,1,1,0,1,0,2683,2,0
1,0,0,0,1,0,0,0,0,0,2623,0,0
3,0,0,1,0,0,1,0,2,0,1012,2,0
2,0,0,2,0,0,0,0,0,0,1429,2,0
2,0,0,1,0,0,1,0,2,0,882,3,0
2,0,0,1,0,1,0,0,0,0,2949,0,0
5,0,0,0,1,0,0,0,1,0,2766,3,0
0,0,0,0,0,0,1,0,3,0,118,2,0
4,0,0,1,0,1,1,0,1,0,1825,1,0
2,0,0,2,1,1,1,0,2,0,1008,2,0
1,0,0,1,0,0,1,0,1,0,1902,1,0
5,0,0,4,0,1,0,0,1,0,1004,1,0
5,0,0,5,1,0,0,0,1,0,1116,3,0
0,0,0,0,1,0,0,0,3,0,1603,2,0
2,0,0,2,0,1,1,0,2,0,1901,1,0
4,0,0,3,1,0,1,0,3,0,464,3,0
0,0,0,0,1,0,1,0,1,0,1992,1,0
2,0,0,0,1,1,1,0,0,0,210,3,0
2,0,0,1,1,1,0,0,2,0,2340,0,0
2,0,0,1,0,0,1,0,2,0,1702,0,0
0,0,0,0,0,1,1,0,3,0,428,1,0
2,0,0,2,0,1,1,0,3,0,2423,1,0
2,0,0,0,1,1,1,0,3,0,374,2,0
0,0,0,0,1,1,0,0,2,0,1453,2,0
1,0,0,1,1,1,0,0,0,0,1119,2,0
3,0,0,3,1,1,1,0,1,0,1490,1,0
1,0,0,1,0,0,0,0,2,0,110,2,0
5,0,0,2,0,0,1,0,3,0,1747,1,0
0,0,0,0,1,0,1,0,2,0,2033,3,0
1,0,0,1,1,1,0,0,1,0,796,1,0
1,0,0,1,1,0,0,0,0,0,531,2,0
2,0,0,1,1,1,1,0,3,0,1383,1,0
0,0,0,0,1,1,0,0,1,0,1631,2,0
3,0,0,3,1,1,0,0,0,0,2393,0,0
3,0,0,3,0,0,0,0,0,0,490,3,0
2,0,0,0,0,0,0,0,3,0,1015,0,0
3,0,0,0,0,0,0,0,0,0,1751,0,0
0,0,0,0,1,0,1,0,0,0,576,2,0
3,0,0,1,1,0,0,0,1,0,2110,3,0
0,0,0,0,1,1,0,0,0,0,2183,3,0
3,0,0,0,0,0,0,0,1,0,595,1,0
3,0,0,3,1,1,0,0,0,0,747,2,0
1,0,0,1,0,1,1,0,1,0,1271,0,0
3,0,0,3,0,1,0,0,3,0,1057,0,0
5,0,0,2,0,0,0,0,2,0,118,3,0
5,0,0,1,0,0,1,0,3,0,966,2,0
3,0,0,2,0,1,1,0,3,0,1614,3,0
2,0,0,1,0,0,0,0,3,0,1958,2,0
5,0,0,1,0,0,0,0,3,0,2805,0,0
4,0,0,1,0,1,1,0,3,0,421,3,0
5,0,0,5,1,0,0,0,3,0,1671,1,0
4,0,0,0,0,1,1,0,3,0,706,2,0
3,0,0,2,1,1,0,0,1,0,2070,1,0
2,0,0,2,0,0,1,0,0,0,272,2,0
3,0,0,3,0,0,1,0,3,0,2887,3,0
3,0,0,0,0,0,1,0,1,0,1071,0,0
5,0,0,4,0,0,0,0,3,0,1184,0,0
2,0,0,0,1,1,0,0,3,0,1180,0,0
2,0,0,0,0,0,0,0,3,0,2545,1,0
2,0,0,2,1,1,1,0,3,0,2853,1,0
1,0,0,1,0,0,1,0,0,0,141,3,0
4,0,0,2,1,1,0,0,3,0,1341,2,0
4,0,0,3,0,1,0,0,2,0,1376,2,0
5,0,0,3,1,1,1,0,0,0,383,1,0
1,0,0,0,0,1,0,0,2,0,1971,3,0
0,0,0,0,1,0,1,0,3,0,2347,2,0
2,0,0,0,0,1,1,0,2,0,2059,1,0
2,0,0,1,0,0,1,0,0,0,338,0,0
0,0,0,0,1,0,0,0,2,0,2698,2,0
5,0,0,4,0,1,1,0,3,0,1629,2,0
0,0,0,0,1,1,0,0,0,0,1573,2,0
4,0,0,0,0,1,0,0,1,0,2965,0,0
5,0,0,4,0,0,1,0,3,0,1572,3,0
4,0,0,4,1,0,1,0,3,0,761,0,0
3,0,0,1,0,0,0,0,0,0,2273,0,0
0,0,0,0,0,0,0,0,3,0,354,3,0
1,0,0,0,0,1,1,0,1,0,407,1,0
2,0,0,1,1,1,1,0,0,0,932,2,0
4,0,0,0,0,1,0,0,3,0,2035,0,0
3,0,0,3,1,0,0,0,0,0,2541,0,0
3,0,0,2,1,1,1,0,0,0,362,3,0
2,0,0,1,0,0,1,0,0,0,946,1,0
1,0,0,1,0,0,0,0,3,0,2790,3,0
1,0,0,0,0,1,1,0,2,0,2217,2,0
5,0,0,1,1,1,0,0,2,0,985,0,0
5,0,0,3,0,1,0,0,2,0,2200,1,0
5,0,0,5,0,1,1,0,3,0,2185,1,0
0,0,0,0,1,1,0,0,3,0,1475,1,0
5,0,0,1,1,0,0,0,2,0,790,1,0
3,0,0,3,0,0,1,0,2,0,1823,3,0
2,0,0,1,0,0,1,0,0,0,1995,2,0
2,0,0,1,1,0,1,0,2,0,2452,3,0
2,0,0,2,0,1,1,0,0,0,1070,2,0
0,0,0,0,1,0,0,0,0,0,1716,0,0
4,0,0,3,1,1,1,0,2,0,1134,3,0
5,0,0,4,0,1,0,0,3,0,631,1,0
3,0,0,1,0,1,0,0,0,0,2224,3,0
2,0,0,2,0,0,1,0,1,0,2671,0,0
2,0,0,1,0,1,0,0,0,0,133,0,0
1,0,0,0,1,0,1,0,0,0,753,0,0
4,0,0,0,1,0,1,0,1,0,2237,1,0
1,0,0,0,0,1,0,0,0,0,2710,3,0
3,0,0,3,1,1,1,0,2,0,2933,0,0
0,0,0,0,1,0,1,0,1,0,1162,1,0
5,0,0,0,1,1,0,0,2,0,1818,0,0
5,0,0,1,0,0,1,0,1,0,2527,3,0
0,0,0,0,1,0,1,0,0,0,935,2,0
3,0,0,3,0,0,0,0,2,0,131,2,0
4,0,0,3,0,0,0,0,0,0,2831,1,0
5,0,0,3,0,1,1,0,2,0,706,0,0
2,0,0,0,0,0,0,0,0,0,1886,0,0
0,0,0,0,1,0,1,0,3,0,1581,2,0
1,0,0,0,0,1,1,0,3,0,2858,1,0
4,0,0,2,1,0,1,0,2,0,1903,1,0
2,0,0,0,0,1,1,0,2,0,1167,3,0
5,0,0,4,0,0,0,0,2,0,1134,2,0
3,0,0,1,0,1,1,0,3,0,1676,3,0
4,0,0,0,1,1,0,0,1,0,688,1,0
2,0,0,1,0,1,1,0,1,0,2288,1,0
4,0,0,1,1,0,1,0,0,0,157,2,0
3,0,0,0,1,1,1,0,3,0,343,2,0
2,0,0,0,1,1,1,0,3,0,1271,0,0
4,0,0,1,0,1,1,0,3,0,300,2,0
0,0,0,0,1,0,0,0,0,0,1043,3,0
2,0,0,1,0,1,0,0,0,0,2136,1,0
5,0,0,4,1,1,0,0,1,0,319,0,0
4,0,0,0,0,1,1,0,3,0,884,3,0
1,0,0,1,0,1,0,0,2,0,1255,3,0
0,0,0,0,0,0,1,0,2,0,1991,1,0
4,0,0,1,1,1,0,0,2,0,1618,1,0
0,0,0,0,0,0,1,0,3,0,2646,1,0
1,0,0,1,1,0,0,0,1,0,1049,1,0
3,0,0,0,0,1,1,0,1,0,2146,2,0
1,0,0,0,0,1,1,0,3,0,417,3,0
2,0,0,0,0,0,0,0,2,0,1015,0,0
0,0,0,0,0,1,0,0,1,0,2292,3,0
3,0,0,1,1,0,0,0,0,0,2398,0,0
0,0,0,0,1,1,1,0,0,0,473,2,0
4,0,0,2,1,0,0,0,3,0,2305,3,0
1,0,0,0,1,0,0,0,3,0,928,2,0
2,0,0,0,1,1,0,0,2,0,335,3,0
2,0,0,1,0,0,1,0,1,0,1071,1,0
1,0,0,0,0,1,1,0,1,0,1617,2,0
3,0,0,2,1,1,1,0,1,0,922,1,0
0,0,0,0,0,0,1,0,0,0,524,3,0
5,0,0,5,1,1,0,0,1,0,2985,3,0
1,0,0,1,0,1,0,0,0,0,839,0,0
0,0,0,0,1,1,0,0,1,0,2068,1,0
2,0,0,0,0,0,1,0,0,0,1148,3,0
2,0,0,0,1,0,1,0,3,0,2593,1,0
1,0,0,1,0,0,0,0,2,0,1520,0,0
4,0,0,0,1,1,0,0,2,0,1402,0,0
1,0,0,1,1,1,1,0,0,0,2311,0,0
3,0,0,0,1,0,0,0,3,0,2000,1,0
4,0,0,3,0,1,0,0,0,0,2865,0,0
2,0,0,0,1,1,1,0,0,0,1702,0,0
1,0,0,0,1,0,0,0,2,0,1192,3,0
1,0,0,1,0,0,1,0,2,0,2447,3,0
0,0,0,0,1,0,0,0,0,0,126,1,0
2,0,0,2,0,1,1,0,3,0,2879,2,0
2,0,0,1,1,0,0,0,0,0,804,3,0
5,0,0,1,1,1,0,0,2,0,202,3,0
1,0,0,1,1,1,0,0,3,0,2585,2,0
2,0,0,1,0,0,0,0,0,0,2789,3,0
3,0,0,2,1,1,0,0,0,0,2061,1,0
0,0,0,0,1,0,1,0,1,0,2652,3,0
2,0,0,0,1,1,0,0,0,0,1701,1,0
5,0,0,3,0,0,1,0,0,0,2196,1,0
0,0,0,0,1,0,0,0,2,0,2999,0,0
3,0,0,3,1,0,0,0,0,0,2943,1,0
4,0,0,0,1,0,1,0,1,0,1422,2,0
0,0,0,0,0,0,1,0,1,0,1086,2,0
4,0,0,2,1,1,0,0,0,0,1652,2,0
5,0,0,2,0,0,0,0,0,0,630,0,0
5,0,0,0,1,1,1,0,2,0,2409,3,0
2,0,0,1,0,0,0,0,3,0,2329,2,0
2,0,0,2,1,1,1,0,1,0,2871,0,0
4,0,0,3,1,0,0,0,1,0,467,3,0
5,0,0,2,0,0,1,0,3,0,383,2,0
3,0,0,1,1,0,0,0,3,0,2864,3,0
1,0,0,1,0,1,1,0,3,0,2553,0,0
5,0,0,4,0,1,1,0,1,0,1253,1,0
0,0,0,0,0,1,1,0,1,0,1349,2,0
5,0,0,1,0,0,0,0,0,0,1488,0,0
5,0,0,4,0,0,0,0,2,0,923,2,0
0,0,0,0,1,0,0,0,0,0,2950,3,0
3,0,0,3,0,0,0,0,3,0,1170,1,0
5,0,0,0,0,0,1,0,3,0,2540,3,0
4,0,0,3,0,0,1,0,1,0,1816,0,0
2,0,0,1,1,1,1,0,2,0,2188,0,0
1,0,0,1,0,1,1,0,2,0,1063,0,0
3,0,0,1,0,0,1,0,0,0,2191,0,0
2,0,0,2,0,1,0,0,1,0,2868,0,0
5,0,0,3,0,0,0,0,1,0,2994,1,0
0,0,0,0,1,0,1,0,2,0,1315,2,0
0,0,0,0,0,1,1,0,0,0,1607,1,0
4,0,0,0,1,0,1,0,1,0,397,2,0
3,0,0,2,0,1,0,0,2,0,1313,0,0
2,0,0,0,0,0,0,0,3,0,538,0,0
3,0,0,2,1,1,1,0,0,0,2285,2,0
3,0,0,0,1,0,0,0,2,0,1055,3,0
4,0,0,0,0,1,0,0,0,0,1415,2,0
3,0,0,1,1,1,1,0,2,0,2595,0,0
5,0,0,3,1,0,1,0,1,0,888,1,0
1,0,0,0,1,1,1,0,1,0,1929,2,0
3,0,0,3,1,1,1,0,2,0,367,0,0
1,0,0,0,1,1,1,0,2,0,2987,3,0
0,0,0,0,0,1,0,0,0,0,1960,3,0
1,0,0,0,0,1,1,0,3,0,2749,0,0
1,0,0,1,0,1,0,0,3,0,2424,2,0
4,0,0,1,0,1,0,0,3,0,1560,2,0
1,0,0,0,0,1,1,0,3,0,2933,1,0
5,0,0,0,1,1,1,0,3,0,1883,1,0
3,0,0,3,1,0,1,0,0,0,1618,0,0
0,0,0,0,0,1,1,0,3,0,352,0,0
2,0,0,2,1,1,0,0,0,0,664,0,0
3,0,0,0,0,1,0,0,3,0,1690,0,0
5,0,0,5,0,1,0,0,0,0,2719,1,0
4,0,0,0,0,0,1,0,1,0,317,2,0
4,0,0,4,0,0,1,0,3,0,302,2,0
5,0,0,2,1,0,0,0,0,0,657,3,0
5,0,0,4,0,0,1,0,1,0,926,0,0
2,0,0,0,1,0,1,0,1,0,2369,0,0
4,0,0,2,1,0,1,0,2,0,2863,3,0
2,0,0,1,1,0,0,0,3,0,655,0,0
0,0,0,0,1,1,1,0,1,0,1430,3,0
3,0,0,0,1,1,1,0,1,0,2540,0,0
4,0,0,0,0,0,1,0,2,0,1103,1,0
4,0,0,1,0,0,0,0,2,0,886,0,0
5,0,0,3,1,1,1,0,3,0,1200,0,0
3,0,0,3,1,0,1,0,3,0,1286,2,0
2,0,0,2,0,1,0,0,3,0,1697,3,0
3,0,0,2,1,1,0,0,2,0,2586,0,0
1,0,0,1,1,1,1,0,1,0,100,1,0
3,0,0,3,0,1,1,0,0,0,1429,3,0
0,0,0,0,0,0,1,0,1,0,1497,3,0
4,0,0,0,0,1,0,0,0,0,2826,1,0
0,0,0,0,0,0,1,0,3,0,986,0,0
4,0,0,4,1,0,0,0,1,0,1612,0,0
5,0,0,3,0,1,0,0,0,0,2178,2,0
1,0,0,0,0,1,1,0,2,0,2421,3,0
3,0,0,3,0,1,1,0,3,0,1402,3,0
0,0,0,0,1,0,0,0,2,0,423,3,0
5,0,0,0,1,1,0,0,3,0,426,1,0
0,0,0,0,1,0,0,0,2,0,1782,0,0
5,0,0,5,1,1,1,0,0,0,650,2,0
5,0,0,5,1,0,1,0,1,0,2010,0,0
4,0,0,0,1,1,1,0,0,0,2692,1,0
1,0,0,1,1,0,1,0,1,0,821,1,0
0,0,0,0,0,0,0,0,2,0,778,2,0
4,0,0,3,1,0,1,0,0,0,2909,1,0
2,0,0,1,1,0,1,0,3,0,313,2,0
3,0,0,0,1,1,0,0,3,0,2152,2,0
5,0,0,3,0,0,1,0,0,0,1273,1,0
5,0,0,4,1,1,0,0,2,0,213,3,0
3,0,0,0,0,0,0,0,2,0,1069,2,0
3,0,0,0,0,0,1,0,1,0,629,3,0
1,0,0,0,1,0,0,0,2,0,711,3,0
4,0,0,3,0,0,1,0,3,0,2867,3,0
2,0,0,2,1,1,0,0,2,0,2965,2,0
2,0,0,1,0,1,0,0,2,0,1632,2,0
0,0,0,0,0,1,0,0,0,0,728,0,0
4,0,0,0,0,0,1,0,0,0,472,1,0
3,0,0,3,0,0,0,0,2,0,749,2,0
3,0,0,1,0,0,1,0,1,0,828,3,0
1,0,0,1,1,1,1,0,1,0,1882,1,0
1,0,0,1,0,0,0,0,1,0,620,2,0
5,0,0,5,0,0,0,0,0,0,1281,1,0
3,0,0,3,0,0,1,0,1,0,383,0,0
2,0,0,0,1,1,0,0,2,0,1520,3,0
3,0,0,2,1,0,1,0,1,0,1244,2,0
3,0,0,3,0,0,1,0,3,0,899,1,0
4,0,0,3,1,0,1,0,2,0,2525,2,0
4,0,0,1,1,0,0,0,1,0,168,3,0
0,0,0,0,0,0,1,0,3,0,1975,2,0
5,0,0,1,1,1,0,0,2,0,313,3,0
0,0,0,0,0,1,0,0,1,0,1593,3,0
4,0,0,2,1,1,1,0,0,0,2844,1,0
3,0,0,0,0,1,1,0,3,0,470,1,0
3,0,0,1,0,0,0,0,0,0,487,2,0
5,0,0,2,1,0,0,0,3,0,778,3,0
3,0,0,1,1,0,0,0,1,0,2866,2,0
2,0,0,1,1,1,1,0,0,0,235,1,0
5,0,0,0,0,1,1,0,1,0,2122,2,0
3,0,0,2,0,0,1,0,1,0,2231,1,0
0,0,0,0,0,1,1,0,2,0,441,1,0
4,0,0,4,1,0,0,0,0,0,802,2,0
0,0,0,0,0,1,1,0,1,0,2410,1,0
2,0,0,0,1,0,1,0,1,0,2849,0,0
2,0,0,0,1,1,0,0,2,0,1796,3,0
4,0,0,3,0,1,1,0,3,0,1110,0,0
2,0,0,1,1,0,1,0,0,0,2279,2,0
5,0,0,2,1,1,1,0,1,0,1758,1,0
5,0,0,2,0,0,0,0,2,0,294,2,0
5,0,0,4,1,0,1,0,3,0,735,1,0
0,0,0,0,1,0,0,0,0,0,121,0,0
0,0,0,0,0,0,0,0,3,0,974,3,0
1,0,0,1,0,0,0,0,3,0,153,0,0
2,0,0,1,0,1,1,0,1,0,1994,3,0
3,0,0,2,0,1,0,0,2,0,1549,0,0
0,0,0,0,1,1,1,0,3,0,182,3,0
2,0,0,2,0,1,0,0,2,0,1622,0,0
5,0,0,0,0,0,1,0,1,0,911,0,0
5,0,0,5,0,1,0,0,3,0,1442,3,0
4,0,0,0,0,1,1,0,1,0,595,3,0
4,0,0,0,1,0,0,0,1,0,2072,0,0
5,0,0,2,1,1,0,0,2,0,1504,0,0
0,0,0,0,0,0,1,0,0,0,1703,1,0
5,0,0,3,0,0,1,0,2,0,897,3,0
3,0,0,1,1,1,1,0,2,0,2137,0,0
4,0,0,2,1,0,0,0,3,0,1817,2,0
1,0,0,1,1,0,1,0,0,0,2558,1,0
0,0,0,0,1,1,0,0,3,0,1608,0,0
0,0,0,0,0,0,1,0,3,0,1703,1,0
5,0,0,4,0,0,0,0,0,0,1730,2,0
4,0,0,4,0,1,1,0,1,0,1150,0,0
2,0,0,0,1,1,0,0,0,0,465,1,0
1,0,0,1,0,1,0,0,1,0,1906,0,0
0,0,0,0,1,0,0,0,0,0,1230,1,0
4,0,0,1,1,0,1,0,2,0,1399,0,0
3,0,0,0,0,0,1,0,2,0,2998,3,0
1,0,0,0,0,0,0,0,3,0,915,0,0
0,0,0,0,1,0,0,0,2,0,2683,1,0
4,0,0,1,0,0,0,0,0,0,827,0,0
1,0,0,1,0,0,1,0,1,0,2429,0,0
3,0,0,1,1,1,1,0,1,0,189,0,0
5,0,0,2,0,0,0,0,1,0,1271,2,0
2,0,0,2,1,0,1,0,2,0,1117,1,0
0,0,0,0,0,0,0,0,1,0,1789,0,0
4,0,0,4,0,0,0,0,3,0,817,0,0
2,0,0,2,0,0,1,0,2,0,1658,0,0
0,0,0,0,1,0,1,0,3,0,839,0,0
2,0,0,2,0,0,1,0,1,0,1423,2,0
2,0,0,1,1,1,0,0,3,0,2310,0,0
3,0,0,3,1,1,1,0,0,0,1462,2,0
2,0,0,1,1,1,1,0,2,0,608,1,0
5,0,0,3,1,1,0,0,2,0,840,1,0
5,0,0,3,0,1,1,0,1,0,1427,0,0
1,0,0,1,1,0,1,0,3,0,990,3,0
2,0,0,0,0,0,1,0,1,0,2009,3,0
5,0,0,4,1,1,1,0,3,0,1990,1,0
0,0,0,0,0,1,0,0,2,0,2739,3,0
0,0,0,0,0,0,0,0,2,0,2857,0,0
1,0,0,1,1,1,1,0,0,0,1062,0,0
5,0,0,0,0,1,0,0,2,0,336,3,0
4,0,0,4,0,1,0,0,0,0,993,1,0
5,0,0,2,0,1,1,0,3,0,2881,2,0
1,0,0,1,1,0,0,0,1,0,1316,3,0
4,0,0,4,0,0,1,0,0,0,2258,3,0
5,0,0,5,0,1,1,0,2,0,1543,3,0
5,0,0,2,1,0,1,0,0,0,1393,3,0
3,0,0,3,1,0,1,0,0,0,2636,0,0
2,0,0,0,0,1,1,0,3,0,889,1,0
1,0,0,0,0,0,1,0,0,0,2976,2,0
2,0,0,2,1,1,1,0,0,0,1098,1,0
3,0,0,1,1,1,0,0,1,0,879,3,0
4,0,0,0,1,1,1,0,1,0,1152,1,0
1,0,0,1,1,1,0,0,3,0,909,0,0
2,0,0,2,1,0,1,0,1,0,2124,1,0
1,0,0,0,0,0,0,0,0,0,311,0,0
4,0,0,3,1,0,0,0,0,0,1788,3,0
5,0,0,0,1,1,1,0,3,0,1072,2,0
1,0,0,0,0,0,0,0,0,0,2470,2,0
4,0,0,3,1,0,1,0,0,0,2391,1,0
2,0,0,0,0,0,0,0,3,0,2045,1,0
4,0,0,4,0,0,1,0,0,0,541,3,0
1,0,0,1,1,0,0,0,1,0,1035,3,0
2,0,0,0,1,0,0,0,3,0,643,1,0
4,0,0,2,1,0,0,0,2,0,1595,0,0
2,0,0,1,0,1,0,0,2,0,2347,0,0
0,0,0,0,0,1,0,0,3,0,2973,1,0
3,0,0,1,0,0,1,0,0,0,2720,3,0
5,0,0,0,1,0,1,0,2,0,2337,2,0
2,0,0,2,0,1,0,0,1,0,2418,0,0
2,0,0,2,0,1,1,0,3,0,1464,2,0
1,0,0,0,1,1,1,0,0,0,2803,1,0
2,0,0,2,0,1,1,0,3,0,640,3,0
0,0,0,0,0,0,1,0,0,0,1143,1,0
4,0,0,2,0,0,0,0,2,0,629,3,0
2,0,0,1,1,0,0,0,1,0,1867,0,0
4,0,0,2,1,0,0,0,3,0,2037,1,0
2,0,0,1,1,1,1,0,3,0,938,0,0
5,0,0,2,0,1,0,0,2,0,2048,1,0
4,0,0,3,1,1,1,0,2,0,1193,2,0
0,0,0,0,1,1,0,0,2,0,876,3,0
1,0,0,0,0,0,1,0,1,0,775,2,0
3,0,0,3,1,0,1,0,1,0,285,2,0
4,0,0,0,0,0,1,0,1,0,354,2,0
2,0,0,2,0,0,0,0,3,0,1491,3,0
3,0,0,1,0,1,0,0,3,0,2576,1,0
2,0,0,1,0,1,1,0,3,0,1345,1,0
4,0,0,1,1,0,1,0,0,0,880,2,0
2,0,0,2,0,0,1,0,0,0,1098,3,0
0,0,0,0,0,1,0,0,1,0,851,0,0
5,0,0,4,0,1,1,0,0,0,2536,2,0
2,0,0,1,1,0,0,0,1,0,1543,0,0
1,0,0,0,1,1,1,0,0,0,2499,1,0
0,0,0,0,0,0,0,0,0,0,220,2,0
0,0,0,0,0,0,0,0,1,0,949,2,0
4,0,0,1,1,0,1,0,0,0,1340,3,0
3,0,0,0,1,1,1,0,0,0,1283,0,0
5,0,0,1,0,0,0,0,2,0,824,1,0
2,0,0,0,0,1,0,0,2,0,481,2,0
4,0,0,0,1,0,0,0,0,0,2767,3,0
1,0,0,0,1,1,0,0,2,0,1057,0,0
1,0,0,0,0,0,0,0,0,0,1657,1,0
0,0,0,0,0,0,0,0,3,0,338,1,0
1,0,0,1,0,0,1,0,1,0,1840,3,0
2,0,0,2,0,0,0,0,1,0,684,2,0
5,0,0,2,1,1,0,0,1,0,561,1,0
4,0,0,4,1,1,0,0,2,0,2105,2,0
4,0,0,2,0,0,1,0,0,0,478,3,0
5,0,0,0,0,1,0,0,0,0,647,2,0
0,0,0,0,1,1,0,0,0,0,1480,1,0
0,0,0,0,1,1,1,0,0,0,839,2,0
1,0,0,1,0,1,0,0,3,0,2729,0,0
5,0,0,0,1,1,0,0,1,0,736,2,0
4,0,0,1,1,1,1,0,0,0,1507,2,0
2,0,0,0,0,1,1,0,3,0,1151,0,0
5,0,0,3,1,0,0,0,0,0,2448,1,0
3,0,0,3,0,1,1,0,3,0,610,3,0
1,0,0,0,0,0,1,0,1,0,1355,1,0
3,0,0,0,1,0,0,0,2,0,1041,0,0
5,0,0,2,1,0,1,0,0,0,894,1,0
5,0,0,4,1,1,0,0,3,0,1364,2,0
3,0,0,3,0,1,0,0,0,0,1541,3,0
1,0,0,0,0,0,0,0,3,0,1158,1,0
4,0,0,0,1,1,1,0,1,0,217,3,0
4,0,0,4,0,1,0,0,3,0,1744,0,0
2,0,0,1,0,1,0,0,3,0,2182,1,0
5,0,0,5,1,0,1,0,0,0,734,3,0
5,0,0,3,1,1,1,0,2,0,1079,1,0
5,0,0,1,1,0,1,0,2,0,664,0,0
3,0,0,2,0,1,0,0,0,0,356,0,0
3,0,0,2,0,0,1,0,2,0,2430,0,0
0,0,0,0,0,0,0,0,3,0,2294,2,0
5,0,0,3,0,1,0,0,0,0,2875,1,0
4,0,0,4,1,0,1,0,3,0,2475,3,0
1,0,0,0,1,1,0,0,1,0,2419,2,0
0,0,0,0,1,1,1,0,1,0,2297,2,0
5,0,0,0,0,1,0,0,0,0,1604,3,0
3,0,0,2,0,1,0,0,3,0,758,2,0
1,0,0,1,1,1,1,0,3,0,340,1,0
2,0,0,2,1,1,0,0,2,0,1891,2,0
0,0,0,0,0,0,1,0,3,0,1087,2,0
4,0,0,2,1,1,1,0,3,0,1833,3,0
3,0,0,0,0,0,1,0,2,0,1161,1,0
5,0,0,3,1,1,1,0,0,0,169,0,0
4,0,0,3,0,1,1,0,1,0,2631,0,0
4,0,0,0,1,0,0,0,0,0,1597,0,0
4,0,0,1,0,0,0,0,0,0,1709,3,0
1,0,0,1,1,0,1,0,2,0,2839,2,0
4,0,0,0,0,0,1,0,1,0,2567,0,0
3,0,0,0,1,0,0,0,1,0,2285,2,0
2,0,0,2,0,1,1,0,1,0,528,2,0
2,0,0,1,1,1,0,0,3,0,269,3,0
5,0,0,1,1,1,1,0,1,0,1849,0,0
5,0,0,2,1,1,1,0,3,0,1254,0,0
4,0,0,0,1,0,0,0,2,0,2635,0,0
0,0,0,0,0,1,1,0,3,0,2357,3,0
3,0,0,3,1,1,1,0,0,0,786,1,0
0,0,0,0,0,0,1,0,2,0,2269,1,0
3,0,0,1,1,1,0,0,3,0,124,0,0
4,0,0,2,1,0,1,0,1,0,265,3,0
4,0,0,3,1,1,0,0,2,0,983,1,0
1,0,0,1,1,0,1,0,1,0,1602,3,0
2,0,0,2,1,1,1,0,3,0,742,0,0
3,0,0,1,1,1,0,0,1,0,1416,0,0
0,0,0,0,0,1,1,0,2,0,1006,0,0
0,0,0,0,1,0,0,0,2,0,634,3,0
3,0,0,0,0,0,1,0,3,0,971,2,0
2,0,0,1,1,0,0,0,0,0,2094,1,0
1,0,0,0,0,1,1,0,2,0,1516,1,0
5,0,0,3,1,0,1,0,0,0,2268,3,0
2,0,0,2,0,0,0,0,3,0,769,1,0
0,0,0,0,1,1,0,0,3,0,201,0,0
3,0,0,1,0,0,1,0,0,0,581,0,0
2,0,0,1,0,0,1,0,0,0,945,2,0
1,0,0,0,1,1,0,0,0,0,1086,1,0
0,0,0,0,1,1,0,0,1,0,2181,0,0
1,0,0,1,0,1,1,0,0,0,1553,2,0
0,0,0,0,1,0,1,0,2,0,2625,1,0
4,0,0,2,1,0,1,0,3,0,1144,3,0
4,0,0,3,1,0,0,0,2,0,473,2,0
1,0,0,1,1,0,1,0,1,0,1221,3,0
1,0,0,1,1,0,0,0,0,0,423,2,0
3,0,0,0,1,1,0,0,2,0,722,2,0
2,0,0,2,1,1,1,0,2,0,2323,2,0
5,0,0,2,1,0,1,0,0,0,316,3,0
0,0,0,0,0,1,1,0,1,0,2625,3,0
1,0,0,0,0,1,1,0,3,0,1262,0,0
0,0,0,0,0,0,0,0,1,0,1883,2,0
0,0,0,0,0,0,0,0,0,0,2557,1,0
4,0,0,1,0,0,0,0,3,0,2064,2,0
0,0,0,0,0,1,1,0,1,0,1515,2,0
3,0,0,3,0,0,1,0,1,0,1205,3,0
2,0,0,1,1,0,1,0,3,0,244,2,0
2,0,0,1,0,0,1,0,1,0,685,0,0
4,0,0,0,1,1,0,0,2,0,558,3,0
5,0,0,2,1,1,1,0,0,0,398,0,0
1,0,0,0,0,1,1,0,1,0,103,2,0
3,0,0,1,1,1,1,0,3,0,2550,0,0
1,0,0,0,1,0,1,0,1,0,109,0,0
3,0,0,2,0,0,1,0,1,0,895,1,0
0,0,0,0,0,0,1,0,2,0,952,1,0
4,0,0,2,1,0,0,0,1,0,2357,3,0
5,0,0,4,0,1,0,0,0,0,1757,0,0
2,0,0,2,1,1,0,0,1,0,2577,1,0
2,0,0,2,1,1,0,0,1,0,1395,3,0
4,0,0,3,1,0,0,0,0,0,723,0,0
3,0,0,0,1,1,0,0,1,0,108,3,0
2,0,0,0,1,0,0,0,1,0,1931,2,0
5,0,0,0,0,1,1,0,0,0,195,1,0
0,0,0,0,1,0,0,0,3,0,1247,2,0
3,0,0,1,0,0,1,0,2,0,2834,0,0
5,0,0,0,1,1,0,0,1,0,482,1,0
3,0,0,3,0,1,0,0,2,0,136,2,0
4,0,0,3,1,1,1,0,1,0,1367,3,0
2,0,0,2,0,0,0,0,1,0,1090,1,0
4,0,0,1,1,1,1,0,3,0,432,3,0
5,0,0,1,0,0,0,0,1,0,1867,2,0
4,0,0,3,0,0,0,0,0,0,2973,2,0
3,0,0,3,0,1,0,0,1,0,432,2,0
3,0,0,1,0,0,1,0,1,0,2652,2,0
4,0,0,3,0,0,0,0,1,0,2173,0,0
3,0,0,0,1,1,1,0,0,0,487,2,0
0,0,0,0,0,0,1,0,1,0,2744,2,0
4,0,0,2,1,1,0,0,0,0,2686,0,0
5,0,0,3,1,1,0,0,3,0,2429,0,0
2,0,0,2,1,1,0,0,0,0,2556,0,0
4,0,0,2,0,0,1,0,2,0,1729,0,0
0,0,0,0,1,1,1,0,1,0,2463,0,0
2,0,0,2,1,0,1,0,3,0,1958,2,0
2,0,0,0,0,1,0,0,1,0,2333,3,0
3,0,0,0,1,1,0,0,3,0,2058,1,0
0,0,0,0,0,0,0,0,0,0,2370,2,0
5,0,0,2,1,0,0,0,2,0,428,3,0
1,0,0,1,1,1,0,0,1,0,216,3,0
1,0,0,0,0,1,0,0,3,0,541,1,0
4,0,0,0,0,1,1,0,1,0,841,1,0
1,0,0,0,1,1,0,0,3,0,2717,2,0
1,0,0,0,1,1,1,0,0,0,2688,3,0
4,0,0,1,0,0,1,0,0,0,2107,0,0
0,0,0,0,0,0,0,0,1,0,1274,1,0
4,0,0,3,1,1,1,0,1,0,231,1,0
4,0,0,4,1,0,1,0,3,0,2826,1,0
0,0,0,0,1,1,1,0,1,0,1996,0,0
0,0,0,0,1,0,0,0,1,0,1146,2,0
1,0,0,0,1,1,0,0,3,0,1089,2,0
4,0,0,3,0,1,0,0,3,0,2771,3,0
2,0,0,2,1,1,1,0,3,0,2876,0,0
4,0,0,4,0,0,0,0,0,0,1833,0,0
1,0,0,0,1,1,1,0,3,0,1403,2,0
5,0,0,5,0,1,1,0,3,0,2716,0,0
1,0,0,0,0,0,1,0,1,0,2065,1,0
5,0,0,5,0,0,0,0,2,0,1464,1,0
1,0,0,0,1,1,0,0,2,0,1732,2,0
5,0,0,0,1,0,0,0,1,0,1947,3,0
5,0,0,0,0,1,1,0,0,0,1818,2,0
2,0,0,0,1,0,0,0,3,0,1685,3,0
2,0,0,1,1,0,0,0,0,0,2830,1,0
5,0,0,5,0,0,0,0,1,0,1729,3,0
3,0,0,2,0,1,0,0,2,0,1067,3,0
0,0,0,0,0,1,0,0,2,0,2724,1,0
4,0,0,3,1,1,0,0,3,0,1333,0,0
1,0,0,0,0,1,0,0,2,0,1261,0,0
1,0,0,1,1,1,0,0,0,0,2868,3,0
1,0,0,1,0,1,0,0,2,0,474,2,0
0,0,0,0,0,1,0,0,1,0,2359,0,0
2,0,0,2,1,0,1,0,0,0,933,1,0
0,0,0,0,1,0,0,0,1,0,530,2,0
3,0,0,1,0,0,0,0,2,0,2595,1,0
2,0,0,0,0,1,0,0,2,0,2904,0,0
5,0,0,4,1,0,1,0,1,0,1611,0,0
3,0,0,1,1,1,1,0,0,0,1599,1,0
3,0,0,0,1,0,0,0,0,0,864,1,0
4,0,0,2,0,0,0,0,1,0,1906,0,0
5,0,0,4,0,0,0,0,2,0,1865,1,0
2,0,0,0,0,1,0,0,1,0,2987,1,0
1,0,0,0,0,1,0,0,0,0,1459,1,0
1,0,0,0,1,0,0,0,1,0,1220,0,0
2,0,0,1,1,0,1,0,1,0,1721,3,0
2,0,0,0,0,0,0,0,0,0,626,2,0
2,0,0,2,1,1,1,0,1,0,1216,1,0
4,0,0,2,1,1,0,0,1,0,2153,3,0
5,0,0,1,1,0,0,0,2,0,1425,1,0
4,0,0,2,1,0,0,0,2,0,552,0,0
2,0,0,2,1,1,0,0,2,0,1589,0,0
1,0,0,0,1,0,0,0,2,0,2947,0,0
0,0,0,0,0,0,0,0,0,0,925,0,0
1,0,0,0,0,0,0,0,0,0,784,0,0
4,0,0,4,1,1,1,0,2,0,976,2,0
3,0,0,3,0,0,1,0,1,0,2969,3,0
3,0,0,3,0,1,1,0,0,0,1024,0,0
5,0,0,1,1,0,1,0,3,0,869,2,0
0,0,0,0,1,0,0,0,1,0,151,1,0
3,0,0,2,1,0,0,0,0,0,1765,1,0
1,0,0,0,0,0,1,0,0,0,862,1,0
4,0,0,3,1,1,0,0,0,0,2596,0,0
1,0,0,1,0,1,0,0,1,0,2748,1,0
4,0,0,3,1,1,0,0,2,0,301,3,0
5,0,0,2,1,1,1,0,2,0,1201,3,0
0,0,0,0,0,1,0,0,2,0,480,1,0
3,0,0,3,1,0,0,0,2,0,129,2,0
0,0,0,0,1,1,0,0,2,0,321,1,0
3,0,0,0,1,0,1,0,2,0,2784,1,0
1,0,0,1,0,0,0,0,3,0,549,0,0
5,0,0,5,0,0,1,0,0,0,2342,1,0
5,0,0,4,1,1,0,0,2,0,782,3,0
2,0,0,2,0,0,1,0,1,0,1278,0,0
3,0,0,0,0,1,0,0,2,0,925,2,0
2,0,0,2,0,0,1,0,3,0,2193,1,0
2,0,0,2,1,1,0,0,2,0,528,1,0
2,0,0,0,1,1,1,0,2,0,2355,2,0
1,0,0,0,1,0,1,0,1,0,1102,3,0
2,0,0,0,0,0,1,0,3,0,122,2,0
5,0,0,5,0,1,0,0,3,0,1720,3,0
3,0,0,1,1,1,1,0,1,0,2342,0,0
3,0,0,0,0,1,0,0,1,0,1106,3,0
1,0,0,1,1,0,0,0,3,0,2836,3,0
5,0,0,4,1,0,1,0,0,0,1535,2,0
5,0,0,5,0,0,0,0,3,0,1608,3,0
5,0,0,0,1,0,1,0,3,0,2364,3,0
0,0,0,0,1,1,1,0,0,0,1851,0,0
3,0,0,3,0,0,0,0,3,0,2337,3,0
0,0,0,0,1,0,1,0,0,0,299,2,0
1,0,0,1,1,0,1,0,3,0,474,1,0
3,0,0,2,1,1,0,0,3,0,841,3,0
1,0,0,1,1,1,1,0,3,0,323,1,0
5,0,0,0,1,1,0,0,1,0,2200,2,0
0,0,0,0,1,1,1,0,2,0,792,2,0
5,0,0,5,1,1,0,0,1,0,421,1,0
3,0,0,1,1,1,0,0,2,0,2503,3,0
4,0,0,3,1,1,0,0,0,0,1179,3,0
1,0,0,0,1,1,1,0,3,0,730,1,0
2,0,0,0,0,1,0,0,1,0,489,1,0
5,0,0,0,0,0,0,0,0,0,1512,2,0
1,0,0,1,1,0,0,0,1,0,341,1,0
5,0,0,5,1,1,0,0,2,0,1284,3,0
0,0,0,0,1,1,1,0,0,0,2977,1,0
2,0,0,1,0,0,1,0,2,0,1147,3,0
5,0,0,5,0,1,1,0,1,0,2436,2,0
4,0,0,0,0,0,1,0,2,0,985,3,0
0,0,0,0,0,1,1,0,1,0,2368,0,0
3,0,0,0,1,0,0,0,0,0,197,3,0
5,0,0,3,0,0,0,0,3,0,2465,1,0
0,0,0,0,0,0,1,0,3,0,313,3,0
1,0,0,1,0,0,0,0,3,0,2300,2,0
3,0,0,0,1,1,0,0,1,0,156,0,0
4,0,0,3,0,0,0,0,3,0,2291,1,0
2,0,0,0,1,0,1,0,2,0,720,1,0
0,0,0,0,1,0,0,0,2,0,1076,3,0
2,0,0,1,1,0,1,0,0,0,1029,3,0
2,0,0,2,0,1,1,0,2,0,1022,0,0
1,0,0,0,0,0,0,0,2,0,2736,3,0
5,0,0,2,1,1,0,0,1,0,2446,1,0
0,0,0,0,0,1,0,0,3,0,1098,2,0
0,0,0,0,1,1,0,0,3,0,760,3,0
3,0,0,3,1,0,1,0,2,0,2701,2,0
2,0,0,2,1,0,0,0,2,0,2383,2,0
4,0,0,4,1,1,1,0,2,0,2643,3,0
4,0,0,1,1,1,1,0,3,0,1454,3,0
0,0,0,0,0,1,1,0,2,0,327,2,0
0,0,0,0,0,0,0,0,2,0,499,0,0
3,0,0,0,0,0,1,0,2,0,746,3,0
3,0,0,3,1,0,1,0,1,0,2688,1,0
5,0,0,2,1,1,1,0,0,0,2913,3,0
1,0,0,1,0,0,1,0,1,0,2860,2,0
4,0,0,4,0,0,0,0,1,0,2720,2,0
3,0,0,3,1,0,1,0,3,0,2263,2,0
0,0,0,0,1,1,0,0,2,0,1871,3,0
1,0,0,0,0,0,0,0,1,0,2749,2,0
0,0,0,0,1,0,0,0,1,0,1896,0,0
1,0,0,1,1,1,0,0,2,0,2585,0,0
0,0,0,0,1,1,1,0,3,0,1637,0,0
3,0,0,0,0,0,1,0,2,0,239,0,0
2,0,0,2,0,0,1,0,1,0,126,1,0
0,0,0,0,1,0,1,0,3,0,539,1,0
0,0,0,0,0,1,1,0,0,0,1511,1,0
1,0,0,1,0,1,0,0,1,0,1121,0,0
3,0,0,3,1,0,0,0,3,0,382,2,0
1,0,0,0,1,0,1,0,2,0,1471,0,0
2,0,0,2,0,0,1,0,3,0,1433,1,0
0,0,0,0,1,0,0,0,0,0,906,2,0
3,0,0,0,0,1,1,0,2,0,1889,1,0
2,0,0,0,0,0,1,0,3,0,617,2,0
3,0,0,2,1,0,0,0,3,0,2482,2,0
4,0,0,4,1,1,0,0,0,0,952,3,0
5,0,0,5,0,0,0,0,0,0,2597,0,0
4,0,0,2,0,1,0,0,0,0,619,3,0
4,0,0,4,1,0,0,0,1,0,2368,1,0
1,0,0,0,0,1,0,0,1,0,1835,0,0
2,0,0,1,0,0,0,0,2,0,927,1,0
5,0,0,2,1,1,0,0,3,0,2997,1,0
4,0,0,0,0,0,0,0,3,0,2166,2,0
4,0,0,3,1,1,0,0,3,0,1477,2,0
1,0,0,0,1,0,1,0,0,0,1869,1,0
1,0,0,0,1,1,0,0,0,0,1372,0,0
5,0,0,3,1,1,1,0,2,0,377,2,0
3,0,0,3,0,1,1,0,3,0,1111,2,0
2,0,0,0,1,1,0,0,1,0,2271,2,0
0,0,0,0,1,1,1,0,0,0,119,0,0
0,0,0,0,0,0,0,0,2,0,2488,2,0
3,0,0,2,0,0,0,0,3,0,835,1,0
2,0,0,0,0,1,0,0,1,0,2086,3,0
2,0,0,1,1,0,0,0,3,0,583,3,0
1,0,0,0,0,1,1,0,2,0,1603,2,0
0,0,0,0,1,0,1,0,1,0,314,2,0
1,0,0,1,1,1,1,0,0,0,1113,1,0
0,0,0,0,1,0,1,0,2,0,1812,0,0
3,0,0,2,1,1,1,0,3,0,2212,2,0
2,0,0,2,1,0,1,0,0,0,1407,2,0
2,0,0,0,0,0,0,0,1,0,1085,0,0
4,0,0,4,1,0,0,0,1,0,1437,3,0
0,0,0,0,0,0,0,0,1,0,1210,2,0
5,0,0,5,0,1,1,0,1,0,2002,2,0
1,0,0,1,1,1,1,0,1,0,1688,3,0
3,0,0,0,1,1,0,0,1,0,2357,0,0
1,0,0,1,0,1,0,0,0,0,1217,3,0
2,0,0,0,0,1,1,0,1,0,2304,3,0
1,0,0,1,0,0,0,0,0,0,2005,3,0
2,0,0,2,0,1,0,0,3,0,1226,3,0
2,0,0,2,1,0,0,0,1,0,949,0,0
0,0,0,0,0,0,0,0,3,0,2910,1,0
4,0,0,3,1,1,1,0,1,0,2061,1,0
1,0,0,0,1,0,1,0,0,0,521,1,0
1,0,0,1,0,0,0,0,2,0,2783,1,0
5,0,0,2,1,0,0,0,2,0,2539,1,0
5,0,0,3,1,0,0,0,1,0,1374,0,0
1,0,0,0,1,0,1,0,3,0,1041,3,0
1,0,0,1,1,1,0,0,0,0,2874,3,0
1,0,0,0,1,1,0,0,2,0,1521,0,0
5,0,0,4,0,0,1,0,0,0,2650,2,0
2,0,0,2,1,0,1,0,3,0,2920,0,0
2,0,0,0,1,0,0,0,2,0,445,3,0
4,0,0,4,0,1,0,0,1,0,363,3,0
1,0,0,1,0,1,1,0,2,0,1494,1,0
2,0,0,2,1,1,0,0,1,0,2421,0,0
5,0,0,5,1,1,0,0,3,0,327,3,0
0,0,0,0,1,0,0,0,2,0,2782,1,0
3,0,0,1,1,1,1,0,1,0,1514,2,0
5,0,0,0,1,0,0,0,0,0,1535,1,0
0,0,0,0,1,1,1,0,0,0,1120,0,0
0,0,0,0,1,0,1,0,1,0,1058,3,0
3,0,0,0,0,0,1,0,0,0,1858,1,0
4,0,0,2,1,0,0,0,0,0,1432,1,0
2,0,0,1,0,1,0,0,0,0,562,0,0
4,0,0,0,0,1,0,0,3,0,1672,3,0
0,0,0,0,1,0,0,0,3,0,680,0,0
4,0,0,4,0,1,0,0,3,0,2475,0,0
5,0,0,4,1,1,0,0,3,0,2958,1,0
4,0,0,4,1,1,0,0,3,0,2131,2,0
0,0,0,0,0,1,0,0,3,0,2502,0,0
5,0,0,0,1,0,1,0,2,0,2216,3,0
1,0,0,1,0,1,0,0,1,0,891,0,0
2,0,0,0,1,0,1,0,3,0,1116,3,0
1,0,0,0,1,1,0,0,1,0,483,2,0
2,0,0,1,1,0,1,0,2,0,1242,3,0
4,0,0,0,1,1,0,0,0,0,1514,2,0
4,0,0,4,1,0,0,0,3,0,2109,0,0
2,0,0,1,0,0,0,0,2,0,1031,0,0
1,0,0,0,1,1,0,0,2,0,955,0,0
4,0,0,4,1,1,1,0,0,0,2422,3,0
3,0,0,2,0,0,0,0,0,0,543,1,0
1,0,0,0,0,0,0,0,1,0,1152,0,0
0,0,0,0,1,0,0,0,3,0,2181,3,0
5,0,0,3,1,0,0,0,1,0,2451,1,0
5,0,0,5,0,0,1,0,0,0,1640,2,0
5,0,0,3,1,1,1,0,0,0,383,3,0
0,0,0,0,0,1,0,0,3,0,842,2,0
4,0,0,4,1,1,0,0,3,0,495,2,0
0,0,0,0,1,0,0,0,2,0,1495,1,0
0,0,0,0,0,0,0,0,1,0,846,1,0
0,0,0,0,0,0,1,0,2,0,240,1,0
5,0,0,1,1,1,0,0,2,0,2210,1,0
1,0,0,1,0,0,1,0,3,0,1325,1,0
2,0,0,2,1,0,1,0,3,0,2839,0,0
4,0,0,1,0,1,1,0,3,0,2973,2,0
5,0,0,0,1,1,0,0,1,0,2299,3,0
2,0,0,0,0,1,1,0,1,0,990,3,0
3,0,0,1,1,1,0,0,3,0,109,0,0
2,0,0,0,1,0,0,0,3,0,1727,3,0
3,0,0,3,0,0,1,0,0,0,1239,1,0
4,0,0,0,1,0,1,0,0,0,631,3,0
4,0,0,3,0,0,0,0,3,0,2683,2,0
3,0,0,1,0,1,0,0,2,0,1940,3,0
0,0,0,0,1,0,0,0,3,0,2656,0,0
0,0,0,0,0,1,0,0,0,0,1156,3,0
1,0,0,1,0,1,0,0,0,0,2983,3,0
0,0,0,0,0,1,0,0,3,0,2970,1,0
1,0,0,1,1,1,0,0,1,0,2270,1,0
1,0,0,1,1,1,1,0,0,0,2639,1,0
4,0,0,0,0,1,0,0,1,0,2438,0,0
3,0,0,1,0,0,1,0,0,0,1721,0,0
4,0,0,1,1,0,1,0,1,0,995,3,0
0,0,0,0,0,0,1,0,1,0,2879,2,0
4,0,0,2,0,1,0,0,1,0,274,1,0
5,0,0,5,1,0,0,0,2,0,375,3,0
2,0,0,1,0,0,1,0,1,0,2612,1,0
2,0,0,2,0,1,1,0,0,0,202,0,0
1,0,0,0,1,0,1,0,1,0,2377,3,0
3,0,0,1,1,0,0,0,1,0,2160,0,0
3,0,0,2,1,1,1,0,2,0,2582,2,0
1,0,0,1,0,0,1,0,2,0,1614,0,0
3,0,0,0,0,0,0,0,0,0,1012,1,0
2,0,0,2,0,0,1,0,2,0,489,0,0
2,0,0,0,0,0,0,0,1,0,1048,3,0
5,0,0,0,1,0,1,0,0,0,2040,1,0
1,0,0,0,0,1,1,0,0,0,1132,1,0
0,0,0,0,0,1,1,0,0,0,930,3,0
5,0,0,5,0,1,0,0,0,0,452,2,0
1,0,0,1,1,1,1,0,3,0,189,3,0
3,0,0,1,1,0,0,0,1,0,1226,1,0
5,0,0,3,0,1,1,0,3,0,2521,2,0
2,0,0,0,1,0,0,0,0,0,1715,3,0
1,0,0,1,0,0,1,0,1,0,1646,3,0
3,0,0,1,0,0,0,0,1,0,1936,1,0
0,0,0,0,0,1,1,0,3,0,2032,3,0
2,0,0,2,0,1,0,0,1,0,2835,0,0
4,0,0,4,1,1,1,0,2,0,2598,2,0
1,0,0,0,0,0,0,0,3,0,310,2,0
2,0,0,0,0,1,0,0,0,0,1927,3,0
0,0,0,0,1,0,1,0,2,0,1545,1,0
4,0,0,4,0,1,0,0,0,0,1086,3,0
2,0,0,1,1,0,1,0,3,0,639,3,0
0,0,0,0,1,1,0,0,3,0,183,3,0
3,0,0,0,1,1,1,0,1,0,2497,2,0
2,0,0,0,1,0,1,0,2,0,1112,0,0
1,0,0,0,1,0,1,0,0,0,1231,2,0
0,0,0,0,1,1,0,0,1,0,579,0,0
4,0,0,2,0,1,1,0,2,0,2495,3,0
5,0,0,1,0,1,1,0,1,0,1244,3,0
5,0,0,2,0,1,0,0,2,0,2153,2,0
0,0,0,0,0,1,0,0,3,0,1156,1,0
0,0,0,0,0,0,0,0,3,0,2276,2,0
1,0,0,1,1,0,0,0,2,0,2565,3,0
1,0,0,0,1,1,1,0,1,0,1516,2,0
0,0,0,0,1,0,0,0,2,0,2197,0,0
3,0,0,3,0,0,1,0,0,0,962,0,0
4,0,0,0,1,1,0,0,2,0,2175,0,0
5,0,0,5,0,0,1,0,2,0,2913,0,0
2,0,0,0,1,0,0,0,0,0,373,1,0
5,0,0,4,0,0,0,0,3,0,1012,0,0
2,0,0,0,0,1,1,0,1,0,568,0,0
4,0,0,2,0,1,1,0,1,0,1626,2,0
0,0,0,0,1,0,0,0,2,0,1898,0,0
2,0,0,2,1,1,0,0,3,0,2600,1,0
3,0,0,1,0,1,1,0,3,0,815,0,0
5,0,0,3,0,0,1,0,0,0,508,0,0
0,0,0,0,0,0,0,0,0,0,608,3,0
4,0,0,4,1,0,0,0,3,0,1385,1,0
2,0,0,1,0,0,0,0,0,0,749,2,0
1,0,0,0,1,1,1,0,0,0,105,2,0
5,0,0,1,1,0,0,0,2,0,1851,0,0
1,0,0,1,0,0,1,0,2,0,1611,3,0
1,0,0,1,0,1,0,0,1,0,1084,1,0
1,0,0,1,0,0,0,0,1,0,1577,0,0
4,0,0,1,1,0,0,0,3,0,123,1,0
2,0,0,1,0,1,0,0,2,0,590,1,0
1,0,0,0,1,1,0,0,2,0,1230,0,0
1,0,0,0,1,1,0,0,2,0,517,0,0
0,0,0,0,0,0,0,0,3,0,239,2,0
1,0,0,1,0,0,0,0,1,0,1658,1,0
0,0,0,0,1,0,0,0,1,0,1684,2,0
0,0,0,0,1,0,0,0,2,0,2951,1,0
2,0,0,2,1,1,1,0,2,0,2018,1,0
4,0,0,0,1,0,0,0,0,0,1502,2,0
2,0,0,1,1,1,0,0,0,0,1758,1,0
4,0,0,1,1,0,1,0,3,0,1845,0,0
1,0,0,1,0,0,1,0,3,0,1589,1,0
3,0,0,1,0,1,0,0,1,0,363,3,0
1,0,0,0,1,0,0,0,0,0,128,0,0
3,0,0,2,0,0,1,0,1,0,216,0,0
0,0,0,0,0,1,0,0,0,0,783,0,0
2,0,0,0,1,1,1,0,3,0,1920,1,0
1,0,0,0,0,0,0,0,2,0,1898,3,0
3,0,0,3,1,1,0,0,3,0,1905,0,0
3,0,0,3,0,0,0,0,2,0,1663,1,0
5,0,0,3,1,1,0,0,0,0,2531,1,0
0,0,0,0,0,1,0,0,2,0,2055,2,0
3,0,0,1,1,1,0,0,1,0,2913,1,0
1,0,0,1,0,0,0,0,3,0,357,3,0
2,0,0,1,1,1,1,0,3,0,2023,3,0
5,0,0,4,0,0,0,0,3,0,2692,1,0
4,0,0,4,0,0,0,0,1,0,891,3,0
1,0,0,1,0,1,0,0,1,0,676,3,0
5,0,0,5,1,0,1,0,2,0,2500,2,0
4,0,0,0,1,1,1,0,0,0,881,3,0
0,0,0,0,0,1,0,0,2,0,1270,3,0
1,0,0,1,1,0,1,0,2,0,2469,1,0
1,0,0,1,1,1,1,0,2,0,957,3,0
5,0,0,3,0,0,0,0,1,0,290,1,0
1,0,0,0,1,1,0,0,1,0,2092,3,0
4,0,0,3,0,1,0,0,1,0,446,2,0
4,0,0,0,1,0,1,0,2,0,1849,0,0
5,0,0,5,1,1,1,0,0,0,1051,1,0
2,0,0,0,0,1,1,0,1,0,1090,0,0
3,0,0,2,0,1,0,0,0,0,132,2,0
3,0,0,3,0,1,0,0,2,0,643,0,0
1,0,0,1,1,1,0,0,0,0,2200,0,0
0,0,0,0,1,0,0,0,3,0,853,2,0
1,0,0,1,1,1,0,0,0,0,677,2,0
3,0,0,2,0,0,0,0,0,0,889,3,0
1,0,0,0,1,1,0,0,2,0,249,0,0
2,0,0,1,1,1,0,0,2,0,1891,3,0
1,0,0,0,1,1,1,0,0,0,590,0,0
1,0,0,1,1,1,1,0,0,0,1602,3,0
5,0,0,0,0,0,1,0,1,0,333,3,0
3,0,0,2,1,1,1,0,2,0,1376,2,0
5,0,0,1,0,0,1,0,1,0,2067,2,0
0,0,0,0,1,1,1,0,0,0,2428,1,0
1,0,0,1,0,1,0,0,3,0,290,3,0
5,0,0,5,1,0,1,0,3,0,2977,3,0
2,0,0,2,1,1,1,0,3,0,2501,0,0
4,0,0,0,1,1,0,0,0,0,2615,2,0
4,0,0,1,1,1,0,0,1,0,2445,1,0
3,0,0,3,0,1,1,0,3,0,1558,0,0
1,0,0,0,1,0,0,0,2,0,2426,0,0
1,0,0,0,0,0,1,0,0,0,2031,0,0
4,0,0,4,1,1,0,0,0,0,2449,1,0
2,0,0,2,0,1,0,0,0,0,2181,1,0
3,0,0,2,0,1,0,0,3,0,882,0,0
3,0,0,3,0,1,1,0,3,0,800,2,0
0,0,0,0,1,0,0,0,1,0,541,1,0
4,0,0,0,0,0,0,0,2,0,631,1,0
1,0,0,0,1,0,1,0,3,0,683,0,0
3,0,0,2,0,1,1,0,2,0,2734,1,0
0,0,0,0,1,0,0,0,3,0,1734,3,0
0,0,0,0,0,1,1,0,2,0,979,2,0
3,0,0,0,0,0,1,0,2,0,861,0,0
4,0,0,4,1,1,1,0,3,0,1420,2,0
2,0,0,1,1,1,1,0,0,0,338,3,0
0,0,0,0,0,0,0,0,3,0,906,2,0
2,0,0,2,1,1,0,0,0,0,2310,1,0
2,0,0,2,0,1,1,0,0,0,2967,3,0
0,0,0,0,1,1,0,0,1,0,814,2,0
2,0,0,1,0,1,1,0,2,0,2170,2,0
1,0,0,1,0,0,1,0,1,0,329,1,0
2,0,0,1,0,1,1,0,3,0,614,1,0
0,0,0,0,0,1,0,0,3,0,1966,1,0
5,0,0,5,0,1,0,0,3,0,845,3,0
3,0,0,2,1,0,0,0,2,0,203,1,0
5,0,0,5,0,1,0,0,1,0,2000,0,0
1,0,0,0,1,1,1,0,0,0,1591,0,0
1,0,0,0,1,1,0,0,1,0,2610,2,0
3,0,0,0,1,1,1,0,0,0,1155,3,0
1,0,0,1,0,0,1,0,1,0,1068,2,0
4,0,0,1,1,0,0,0,2,0,875,3,0
4,0,0,3,0,0,0,0,1,0,2740,1,0
4,0,0,4,0,1,1,0,2,0,1685,1,0
5,0,0,3,0,0,1,0,3,0,616,3,0
5,0,0,3,1,0,0,0,1,0,2058,3,0
0,0,0,0,1,1,1,0,3,0,2473,3,0
4,0,0,3,0,1,0,0,2,0,886,3,0
2,0,0,1,1,0,1,0,2,0,213,3,0
5,0,0,1,0,0,1,0,3,0,2719,1,0
0,0,0,0,0,1,0,0,2,0,1085,1,0
5,0,0,4,0,0,0,0,0,0,2501,0,0
1,0,0,0,0,0,0,0,1,0,2143,1,0
4,0,0,0,0,1,0,0,0,0,758,2,0
1,0,0,1,1,1,1,0,2,0,1657,3,0
0,0,0,0,1,0,0,0,1,0,1343,3,0
4,0,0,4,0,1,1,0,0,0,178,2,0
0,0,0,0,1,0,0,0,3,0,1707,1,0
4,0,0,2,1,0,1,0,2,0,2424,3,0
3,0,0,3,0,1,1,0,1,0,2817,1,0
1,0,0,1,1,0,0,0,2,0,2139,3,0
0,0,0,0,0,1,1,0,3,0,1757,2,0
0,0,0,0,0,1,0,0,3,0,1810,1,0
4,0,0,0,0,1,1,0,1,0,2752,1,0
0,0,0,0,0,0,0,0,3,0,389,1,0
3,0,0,0,1,1,1,0,1,0,2845,1,0
3,0,0,2,1,1,0,0,3,0,2576,1,0
3,0,0,2,0,1,1,0,3,0,302,3,0
3,0,0,1,0,0,0,0,0,0,1006,1,0
0,0,0,0,1,1,0,0,3,0,726,3,0
0,0,0,0,1,0,0,0,1,0,1121,2,0
3,0,0,3,1,0,0,0,0,0,973,2,0
1,0,0,1,1,0,0,0,3,0,1217,1,0
5,0,0,4,1,1,0,0,3,0,2358,0,0
1,0,0,1,0,0,1,0,2,0,1479,0,0
2,0,0,2,1,0,0,0,0,0,1206,2,0
4,0,0,4,0,0,1,0,3,0,1765,1,0
4,0,0,3,1,1,1,0,0,0,2952,0,0
0,0,0,0,1,0,1,0,3,0,2775,0,0
0,0,0,0,1,1,0,0,3,0,2888,1,0
4,0,0,4,0,1,1,0,3,0,1894,3,0
5,0,0,0,0,1,0,0,1,0,2453,1,0
4,0,0,3,1,1,0,0,1,0,1803,0,0
5,0,0,3,1,0,0,0,2,0,867,1,0
5,0,0,4,0,0,0,0,0,0,728,1,0
5,0,0,4,0,1,1,0,3,0,1405,2,0
5,0,0,5,0,1,0,0,3,0,1014,2,0
1,0,0,0,0,1,1,0,1,0,2211,1,0
4,0,0,4,0,1,0,0,1,0,2167,0,0
5,0,0,5,1,0,1,0,3,0,615,3,0
2,0,0,1,1,0,0,0,0,0,431,3,0
3,0,0,0,1,1,1,0,3,0,284,1,0
4,0,0,0,1,1,0,0,0,0,1130,2,0
5,0,0,1,0,1,0,0,2,0,240,1,0
4,0,0,3,0,0,1,0,0,0,1925,0,0
5,0,0,2,1,1,1,0,3,0,866,0,0
0,0,0,0,0,1,1,0,1,0,1409,3,0
5,0,0,1,0,1,0,0,0,0,1979,1,0
0,0,0,0,1,0,1,0,2,0,2047,2,0
3,0,0,2,1,0,0,0,3,0,2607,0,0
5,0,0,0,1,0,0,0,0,0,2928,1,0
3,0,0,0,0,1,1,0,2,0,538,3,0
4,0,0,2,1,1,0,0,2,0,1898,1,0
4,0,0,4,1,1,0,0,1,0,590,0,0
3,0,0,1,0,0,0,0,0,0,2952,2,0
5,0,0,5,1,1,1,0,1,0,586,2,0
3,0,0,2,0,1,1,0,0,0,2474,1,0
0,0,0,0,1,0,1,0,2,0,175,2,0
5,0,0,2,1,0,1,0,3,0,1826,0,0
1,0,0,0,1,0,0,0,1,0,1222,2,0
5,0,0,0,0,1,0,0,1,0,1392,0,0
2,0,0,0,0,1,1,0,0,0,636,3,0
0,0,0,0,1,1,0,0,1,0,1217,1,0
4,0,0,1,1,0,0,0,0,0,2872,0,0
2,0,0,1,0,1,1,0,0,0,1986,0,0
4,0,0,1,0,1,0,0,2,0,832,1,0
5,0,0,3,1,0,0,0,1,0,115,2,0
1,0,0,1,1,0,1,0,3,0,1971,3,0
5,0,0,4,0,0,0,0,2,0,1222,2,0
3,0,0,0,0,0,1,0,3,0,1573,0,0
4,0,0,1,1,0,0,0,3,0,462,2,0
3,0,0,1,1,1,0,0,1,0,717,1,0
4,0,0,3,0,0,0,0,1,0,2169,3,0
0,0,0,0,0,0,0,0,0,0,2552,3,0
0,0,0,0,0,1,1,0,0,0,2201,2,0
1,0,0,0,0,0,0,0,2,0,2038,2,0
3,0,0,2,1,0,0,0,1,0,380,2,0
3,0,0,0,1,0,1,0,0,0,420,3,0
1,0,0,0,0,1,0,0,2,0,781,2,0
4,0,0,4,0,1,0,0,1,0,2408,2,0
1,0,0,1,1,0,1,0,1,0,1529,3,0
3,0,0,0,1,1,1,0,3,0,2206,0,0
3,0,0,0,0,1,1,0,2,0,1481,2,0
3,0,0,2,1,0,0,0,3,0,2060,1,0
4,0,0,3,0,1,1,0,3,0,570,1,0
0,0,0,0,0,0,1,0,0,0,1441,2,0
5,0,0,0,0,1,1,0,2,0,1951,0,0
0,0,0,0,1,0,1,0,1,0,1071,0,0
3,0,0,2,0,0,0,0,1,0,2695,1,0
0,0,0,0,1,1,1,0,3,0,486,3,0
4,0,0,3,0,1,1,0,3,0,2796,2,0
2,0,0,0,1,0,1,0,2,0,1048,0,0
0,0,0,0,0,1,1,0,1,0,2446,0,0
0,0,0,0,0,0,1,0,1,0,1686,0,0
0,0,0,0,0,1,1,0,3,0,1799,2,0
4,0,0,0,0,0,0,0,2,0,2995,3,0
3,0,0,2,1,1,0,0,0,0,2902,2,0
0,0,0,0,0,1,0,0,3,0,1906,3,0
3,0,0,3,0,1,1,0,2,0,1794,3,0
0,0,0,0,0,1,0,0,1,0,2339,0,0
0,0,0,0,1,0,1,0,2,0,1119,1,0
3,0,0,0,1,1,0,0,0,0,1966,0,0
4,0,0,0,1,1,0,0,0,0,495,3,0
2,0,0,0,1,1,1,0,2,0,2623,0,0
1,0,0,0,0,1,0,0,1,0,1188,1,0
3,0,0,2,0,0,1,0,3,0,727,1,0
4,0,0,3,0,1,1,0,2,0,447,3,0
3,0,0,3,0,1,1,0,0,0,2127,2,0
1,0,0,1,1,0,1,0,0,0,627,1,0
1,0,0,1,0,0,1,0,1,0,2759,3,0
3,0,0,0,1,0,0,0,0,0,204,3,0
3,0,0,1,0,0,0,0,2,0,926,2,0
5,0,0,4,0,0,0,0,3,0,1986,1,0
2,0,0,0,1,0,0,0,2,0,299,1,0
3,0,0,3,1,1,1,0,0,0,739,1,0
0,0,0,0,1,0,0,0,1,0,798,3,0
2,0,0,0,1,1,1,0,2,0,310,1,0
5,0,0,1,0,1,1,0,3,0,1389,2,0
5,0,0,2,0,1,1,0,2,0,2467,1,0
2,0,0,0,0,0,1,0,2,0,989,2,0
4,0,0,2,1,1,1,0,2,0,2731,0,0
2,0,0,1,1,1,0,0,3,0,1126,1,0
5,0,0,4,1,0,0,0,0,0,538,1,0
0,0,0,0,0,1,0,0,3,0,2833,1,0
2,0,0,1,1,0,1,0,3,0,1243,1,0
5,0,0,0,1,0,0,0,1,0,361,1,0
1,0,0,1,1,0,0,0,3,0,1048,2,0
5,0,0,2,1,0,0,0,2,0,1938,3,0
1,0,0,0,1,1,0,0,0,0,526,0,0
1,0,0,0,0,0,1,0,2,0,1381,0,0
2,0,0,1,0,0,1,0,1,0,817,2,0
5,0,0,0,0,0,0,0,0,0,2362,2,0
2,0,0,0,0,0,1,0,1,0,2634,0,0
1,0,0,0,0,1,0,0,2,0,2149,2,0
5,0,0,3,0,0,1,0,3,0,543,1,0
3,0,0,0,0,1,0,0,3,0,349,0,0
1,0,0,1,0,0,0,0,3,0,2487,1,0
1,0,0,0,0,1,0,0,3,0,2572,3,0
4,0,0,2,1,1,0,0,1,0,2299,0,0
3,0,0,2,0,1,0,0,2,0,761,1,0
2,0,0,2,1,0,0,0,0,0,2440,1,0
1,0,0,1,0,0,1,0,2,0,1809,2,0
0,0,0,0,1,0,1,0,0,0,943,1,0
1,0,0,1,1,1,1,0,2,0,1092,1,0
4,0,0,4,0,1,0,0,0,0,2031,3,0
1,0,0,1,0,1,1,0,0,0,2215,1,0
5,0,0,4,0,1,0,0,0,0,247,0,0
2,0,0,1,1,1,1,0,2,0,2673,1,0
0,0,0,0,0,0,1,0,2,0,1821,1,0
3,0,0,0,0,1,1,0,2,0,1925,0,0
5,0,0,3,1,0,0,0,1,0,233,2,0
1,0,0,0,1,0,1,0,0,0,880,3,0
1,0,0,1,0,1,1,0,1,0,181,2,0
1,0,0,1,0,0,0,0,3,0,2731,1,0
0,0,0,0,1,0,0,0,1,0,2218,2,0
2,0,0,1,1,1,1,0,3,0,1026,3,0
2,0,0,0,0,1,0,0,3,0,2131,3,0
1,0,0,1,0,0,1,0,0,0,1275,2,0
4,0,0,1,0,0,1,0,3,0,865,1,0
3,0,0,2,1,0,1,0,0,0,365,0,0
1,0,0,1,0,0,0,0,0,0,171,3,0
1,0,0,0,1,1,1,0,1,0,2388,3,0
1,0,0,0,0,0,0,0,1,0,1814,1,0
1,0,0,1,1,1,1,0,2,0,208,3,0
5,0,0,2,1,0,0,0,0,0,891,1,0
1,0,0,1,1,1,0,0,3,0,859,1,0
5,0,0,1,1,0,1,0,0,0,1734,2,0
5,0,0,5,1,1,1,0,0,0,2378,3,0
4,0,0,1,1,1,0,0,1,0,663,1,0
5,0,0,2,0,1,1,0,0,0,2752,0,0
5,0,0,3,1,1,1,0,2,0,2450,1,0
1,0,0,1,0,0,0,0,1,0,964,3,0
1,0,0,1,1,0,0,0,1,0,1103,1,0
5,0,0,0,1,1,1,0,0,0,2284,0,0
2,0,0,0,1,1,0,0,1,0,2094,0,0
3,0,0,3,1,0,0,0,1,0,2259,3,0
4,0,0,4,1,1,1,0,0,0,1708,2,0
0,0,0,0,0,1,0,0,1,0,2071,3,0
5,0,0,1,0,1,0,0,3,0,2362,1,0
2,0,0,1,1,0,1,0,1,0,1404,1,0
1,0,0,1,0,0,1,0,0,0,469,3,0
2,0,0,2,0,0,1,0,2,0,1812,1,0
4,0,0,3,1,0,0,0,2,0,2802,2,0
5,0,0,4,0,0,1,0,2,0,2319,1,0
2,0,0,0,0,0,0,0,1,0,211,1,0
2,0,0,0,1,1,0,0,3,0,1335,0,0
1,0,0,0,0,1,0,0,1,0,1007,3,0
4,0,0,4,1,0,1,0,1,0,2865,3,0
0,0,0,0,1,0,1,0,0,0,1091,2,0
1,0,0,1,1,0,0,0,2,0,2022,1,0
1,0,0,0,1,1,1,0,3,0,2225,3,0
0,0,0,0,0,0,0,0,3,0,2008,2,0
1,0,0,1,0,0,1,0,1,0,1110,1,0
0,0,0,0,1,1,1,0,1,0,1699,0,0
0,0,0,0,0,1,0,0,3,0,950,0,0
4,0,0,1,1,0,0,0,2,0,1024,1,0
3,0,0,0,1,1,0,0,3,0,2284,2,0
2,0,0,0,0,0,0,0,1,0,1812,2,0
0,0,0,0,1,1,1,0,3,0,341,3,0
0,0,0,0,1,1,0,0,0,0,2220,1,0
3,0,0,0,1,1,1,0,2,0,1451,3,0
4,0,0,4,0,0,1,0,0,0,1555,3,0
3,0,0,3,1,1,0,0,1,0,1628,0,0
2,0,0,2,1,1,0,0,0,0,2438,0,0
2,0,0,1,1,1,1,0,3,0,707,3,0
2,0,0,0,1,1,0,0,3,0,1994,1,0
5,0,0,1,1,0,0,0,2,0,2666,3,0
1,0,0,1,0,0,1,0,3,0,2331,0,0
0,0,0,0,0,0,1,0,3,0,2656,3,0
0,0,0,0,0,0,0,0,3,0,2709,3,0
3,0,0,3,1,1,0,0,2,0,1752,2,0
2,0,0,1,0,1,0,0,3,0,438,2,0
4,0,0,0,1,0,0,0,0,0,2595,2,0
0,0,0,0,0,0,1,0,2,0,1270,3,0
1,0,0,0,1,0,1,0,2,0,1617,1,0
4,0,0,2,1,1,1,0,2,0,1314,1,0
4,0,0,0,0,1,1,0,0,0,771,0,0
3,0,0,3,0,1,0,0,3,0,1624,3,0
3,0,0,1,0,0,0,0,2,0,581,0,0
2,0,0,2,1,0,0,0,1,0,1320,1,0
2,0,0,0,1,1,0,0,1,0,2322,1,0
0,0,0,0,0,0,1,0,1,0,2804,0,0
5,0,0,1,0,0,1,0,2,0,2703,0,0
2,0,0,0,0,1,0,0,2,0,470,2,0
2,0,0,0,0,1,1,0,0,0,2162,3,0
2,0,0,0,1,0,1,0,3,0,643,1,0
2,0,0,2,1,0,1,0,2,0,2795,3,0
3,0,0,1,0,1,1,0,2,0,2141,2,0
1,0,0,0,1,0,1,0,3,0,2360,2,0
2,0,0,1,1,1,0,0,3,0,2972,3,0
2,0,0,0,1,0,1,0,3,0,611,3,0
4,0,0,1,0,1,0,0,3,0,2641,0,0
0,0,0,0,1,0,0,0,3,0,1791,1,0
0,0,0,0,0,1,0,0,0,0,1469,3,0
2,0,0,2,0,0,0,0,0,0,1128,2,0
0,0,0,0,0,1,1,0,2,0,2163,0,0
5,0,0,5,1,1,0,0,0,0,1989,1,0
1,0,0,0,1,1,0,0,1,0,1718,3,0
5,0,0,1,0,0,1,0,1,0,186,3,0
2,0,0,0,0,0,0,0,3,0,1793,1,0
3,0,0,1,0,0,1,0,2,0,2105,1,0
0,0,0,0,1,0,1,0,0,0,2491,2,0
3,0,0,0,1,1,1,0,3,0,2646,0,0
2,0,0,2,1,1,1,0,2,0,2655,0,0
4,0,0,3,1,0,1,0,2,0,2788,1,0
1,0,0,1,0,1,1,0,3,0,1537,1,0
3,0,0,3,0,1,1,0,0,0,2503,1,0
2,0,0,0,0,0,1,0,1,0,1304,1,0
5,0,0,3,0,1,1,0,2,0,2524,0,0
5,0,0,0,1,0,0,0,2,0,1660,2,0
1,0,0,0,0,1,0,0,0,0,746,3,0
5,0,0,4,1,0,0,0,3,0,1384,1,0
2,0,0,0,0,0,1,0,2,0,1247,3,0
3,0,0,0,0,0,0,0,0,0,1832,3,0
2,0,0,1,0,1,0,0,0,0,1922,1,0
3,0,0,0,0,0,1,0,0,0,2422,1,0
3,0,0,2,0,0,1,0,3,0,2480,2,0
0,0,0,0,1,1,1,0,3,0,440,2,0
4,0,0,1,0,1,0,0,2,0,838,0,0
1,0,0,0,1,0,0,0,0,0,807,0,0
0,0,0,0,0,0,1,0,3,0,2990,2,0
1,0,0,1,0,0,1,0,3,0,2354,3,0
1,0,0,0,0,1,1,0,3,0,924,0,0
4,0,0,1,0,1,1,0,3,0,1123,3,0
1,0,0,0,1,1,0,0,3,0,1214,3,0
3,0,0,1,1,1,0,0,0,0,2747,3,0
3,0,0,2,1,0,1,0,3,0,2144,2,0
5,0,0,0,1,0,0,0,0,0,2859,0,0
4,0,0,4,0,1,0,0,0,0,2424,0,0
5,0,0,3,1,1,1,0,1,0,1291,0,0
4,0,0,1,1,0,0,0,2,0,1656,0,0
3,0,0,2,1,0,1,0,1,0,1520,1,0
5,0,0,2,0,0,1,0,3,0,2958,3,0
3,0,0,0,0,1,0,0,1,0,425,1,0
3,0,0,3,0,1,1,0,2,0,2370,2,0
0,0,0,0,0,1,1,0,2,0,607,1,0
4,0,0,0,1,1,1,0,3,0,1939,2,0
2,0,0,0,1,1,1,0,3,0,2033,2,0
2,0,0,2,0,1,1,0,0,0,2843,0,0
5,0,0,5,1,1,1,0,3,0,2218,2,0
4,0,0,0,0,1,1,0,2,0,517,2,0
3,0,0,0,1,1,0,0,3,0,1434,2,0
5,0,0,2,0,0,1,0,3,0,2556,2,0
4,0,0,2,1,0,1,0,3,0,2412,3,0
4,0,0,0,1,0,1,0,1,0,2580,3,0
0,0,0,0,0,0,1,0,1,0,2300,3,0
5,0,0,3,0,0,0,0,1,0,2656,3,0
2,0,0,1,1,0,0,0,1,0,1491,1,0
4,0,0,2,0,1,0,0,1,0,2761,3,0
1,0,0,1,1,1,0,0,3,0,801,2,0
4,0,0,0,1,0,1,0,0,0,1621,0,0
1,0,0,0,1,0,1,0,1,0,1606,2,0
1,0,0,0,0,0,0,0,2,0,1792,2,0
5,0,0,5,0,1,0,0,0,0,240,2,0
3,0,0,3,0,0,0,0,1,0,270,0,0
1,0,0,0,0,0,1,0,1,0,2751,2,0
0,0,0,0,0,0,1,0,1,0,872,3,0
0,0,0,0,1,1,0,0,0,0,1014,2,0
1,0,0,1,1,1,0,0,2,0,2061,3,0
4,0,0,3,1,1,0,0,1,0,1900,1,0
2,0,0,1,1,1,0,0,1,0,1542,0,0
1,0,0,1,0,1,1,0,2,0,1170,3,0
1,0,0,1,0,1,0,0,3,0,2312,1,0
4,0,0,4,1,0,0,0,1,0,2001,0,0
1,0,0,1,0,1,1,0,0,0,579,0,0
5,0,0,4,1,1,1,0,3,0,1387,3,0
2,0,0,2,1,1,1,0,1,0,1487,2,0
0,0,0,0,1,0,1,0,1,0,806,2,0
5,0,0,5,1,1,1,0,0,0,2822,2,0
2,0,0,2,0,0,0,0,2,0,1588,1,0
3,0,0,0,0,0,0,0,0,0,1169,2,0
3,0,0,0,1,1,0,0,3,0,2093,2,0
1,0,0,1,1,1,1,0,2,0,2512,3,0
4,0,0,4,1,0,0,0,3,0,2832,1,0
3,0,0,1,0,0,1,0,3,0,2103,0,0
1,0,0,0,0,1,1,0,0,0,2518,1,0
0,0,0,0,0,0,1,0,0,0,2630,3,0
0,0,0,0,0,1,1,0,1,0,153,2,0
1,0,0,1,0,0,0,0,0,0,500,3,0
5,0,0,1,0,0,1,0,0,0,1153,2,0
5,0,0,0,1,0,1,0,1,0,1697,3,0
4,0,0,3,0,1,0,0,0,0,2001,2,0
1,0,0,0,0,1,1,0,2,0,2067,0,0
4,0,0,1,1,0,1,0,2,0,2955,0,0
1,0,0,1,0,1,1,0,0,0,1060,1,0
2,0,0,2,1,0,0,0,1,0,1377,3,0
2,0,0,0,1,1,0,0,0,0,1157,1,0
0,0,0,0,1,0,0,0,1,0,933,3,0
0,0,0,0,0,0,0,0,3,0,1295,1,0
4,0,0,0,1,1,0,0,1,0,2477,1,0
2,0,0,0,0,0,0,0,3,0,764,1,0
0,0,0,0,1,1,1,0,2,0,2117,3,0
4,0,0,1,1,0,1,0,1,0,364,1,0
5,0,0,5,1,1,1,0,0,0,667,1,0
3,0,0,2,0,0,1,0,0,0,1369,2,0
0,0,0,0,1,0,0,0,0,0,1451,1,0
4,0,0,0,1,1,1,0,3,0,562,1,0
5,0,0,4,1,1,1,0,1,0,957,0,0
5,0,0,1,0,1,0,0,2,0,2287,3,0
1,0,0,0,1,0,1,0,2,0,300,0,0
5,0,0,0,0,1,1,0,0,0,2744,1,0
1,0,0,1,0,0,1,0,2,0,661,0,0
4,0,0,2,0,1,1,0,3,0,1271,1,0
0,0,0,0,0,0,1,0,0,0,1038,3,0
3,0,0,0,1,0,1,0,1,0,2463,3,0
4,0,0,2,1,1,0,0,0,0,1433,2,0
3,0,0,3,0,0,0,0,1,0,1992,2,0
5,0,0,1,1,1,0,0,1,0,2539,3,0
0,0,0,0,0,1,1,0,2,0,1945,0,0
4,0,0,2,1,0,1,0,3,0,2332,3,0
4,0,0,2,1,1,1,0,0,0,2500,1,0
1,0,0,1,0,1,0,0,0,0,1887,2,0
0,0,0,0,1,0,1,0,3,0,2977,0,0
1,0,0,0,1,0,1,0,2,0,2510,0,0
2,0,0,1,0,1,1,0,0,0,991,0,0
0,0,0,0,0,0,0,0,3,0,1856,2,0
0,0,0,0,0,1,1,0,2,0,557,3,0
5,0,0,4,0,0,1,0,1,0,1999,0,0
0,0,0,0,0,0,0,0,0,0,1137,0,0
2,0,0,1,0,1,0,0,3,0,1139,2,0
0,0,0,0,0,1,0,0,0,0,2461,1,0
4,0,0,2,0,1,0,0,0,0,1696,2,0
1,0,0,1,1,1,0,0,0,0,639,3,0
3,0,0,0,1,0,1,0,3,0,1823,1,0
0,0,0,0,0,0,1,0,3,0,620,2,0
4,0,0,1,0,1,0,0,1,0,1734,1,0
5,0,0,4,0,0,1,0,1,0,2767,3,0
3,0,0,3,0,1,1,0,3,0,2340,0,0
0,0,0,0,1,1,0,0,0,0,1890,1,0
0,0,0,0,0,0,0,0,1,0,2851,3,0
1,0,0,0,0,1,0,0,2,0,218,3,0
0,0,0,0,1,1,0,0,1,0,1226,2,0
4,0,0,4,1,0,1,0,1,0,300,1,0
5,0,0,4,0,1,1,0,2,0,269,2,0
0,0,0,0,1,0,0,0,1,0,2449,3,0
4,0,0,0,0,1,1,0,2,0,434,2,0
1,0,0,0,1,1,1,0,1,0,1396,2,0
4,0,0,1,1,0,0,0,0,0,1062,0,0
1,0,0,1,0,0,0,0,2,0,1777,1,0
4,0,0,0,0,1,1,0,3,0,2963,3,0
2,0,0,1,1,0,0,0,3,0,2379,0,0
1,0,0,1,1,1,0,0,1,0,1477,3,0
4,0,0,0,0,1,0,0,2,0,2744,1,0
1,0,0,0,1,1,0,0,2,0,2180,3,0
0,0,0,0,1,0,0,0,0,0,1195,3,0
4,0,0,4,1,1,1,0,1,0,2525,3,0
2,0,0,0,1,1,0,0,2,0,100,1,0
3,0,0,0,0,0,1,0,2,0,1302,1,0
4,0,0,0,1,1,0,0,0,0,1388,1,0
5,0,0,1,1,1,1,0,2,0,2503,2,0
4,0,0,3,0,1,0,0,0,0,1204,0,0
4,0,0,1,0,1,0,0,0,0,1865,2,0
5,0,0,4,1,1,1,0,0,0,1091,1,0
5,0,0,3,0,1,0,0,2,0,2540,2,0
4,0,0,0,1,0,1,0,2,0,787,0,0
3,0,0,2,1,1,1,0,3,0,141,3,0
0,0,0,0,1,0,1,0,0,0,1190,0,0
2,0,0,1,0,0,0,0,1,0,2487,0,0
2,0,0,2,1,1,0,0,2,0,2490,1,0
4,0,0,2,0,1,0,0,1,0,1588,0,0
4,0,0,4,0,1,1,0,2,0,1321,3,0
0,0,0,0,0,0,0,0,3,0,870,0,0
3,0,0,1,1,1,0,0,2,0,2986,1,0
2,0,0,2,1,1,1,0,3,0,2002,2,0
1,0,0,0,1,0,1,0,0,0,1656,2,0
4,0,0,4,0,1,0,0,0,0,1481,3,0
5,0,0,0,1,0,0,0,0,0,408,2,0
0,0,0,0,0,1,1,0,3,0,2916,1,0
3,0,0,1,0,1,0,0,3,0,2145,3,0
1,0,0,0,0,0,0,0,1,0,1805,2,0
3,0,0,0,1,0,1,0,1,0,2859,0,0
4,0,0,1,0,0,0,0,1,0,736,3,0
0,0,0,0,0,0,0,0,2,0,385,1,0
2,0,0,1,1,1,0,0,1,0,2265,0,0
0,0,0,0,1,1,1,0,1,0,2838,1,0
2,0,0,0,1,1,1,0,0,0,117,3,0
5,0,0,1,0,1,1,0,3,0,1829,0,0
3,0,0,3,1,1,1,0,1,0,2410,0,0
3,0,0,3,1,0,1,0,3,0,474,0,0
0,0,0,0,0,0,0,0,1,0,409,2,0
3,0,0,2,1,0,0,0,0,0,2774,2,0
5,0,0,2,1,0,1,0,2,0,1405,0,0
2,0,0,1,0,1,1,0,2,0,514,1,0
2,0,0,1,1,0,1,0,0,0,868,3,0
5,0,0,3,0,1,0,0,2,0,1635,0,0
3,0,0,1,1,0,0,0,0,0,1705,1,0
1,0,0,1,0,0,0,0,2,0,282,2,0
3,0,0,0,0,1,0,0,0,0,464,1,0
1,0,0,1,1,0,1,0,0,0,812,0,0
4,0,0,3,0,1,0,0,1,0,1305,3,0
0,0,0,0,0,1,0,0,3,0,1557,0,0
3,0,0,2,1,0,1,0,0,0,337,2,0
5,0,0,1,0,1,1,0,2,0,1742,1,0
2,0,0,0,0,0,0,0,0,0,1188,1,0
1,0,0,1,0,0,0,0,1,0,123,1,0
0,0,0,0,0,1,0,0,1,0,1344,0,0
1,0,0,1,0,0,1,0,0,0,901,3,0
0,0,0,0,1,0,0,0,1,0,2340,3,0
1,0,0,1,0,1,1,0,2,0,852,3,0
2,0,0,1,0,0,1,0,1,0,139,3,0
2,0,0,1,1,0,0,0,1,0,2805,0,0
4,0,0,1,0,0,0,0,3,0,2463,0,0
1,0,0,0,1,1,1,0,1,0,2215,1,0
4,0,0,3,1,0,0,0,2,0,675,0,0
5,0,0,1,1,1,1,0,1,0,1819,0,0
5,0,0,4,1,0,0,0,2,0,2694,0,0
3,0,0,0,0,1,1,0,2,0,176,1,0
0,0,0,0,1,0,0,0,3,0,1111,1,0
5,0,0,1,1,0,1,0,3,0,922,3,0
0,0,0,0,1,1,1,0,3,0,2701,0,0
1,0,0,0,1,0,0,0,2,0,610,1,0
3,0,0,1,0,0,0,0,0,0,939,1,0
1,0,0,0,1,0,0,0,0,0,560,2,0
1,0,0,0,0,0,1,0,1,0,2572,2,0
4,0,0,2,1,1,1,0,0,0,2242,0,0
0,0,0,0,1,1,0,0,1,0,2114,0,0
1,0,0,0,1,0,1,0,1,0,1015,0,0
4,0,0,3,0,0,1,0,0,0,1625,1,0
2,0,0,1,1,1,0,0,0,0,1457,3,0
1,0,0,1,1,1,1,0,3,0,1656,2,0
1,0,0,0,1,1,1,0,0,0,2320,2,0
5,0,0,0,1,1,0,0,3,0,871,2,0
2,0,0,0,0,1,0,0,2,0,2018,0,0
2,0,0,1,0,0,0,0,0,0,301,1,0
4,0,0,0,0,1,1,0,1,0,2184,2,0
2,0,0,0,0,1,0,0,0,0,1692,0,0
0,0,0,0,1,1,0,0,2,0,2501,2,0
1,0,0,1,1,1,0,0,0,0,1047,3,0
4,0,0,1,0,1,0,0,0,0,2975,0,0
3,0,0,0,0,0,1,0,0,0,1307,0,0
2,0,0,2,0,0,1,0,2,0,1842,3,0
5,0,0,2,1,0,1,0,3,0,551,0,0
2,0,0,2,0,1,0,0,0,0,1786,1,0
3,0,0,3,1,0,0,0,0,0,1621,1,0
4,0,0,1,1,0,1,0,1,0,2244,0,0
4,0,0,2,1,1,0,0,2,0,1183,0,0
4,0,0,3,0,0,1,0,1,0,2801,1,0
5,0,0,2,1,1,0,0,3,0,208,0,0
3,0,0,0,0,1,0,0,1,0,1677,3,0
5,0,0,5,0,0,0,0,2,0,549,2,0
2,0,0,0,0,0,1,0,2,0,1571,2,0
1,0,0,0,1,1,1,0,1,0,1380,3,0
1,0,0,1,1,0,0,0,1,0,2959,3,0
1,0,0,0,1,0,1,0,2,0,1404,2,0
1,0,0,0,0,1,1,0,3,0,1993,2,0
0,0,0,0,1,1,0,0,0,0,2956,3,0
1,0,0,1,0,0,0,0,0,0,908,1,0
5,0,0,0,1,0,0,0,0,0,1576,1,0
2,0,0,0,0,0,1,0,3,0,1564,3,0
3,0,0,1,0,1,1,0,1,0,626,0,0
0,0,0,0,0,1,1,0,1,0,1525,1,0
5,0,0,3,1,0,1,0,2,0,316,3,0
0,0,0,0,0,0,1,0,1,0,2867,1,0
3,0,0,2,0,0,0,0,2,0,1165,3,0
4,0,0,0,1,1,1,0,2,0,2402,1,0
3,0,0,0,1,0,1,0,1,0,2692,3,0
2,0,0,1,0,1,1,0,1,0,2518,2,0
5,0,0,5,0,1,1,0,3,0,1101,3,0
0,0,0,0,0,1,1,0,1,0,1565,3,0
5,0,0,2,1,0,0,0,2,0,1035,2,0
4,0,0,3,0,1,0,0,2,0,2064,1,0
5,0,0,2,1,0,0,0,3,0,1992,0,0
4,0,0,4,1,1,1,0,3,0,419,3,0
4,0,0,4,0,1,0,0,3,0,2247,2,0
5,0,0,3,1,1,0,0,3,0,734,0,0
4,0,0,4,0,0,1,0,1,0,2108,2,0
2,0,0,0,0,0,1,0,3,0,1689,2,0
1,0,0,0,1,1,1,0,2,0,2257,2,0
0,0,0,0,1,1,1,0,0,0,2533,3,0
4,0,0,2,0,1,1,0,2,0,2018,1,0
2,0,0,1,1,0,1,0,1,0,564,2,0
1,0,0,1,0,1,0,0,0,0,2675,3,0
1,0,0,1,0,1,0,0,3,0,2576,2,0
0,0,0,0,0,1,1,0,2,0,1011,1,0
4,0,0,0,1,0,1,0,0,0,2516,0,0
0,0,0,0,0,1,1,0,0,0,464,2,0
5,0,0,3,1,1,0,0,2,0,1604,3,0
4,0,0,1,1,0,0,0,1,0,902,3,0
2,0,0,1,1,1,0,0,3,0,2627,3,0
2,0,0,1,1,1,1,0,3,0,2106,0,0
2,0,0,2,1,0,1,0,0,0,1392,1,0
1,0,0,0,1,1,0,0,2,0,2455,2,0
4,0,0,2,0,1,0,0,0,0,2657,3,0
3,0,0,0,1,1,0,0,2,0,2188,2,0
4,0,0,2,1,1,0,0,2,0,2750,0,0
3,0,0,3,0,0,0,0,3,0,2026,1,0
5,0,0,5,1,1,0,0,1,0,2764,0,0
3,0,0,0,0,0,0,0,1,0,1369,3,0
0,0,0,0,1,0,1,0,3,0,1281,2,0
3,0,0,0,0,0,0,0,0,0,2396,0,0
3,0,0,2,0,0,0,0,0,0,494,1,0
2,0,0,1,0,1,0,0,1,0,1067,3,0
0,0,0,0,1,1,0,0,3,0,2618,2,0
2,0,0,0,0,1,1,0,2,0,2614,2,0
3,0,0,0,0,0,1,0,0,0,923,1,0
4,0,0,2,0,1,1,0,2,0,859,3,0
5,0,0,1,1,1,1,0,0,0,2193,2,0
1,0,0,0,0,0,0,0,3,0,291,2,0
4,0,0,0,1,1,1,0,0,0,577,2,0
3,0,0,3,1,1,1,0,2,0,317,0,0
1,0,0,1,0,0,0,0,2,0,1181,2,0
1,0,0,1,1,0,0,0,1,0,2603,1,0
4,0,0,1,1,0,1,0,2,0,1661,2,0
4,0,0,0,1,0,1,0,0,0,1753,1,0
0,0,0,0,1,0,1,0,1,0,2415,2,0
2,0,0,2,0,1,1,0,2,0,1814,0,0
5,0,0,1,1,1,1,0,1,0,2847,1,0
1,0,0,0,0,0,0,0,1,0,1397,1,0
5,0,0,1,0,0,0,0,1,0,1548,0,0
5,0,0,3,0,1,0,0,1,0,2631,3,0
2,0,0,2,0,0,1,0,1,0,2842,2,0
4,0,0,4,1,1,1,0,1,0,268,3,0
3,0,0,0,1,0,1,0,2,0,231,2,0
1,0,0,0,1,1,0,0,2,0,2041,3,0
0,0,0,0,0,1,1,0,0,0,1740,0,0
4,0,0,4,1,0,0,0,1,0,905,0,0
2,0,0,1,0,0,1,0,1,0,1512,1,0
1,0,0,0,1,0,0,0,0,0,2740,3,0
4,0,0,3,0,0,0,0,2,0,420,0,0
4,0,0,3,1,1,0,0,3,0,736,2,0
0,0,0,0,0,0,1,0,0,0,1511,1,0
4,0,0,0,0,0,0,0,1,0,2301,2,0
3,0,0,0,0,0,0,0,1,0,2342,0,0
1,0,0,0,0,0,0,0,1,0,574,0,0
5,0,0,3,0,0,1,0,3,0,2771,3,0
1,0,0,0,1,1,1,0,1,0,2861,2,0
3,0,0,0,0,0,0,0,0,0,2376,0,0
3,0,0,2,1,1,1,0,2,0,2834,3,0
4,0,0,0,1,1,1,0,0,0,1225,2,0
1,0,0,0,0,0,1,0,2,0,121,1,0
3,0,0,3,1,0,0,0,3,0,2909,3,0
3,0,0,1,0,0,0,0,1,0,2478,0,0
2,0,0,1,0,1,0,0,1,0,2392,2,0
5,0,0,4,0,0,0,0,1,0,1242,2,0
0,0,0,0,0,1,1,0,0,0,2499,0,0
5,0,0,3,0,1,1,0,1,0,1819,3,0
1,0,0,0,0,0,0,0,2,0,2015,0,0
0,0,0,0,0,1,0,0,0,0,759,1,0
1,0,0,0,1,1,0,0,2,0,1235,0,0
2,0,0,2,0,1,1,0,2,0,2224,1,0
3,0,0,2,0,0,1,0,1,0,925,2,0
0,0,0,0,0,0,0,0,1,0,1923,3,0
0,0,0,0,0,1,1,0,0,0,2451,2,0
3,0,0,1,1,0,0,0,1,0,1923,0,0
3,0,0,0,0,0,1,0,1,0,631,1,0
3,0,0,1,0,0,1,0,0,0,964,3,0
3,0,0,3,1,0,1,0,3,0,1189,1,0
1,0,0,1,1,1,0,0,0,0,2276,2,0
0,0,0,0,1,0,0,0,3,0,1192,1,0
4,0,0,0,0,0,1,0,0,0,2099,3,0
2,0,0,1,0,0,1,0,1,0,2776,2,0
5,0,0,4,0,1,1,0,1,0,2721,2,0
0,0,0,0,0,0,0,0,2,0,1000,1,0
5,0,0,1,0,1,0,0,2,0,2912,0,0
4,0,0,4,0,1,1,0,3,0,1204,1,0
1,0,0,0,1,0,1,0,3,0,1459,0,0
0,0,0,0,1,0,1,0,2,0,1249,3,0
3,0,0,2,1,0,1,0,3,0,1879,1,0
4,0,0,3,1,0,1,0,2,0,970,2,0
5,0,0,5,1,0,1,0,1,0,1665,0,0
0,0,0,0,1,0,0,0,0,0,2300,0,0
2,0,0,2,0,1,0,0,0,0,2793,1,0
4,0,0,0,0,1,0,0,1,0,2245,0,0
4,0,0,3,1,0,1,0,1,0,2931,1,0
1,0,0,1,1,1,0,0,2,0,1628,3,0
4,0,0,3,0,0,0,0,3,0,1796,3,0
2,0,0,1,0,1,0,0,1,0,430,3,0
1,0,0,0,0,0,0,0,2,0,2050,0,0
5,0,0,5,0,1,0,0,1,0,315,3,0
0,0,0,0,1,0,1,0,0,0,668,2,0
2,0,0,1,1,0,0,0,0,0,621,2,0
3,0,0,0,0,0,0,0,1,0,1182,3,0
1,0,0,1,1,0,0,0,3,0,2807,2,0
3,0,0,3,1,1,0,0,1,0,452,2,0
0,0,0,0,0,1,1,0,1,0,1658,0,0
3,0,0,0,0,1,0,0,3,0,848,0,0
4,0,0,4,0,0,1,0,1,0,653,0,0
2,0,0,2,0,1,0,0,3,0,328,2,0
2,0,0,0,1,1,1,0,3,0,488,1,0
0,0,0,0,0,1,1,0,1,0,2228,2,0
0,0,0,0,0,1,0,0,3,0,954,1,0
0,0,0,0,1,0,1,0,0,0,1394,0,0
4,0,0,0,0,0,1,0,2,0,2093,1,0
1,0,0,1,0,0,1,0,1,0,2334,2,0
5,0,0,1,1,1,1,0,1,0,115,1,0
1,0,0,0,0,0,0,0,1,0,663,1,0
4,0,0,3,0,1,0,0,1,0,634,0,0
4,0,0,3,1,0,1,0,0,0,226,2,0
0,0,0,0,1,0,1,0,0,0,243,1,0
4,0,0,2,1,0,0,0,1,0,2070,1,0
2,0,0,0,0,0,0,0,3,0,758,0,0
2,0,0,1,0,1,0,0,1,0,724,1,0
2,0,0,1,1,1,0,0,1,0,2718,3,0
4,0,0,2,0,1,1,0,3,0,855,1,0
5,0,0,3,0,0,0,0,2,0,2665,2,0
1,0,0,0,1,1,1,0,0,0,628,0,0
0,0,0,0,0,0,0,0,3,0,2716,2,0
5,0,0,3,0,1,1,0,2,0,497,1,0
5,0,0,3,0,0,1,0,0,0,1363,2,0
3,0,0,0,1,0,0,0,2,0,2806,1,0
1,0,0,1,0,1,1,0,3,0,2389,3,0
0,0,0,0,1,0,1,0,0,0,2571,2,0
3,0,0,2,1,0,0,0,0,0,1089,0,0
2,0,0,2,1,1,0,0,2,0,397,1,0
5,0,0,3,0,0,1,0,1,0,2171,3,0
0,0,0,0,1,1,1,0,1,0,2106,1,0
4,0,0,4,0,1,1,0,3,0,464,2,0
5,0,0,3,0,1,1,0,3,0,545,0,0
2,0,0,1,0,1,0,0,2,0,1529,3,0
2,0,0,1,1,1,1,0,2,0,2426,3,0
2,0,0,1,0,1,1,0,3,0,699,2,0
1,0,0,1,0,0,0,0,0,0,2307,3,0
4,0,0,0,1,0,0,0,0,0,2123,3,0
0,0,0,0,0,0,1,0,0,0,832,3,0
1,0,0,1,0,1,0,0,1,0,389,2,0
3,0,0,2,1,1,0,0,2,0,2017,1,0
3,0,0,0,1,0,0,0,2,0,490,0,0
3,0,0,1,1,1,0,0,0,0,600,2,0
3,0,0,0,1,1,1,0,1,0,721,1,0
1,0,0,1,1,0,0,0,0,0,2401,0,0
3,0,0,3,1,0,0,0,1,0,2017,3,0
0,0,0,0,0,1,0,0,0,0,2005,2,0
3,0,0,1,0,0,1,0,2,0,2222,3,0
2,0,0,0,1,0,1,0,3,0,282,2,0
5,0,0,1,1,1,1,0,0,0,546,1,0
4,0,0,4,1,1,1,0,1,0,1304,3,0
1,0,0,1,0,1,1,0,2,0,453,1,0
3,0,0,0,1,1,0,0,2,0,1394,2,0
1,0,0,1,0,1,1,0,2,0,453,0,0
1,0,0,0,1,0,1,0,0,0,1926,0,0
0,0,0,0,1,0,1,0,0,0,1745,3,0
0,0,0,0,0,1,1,0,0,0,477,3,0
4,0,0,0,0,0,1,0,3,0,428,1,0
5,0,0,1,1,0,0,0,0,0,545,3,0
0,0,0,0,0,0,0,0,2,0,1857,2,0
0,0,0,0,0,0,0,0,2,0,449,2,0
4,0,0,3,0,0,1,0,1,0,1219,2,0
4,0,0,1,0,1,1,0,3,0,2581,1,0
4,0,0,3,0,1,0,0,2,0,1796,1,0
2,0,0,0,0,1,1,0,2,0,2054,1,0
3,0,0,1,0,0,0,0,0,0,221,3,0
0,0,0,0,0,1,0,0,2,0,339,0,0
3,0,0,1,0,1,1,0,2,0,2402,0,0
1,0,0,0,0,0,0,0,0,0,1991,0,0
0,0,0,0,1,1,1,0,1,0,1454,3,0
0,0,0,0,0,1,0,0,0,0,2361,3,0
4,0,0,0,1,1,0,0,2,0,1802,1,0
4,0,0,3,1,0,0,0,2,0,1703,0,0
3,0,0,2,0,0,0,0,0,0,1966,3,0
0,0,0,0,0,1,0,0,0,0,1029,0,0
0,0,0,0,0,0,1,0,3,0,658,2,0
1,0,0,0,1,1,1,0,3,0,2180,1,0
1,0,0,1,0,0,0,0,3,0,1080,1,0
3,0,0,1,1,0,0,0,1,0,930,1,0
0,0,0,0,0,0,0,0,3,0,394,3,0
1,0,0,1,0,1,1,0,2,0,189,2,0
4,0,0,2,1,0,0,0,2,0,2942,2,0
5,0,0,5,1,0,0,0,3,0,264,2,0
1,0,0,0,0,1,1,0,3,0,2048,1,0
1,0,0,0,0,1,1,0,1,0,1884,3,0
3,0,0,2,1,0,1,0,1,0,1343,3,0
5,0,0,4,0,0,1,0,0,0,940,2,0
1,0,0,0,1,0,0,0,1,0,198,0,0
4,0,0,0,1,1,1,0,3,0,2532,3,0
3,0,0,1,1,1,0,0,1,0,1544,1,0
5,0,0,5,0,1,0,0,2,0,555,1,0
4,0,0,2,0,0,1,0,1,0,2485,2,0
5,0,0,5,0,0,1,0,0,0,1822,2,0
4,0,0,2,0,1,0,0,1,0,881,3,0
2,0,0,2,1,1,1,0,2,0,730,1,0
5,0,0,1,0,0,1,0,3,0,2139,0,0
1,0,0,0,0,0,0,0,1,0,2784,3,0
3,0,0,3,0,1,1,0,3,0,1451,3,0
2,0,0,2,1,0,0,0,0,0,1604,3,0
0,0,0,0,1,1,0,0,1,0,1163,2,0
1,0,0,0,1,1,1,0,2,0,1346,3,0
4,0,0,4,0,1,1,0,1,0,2914,3,0
2,0,0,1,0,0,1,0,2,0,2361,2,0
1,0,0,0,1,1,1,0,1,0,1855,1,0
3,0,0,0,1,1,1,0,3,0,2906,1,0
0,0,0,0,0,1,1,0,0,0,1290,3,0
0,0,0,0,1,1,1,0,1,0,1180,2,0
3,0,0,0,0,0,0,0,3,0,2940,2,0
5,0,0,5,0,1,0,0,0,0,376,3,0
3,0,0,2,0,1,1,0,1,0,809,3,0
4,0,0,1,1,1,0,0,2,0,2815,3,0
4,0,0,4,1,1,1,0,3,0,1404,2,0
1,0,0,0,0,1,1,0,3,0,1539,3,0
4,0,0,4,1,1,0,0,1,0,2041,2,0
3,0,0,0,1,0,1,0,2,0,2010,1,0
5,0,0,0,0,1,0,0,0,0,1749,1,0
5,0,0,2,1,1,1,0,0,0,1721,0,0
0,0,0,0,0,0,1,0,0,0,2026,1,0
1,0,0,1,0,1,1,0,3,0,958,2,0
3,0,0,1,1,0,1,0,0,0,1854,2,0
3,0,0,1,0,0,0,0,1,0,1504,1,0
2,0,0,1,0,1,1,0,2,0,2681,0,0
0,0,0,0,0,1,0,0,0,0,1154,1,0
2,0,0,1,0,1,0,0,1,0,2673,1,0
3,0,0,3,1,1,0,0,2,0,1148,0,0
0,0,0,0,0,0,1,0,1,0,2001,1,0
4,0,0,3,1,1,1,0,1,0,390,2,0
4,0,0,2,1,0,1,0,2,0,2605,2,0
1,0,0,1,0,0,1,0,3,0,741,3,0
2,0,0,1,1,1,0,0,3,0,1958,3,0
5,0,0,5,0,0,0,0,2,0,1002,1,0
1,0,0,1,1,0,1,0,1,0,1518,3,0
3,0,0,3,1,0,1,0,2,0,443,1,0
1,0,0,1,1,0,0,0,2,0,2220,1,0
3,0,0,3,0,1,1,0,3,0,2698,0,0
2,0,0,1,0,0,1,0,3,0,1619,0,0
0,0,0,0,1,0,0,0,2,0,1045,0,0
5,0,0,5,0,1,1,0,0,0,156,1,0
4,0,0,4,0,1,0,0,2,0,277,2,0
3,0,0,3,0,0,1,0,2,0,2847,1,0
5,0,0,0,0,0,0,0,0,0,1950,1,0
4,0,0,3,1,0,0,0,1,0,755,2,0
4,0,0,2,0,1,1,0,3,0,455,0,0
4,0,0,2,0,1,1,0,2,0,1710,0,0
5,0,0,5,0,1,1,0,2,0,2533,3,0
5,0,0,2,1,1,1,0,1,0,2176,0,0
5,0,0,1,1,1,1,0,3,0,999,1,0
5,0,0,4,1,0,0,0,3,0,1875,0,0
0,0,0,0,0,0,0,0,2,0,2276,3,0
0,0,0,0,0,0,0,0,0,0,1576,3,0
5,0,0,0,1,0,0,0,3,0,2384,2,0
5,0,0,2,1,0,1,0,3,0,1683,3,0
2,0,0,0,0,1,0,0,1,0,234,2,0
5,0,0,1,1,0,0,0,1,0,954,2,0
5,0,0,2,0,1,0,0,2,0,2208,0,0
5,0,0,0,0,1,0,0,2,0,1072,1,0
0,0,0,0,1,1,1,0,1,0,2210,3,0
5,0,0,1,0,1,0,0,3,0,563,1,0
4,0,0,0,1,1,0,0,3,0,914,3,0
0,0,0,0,1,0,1,0,1,0,1110,2,0
4,0,0,0,0,1,1,0,2,0,908,3,0
5,0,0,0,1,0,0,0,0,0,2711,3,0
3,0,0,2,1,1,0,0,3,0,2285,0,0
1,0,0,1,0,1,1,0,2,0,1610,0,0
5,0,0,3,1,0,1,0,3,0,1293,0,0
0,0,0,0,1,0,1,0,1,0,727,3,0
2,0,0,0,1,1,0,0,0,0,2681,1,0
3,0,0,3,1,1,0,0,0,0,2603,0,0
1,0,0,1,0,1,0,0,1,0,2797,1,0
0,0,0,0,0,1,1,0,2,0,590,0,0
2,0,0,2,0,0,0,0,1,0,2247,0,0
1,0,0,1,0,1,1,0,1,0,997,1,0
4,0,0,2,1,0,0,0,2,0,1239,3,0
3,0,0,0,0,0,1,0,3,0,1412,3,0
2,0,0,1,1,1,1,0,1,0,2634,2,0
3,0,0,1,0,0,1,0,1,0,141,2,0
3,0,0,2,1,1,0,0,1,0,2224,2,0
4,0,0,2,1,1,1,0,3,0,1909,3,0
2,0,0,1,1,1,1,0,0,0,1449,1,0
0,0,0,0,1,0,1,0,0,0,2326,3,0
5,0,0,5,1,0,0,0,3,0,1111,0,0
4,0,0,2,1,1,0,0,0,0,1064,3,0
1,0,0,1,1,1,1,0,1,0,1416,2,0
2,0,0,1,1,0,0,0,0,0,1411,3,0
0,0,0,0,1,1,0,0,2,0,337,2,0
4,0,0,1,0,1,0,0,2,0,1499,1,0
5,0,0,2,0,0,1,0,1,0,2613,1,0
3,0,0,0,0,0,0,0,2,0,2846,1,0
3,0,0,0,1,1,0,0,2,0,624,2,0
0,0,0,0,1,0,1,0,1,0,434,0,0
4,0,0,0,1,0,0,0,0,0,230,2,0
4,0,0,2,1,1,0,0,1,0,1012,0,0
3,0,0,2,0,0,1,0,0,0,837,0,0
2,0,0,1,0,0,0,0,3,0,1869,2,0
2,0,0,0,1,1,0,0,3,0,1492,2,0
4,0,0,4,1,0,1,0,1,0,540,2,0
5,0,0,2,0,0,1,0,3,0,1947,0,0
4,0,0,1,0,0,1,0,0,0,650,3,0
1,0,0,1,1,0,0,0,2,0,917,3,0
1,0,0,0,0,1,1,0,1,0,2838,0,0
2,0,0,2,1,0,1,0,2,0,361,1,0
1,0,0,1,1,0,1,0,1,0,160,2,0
5,0,0,4,1,1,0,0,2,0,2217,1,0
3,0,0,2,0,1,1,0,2,0,1432,3,0
5,0,0,4,0,1,1,0,0,0,423,2,0
4,0,0,0,0,0,0,0,3,0,1224,0,0
4,0,0,0,0,1,1,0,0,0,1337,2,0
2,0,0,2,0,0,0,0,1,0,1591,3,0
2,0,0,0,0,1,1,0,0,0,1114,3,0
3,0,0,1,1,1,0,0,0,0,488,1,0
2,0,0,1,0,1,1,0,2,0,2833,0,0
1,0,0,1,1,1,1,0,2,0,371,0,0
1,0,0,1,0,0,0,0,3,0,829,1,0
4,0,0,4,1,1,1,0,1,0,673,2,0
2,0,0,0,0,1,0,0,3,0,1597,2,0
2,0,0,0,1,1,0,0,3,0,204,3,0
1,0,0,0,1,0,1,0,2,0,2345,3,0
1,0,0,1,1,1,0,0,3,0,2370,2,0
4,0,0,0,1,0,1,0,3,0,2507,2,0
5,0,0,5,1,0,1,0,1,0,358,3,0
0,0,0,0,1,1,0,0,0,0,2520,0,0
0,0,0,0,1,0,0,0,3,0,2806,2,0
1,0,0,0,0,1,0,0,3,0,225,0,0
1,0,0,0,1,1,0,0,0,0,2969,2,0
5,0,0,3,0,0,0,0,0,0,449,1,0
2,0,0,0,1,1,0,0,1,0,1579,3,0
3,0,0,1,1,0,0,0,3,0,1555,2,0
2,0,0,0,0,1,1,0,2,0,220,0,0
3,0,0,1,1,0,0,0,0,0,1811,1,0
5,0,0,4,1,0,1,0,1,0,461,0,0
1,0,0,0,0,1,0,0,2,0,2862,2,0
2,0,0,2,0,0,0,0,1,0,2173,1,0
4,0,0,4,0,1,1,0,2,0,2168,1,0
0,0,0,0,0,0,0,0,0,0,1985,2,0
2,0,0,0,1,1,1,0,3,0,331,3,0
2,0,0,1,1,0,1,0,0,0,2047,1,0
1,0,0,0,0,1,0,0,0,0,690,0,0
1,0,0,0,1,0,0,0,1,0,1465,1,0
2,0,0,0,0,1,0,0,0,0,1091,1,0
5,0,0,5,0,1,1,0,1,0,1899,3,0
5,0,0,0,1,0,0,0,2,0,2994,1,0
5,0,0,3,1,0,1,0,0,0,704,1,0
4,0,0,2,1,1,1,0,3,0,1274,0,0
0,0,0,0,0,1,1,0,3,0,316,1,0
0,0,0,0,0,0,1,0,2,0,2364,0,0
3,0,0,3,0,0,0,0,1,0,1133,1,0
5,0,0,5,1,1,1,0,0,0,2387,1,0
4,0,0,3,0,1,0,0,3,0,1632,3,0
5,0,0,5,0,1,1,0,3,0,1570,1,0
1,0,0,1,0,0,1,0,2,0,2623,0,0
1,0,0,1,1,0,0,0,3,0,1099,3,0
1,0,0,1,1,1,0,0,2,0,1114,1,0
1,0,0,1,1,1,1,0,3,0,229,0,0
4,0,0,0,0,0,0,0,0,0,894,1,0
2,0,0,2,1,0,0,0,1,0,2171,0,0
3,0,0,3,1,0,0,0,2,0,350,3,0
4,0,0,3,0,0,0,0,1,0,2282,2,0
1,0,0,0,1,1,1,0,3,0,639,2,0
3,0,0,3,0,1,0,0,2,0,1754,2,0
5,0,0,2,1,1,0,0,3,0,242,3,0
2,0,0,2,1,0,0,0,2,0,2483,3,0
1,0,0,1,0,0,1,0,3,0,1784,1,0
0,0,0,0,1,0,0,0,3,0,513,2,0
2,0,0,2,1,1,0,0,2,0,290,2,0
0,0,0,0,1,0,0,0,3,0,2971,1,0
1,0,0,0,0,0,1,0,3,0,821,3,0
4,0,0,2,0,1,0,0,2,0,148,1,0
1,0,0,0,0,0,1,0,2,0,1245,0,0
2,0,0,2,0,1,0,0,0,0,2950,3,0
5,0,0,0,1,1,0,0,2,0,1816,0,0
0,0,0,0,1,1,0,0,2,0,2027,3,0
4,0,0,0,0,1,1,0,1,0,2758,3,0
5,0,0,3,0,1,1,0,2,0,2074,3,0
0,0,0,0,1,1,1,0,0,0,744,3,0
1,0,0,0,0,0,1,0,0,0,1096,2,0
3,0,0,3,1,1,1,0,0,0,183,3,0
5,0,0,5,1,0,0,0,2,0,1350,2,0
2,0,0,1,1,0,0,0,2,0,2332,0,0
1,0,0,1,0,1,1,0,1,0,1896,2,0
1,0,0,1,0,0,1,0,2,0,725,2,0
1,0,0,0,1,0,1,0,0,0,2219,3,0
2,0,0,0,1,0,0,0,0,0,2763,2,0
0,0,0,0,0,0,1,0,0,0,413,1,0
2,0,0,2,0,0,0,0,1,0,473,2,0
4,0,0,3,0,0,1,0,2,0,2933,3,0
1,0,0,1,1,0,1,0,3,0,2920,1,0
1,0,0,1,1,0,0,0,3,0,587,3,0
4,0,0,0,0,0,1,0,0,0,2378,0,0
4,0,0,0,1,0,1,0,3,0,2750,2,0
5,0,0,2,1,0,1,0,2,0,1210,2,0
5,0,0,0,0,1,0,0,2,0,389,0,0
5,0,0,1,1,1,0,0,0,0,1618,3,0
0,0,0,0,0,0,1,0,1,0,2382,2,0
4,0,0,1,0,1,1,0,2,0,1280,0,0
0,0,0,0,0,0,0,0,0,0,2228,1,0
1,0,0,1,1,0,1,0,2,0,886,0,0
1,0,0,0,1,0,0,0,0,0,1754,1,0
0,0,0,0,1,0,1,0,1,0,2072,0,0
5,0,0,1,1,1,0,0,3,0,1832,3,0
1,0,0,0,1,1,0,0,1,0,2788,2,0
3,0,0,3,0,1,0,0,3,0,1159,2,0
5,0,0,5,0,0,0,0,3,0,2159,3,0
5,0,0,3,1,1,0,0,0,0,891,0,0
1,0,0,1,0,0,0,0,1,0,1735,2,0
0,0,0,0,1,0,0,0,3,0,2813,3,0
1,0,0,1,1,0,0,0,3,0,2191,3,0
4,0,0,2,1,0,0,0,0,0,1864,3,0
1,0,0,0,0,1,1,0,1,0,2168,1,0
3,0,0,2,1,1,0,0,3,0,2183,2,0
3,0,0,1,0,0,0,0,2,0,2207,0,0
1,0,0,0,1,1,0,0,0,0,2701,1,0
1,0,0,0,0,0,0,0,2,0,570,2,0
1,0,0,1,0,0,1,0,0,0,584,1,0
2,0,0,0,0,0,1,0,0,0,1894,1,0
1,0,0,0,1,0,0,0,3,0,2787,3,0
5,0,0,0,0,0,0,0,3,0,1714,1,0
3,0,0,1,0,1,0,0,0,0,302,2,0
4,0,0,3,0,0,1,0,1,0,2482,0,0
2,0,0,2,1,1,0,0,3,0,745,1,0
1,0,0,1,0,1,0,0,1,0,1087,0,0
1,0,0,1,0,0,1,0,0,0,2556,3,0
2,0,0,1,0,0,1,0,1,0,1954,3,0
4,0,0,3,0,1,1,0,3,0,1459,3,0
3,0,0,3,1,1,0,0,2,0,1863,0,0
3,0,0,2,1,0,1,0,2,0,2470,3,0
2,0,0,0,1,0,1,0,3,0,753,0,0
1,0,0,0,1,0,0,0,0,0,2298,0,0
2,0,0,1,1,1,0,0,1,0,1095,0,0
0,0,0,0,0,1,0,0,2,0,925,1,0
5,0,0,4,0,0,0,0,1,0,480,1,0
5,0,0,1,0,1,0,0,2,0,690,2,0
4,0,0,3,1,0,1,0,2,0,1010,0,0
5,0,0,0,1,1,0,0,3,0,1585,3,0
5,0,0,2,0,1,1,0,0,0,706,2,0
3,0,0,2,0,1,0,0,3,0,2586,3,0
2,0,0,1,1,0,0,0,0,0,2324,1,0
4,0,0,3,0,0,0,0,0,0,341,1,0
5,0,0,5,1,0,1,0,0,0,2746,0,0
2,0,0,2,1,1,1,0,0,0,804,3,0
0,0,0,0,1,1,1,0,1,0,2918,0,0
1,0,0,0,0,0,0,0,0,0,1265,3,0
5,0,0,4,0,0,0,0,0,0,2024,2,0
5,0,0,2,1,0,1,0,0,0,2168,1,0
2,0,0,2,1,0,0,0,3,0,559,1,0
1,0,0,0,0,1,1,0,1,0,1549,0,0
1,0,0,0,0,0,0,0,1,0,1369,3,0
1,0,0,0,1,1,1,0,3,0,1793,1,0
4,0,0,0,0,0,0,0,2,0,1081,2,0
5,0,0,1,0,1,1,0,1,0,1718,2,0
4,0,0,2,1,1,1,0,2,0,1089,1,0
0,0,0,0,0,1,1,0,0,0,113,3,0
2,0,0,2,0,0,0,0,3,0,1805,3,0
0,0,0,0,0,0,0,0,0,0,1687,1,0
0,0,0,0,1,0,1,0,2,0,1675,3,0
1,0,0,1,0,1,0,0,3,0,479,0,0
2,0,0,1,1,0,1,0,0,0,106,1,0
2,0,0,1,0,1,1,0,1,0,2069,0,0
1,0,0,0,0,1,1,0,1,0,1842,3,0
1,0,0,1,0,0,1,0,2,0,464,2,0
4,0,0,0,1,1,0,0,0,0,1831,3,0
2,0,0,2,1,0,0,0,1,0,612,1,0
2,0,0,2,0,0,0,0,1,0,1678,1,0
0,0,0,0,0,0,1,0,1,0,114,0,0
3,0,0,1,0,1,1,0,3,0,2538,2,0
4,0,0,3,1,1,1,0,3,0,948,0,0
3,0,0,0,1,1,1,0,3,0,258,3,0
2,0,0,0,0,1,0,0,0,0,500,2,0
4,0,0,0,0,1,1,0,0,0,1333,2,0
0,0,0,0,0,1,0,0,1,0,1414,3,0
1,0,0,0,0,1,1,0,1,0,339,2,0
4,0,0,3,0,0,0,0,1,0,2799,0,0
1,0,0,0,1,0,0,0,2,0,2543,2,0
0,0,0,0,1,0,0,0,3,0,624,3,0
5,0,0,0,0,0,0,0,3,0,2575,1,0
0,0,0,0,1,1,1,0,0,0,363,2,0
2,0,0,2,0,0,0,0,2,0,1205,0,0
0,0,0,0,1,1,0,0,3,0,2830,3,0
5,0,0,3,0,0,1,0,2,0,2729,3,0
4,0,0,1,0,1,0,0,1,0,889,3,0
3,0,0,3,1,0,0,0,2,0,321,1,0
2,0,0,0,1,0,1,0,2,0,388,3,0
1,0,0,1,0,1,1,0,1,0,1931,3,0
5,0,0,3,1,0,1,0,0,0,1293,2,0
2,0,0,2,1,0,0,0,1,0,1588,2,0
0,0,0,0,0,1,1,0,3,0,506,3,0
2,0,0,2,1,0,1,0,1,0,493,3,0
2,0,0,2,1,1,1,0,1,0,2017,0,0
3,0,0,1,0,1,0,0,1,0,952,1,0
2,0,0,0,0,1,0,0,1,0,2037,0,0
2,0,0,2,0,0,1,0,0,0,1444,2,0
2,0,0,0,0,0,0,0,3,0,2654,0,0
4,0,0,3,0,1,1,0,0,0,1509,2,0
2,0,0,1,0,0,0,0,2,0,2454,0,0
2,0,0,2,0,0,0,0,1,0,1192,0,0
5,0,0,0,0,1,0,0,3,0,195,1,0
2,0,0,0,0,0,1,0,3,0,1318,1,0
2,0,0,1,1,1,0,0,1,0,119,0,0
3,0,0,1,0,0,1,0,3,0,1779,2,0
2,0,0,2,0,1,0,0,2,0,1090,0,0
4,0,0,1,1,0,0,0,3,0,2746,0,0
1,0,0,0,1,0,1,0,0,0,1581,0,0
3,0,0,0,1,0,1,0,2,0,856,3,0
5,0,0,5,1,1,1,0,2,0,2497,2,0
5,0,0,2,1,1,1,0,3,0,1939,0,0
3,0,0,3,1,0,0,0,1,0,2840,3,0
3,0,0,0,1,1,0,0,3,0,1223,2,0
5,0,0,2,1,0,1,0,1,0,764,2,0
3,0,0,0,1,1,1,0,0,0,2588,1,0
0,0,0,0,1,0,1,0,2,0,450,3,0
1,0,0,0,0,1,1,0,0,0,2115,0,0
3,0,0,0,1,0,0,0,0,0,1904,0,0
2,0,0,2,0,1,1,0,1,0,2138,1,0
3,0,0,1,1,0,1,0,2,0,1914,0,0
4,0,0,4,0,0,0,0,3,0,1568,2,0
3,0,0,3,1,1,1,0,0,0,184,3,0
4,0,0,4,0,1,0,0,3,0,1112,3,0
4,0,0,4,0,1,1,0,1,0,327,3,0
2,0,0,2,0,1,1,0,2,0,1053,3,0
0,0,0,0,1,0,1,0,0,0,1577,1,0
5,0,0,1,0,0,1,0,1,0,2433,1,0
4,0,0,2,0,0,0,0,0,0,2375,1,0
5,0,0,1,1,1,0,0,2,0,2991,0,0
1,0,0,0,0,0,0,0,1,0,1061,0,0
3,0,0,2,0,0,1,0,0,0,2171,2,0
4,0,0,2,1,0,0,0,1,0,1285,3,0
4,0,0,3,1,1,1,0,1,0,1070,3,0
5,0,0,2,0,0,0,0,0,0,2320,3,0
5,0,0,3,0,0,0,0,0,0,1056,3,0
0,0,0,0,0,0,1,0,1,0,591,2,0
4,0,0,4,1,0,1,0,2,0,697,0,0
4,0,0,0,0,0,0,0,2,0,1374,2,0
1,0,0,0,1,1,1,0,0,0,2670,0,0
3,0,0,2,0,0,1,0,2,0,2386,3,0
0,0,0,0,1,0,0,0,1,0,351,3,0
2,0,0,1,0,1,1,0,3,0,503,0,0
1,0,0,1,1,1,0,0,2,0,2903,0,0
1,0,0,1,1,1,1,0,1,0,559,0,0
1,0,0,0,1,1,0,0,2,0,1319,2,0
4,0,0,2,0,0,1,0,1,0,2294,2,0
3,0,0,3,0,0,0,0,2,0,334,0,0
0,0,0,0,0,0,0,0,3,0,117,2,0
1,0,0,0,0,1,1,0,1,0,797,2,0
5,0,0,5,0,1,1,0,2,0,2595,1,0
0,0,0,0,0,1,1,0,1,0,1233,0,0
2,0,0,2,1,0,0,0,1,0,2042,1,0
5,0,0,1,1,1,1,0,2,0,2778,3,0
1,0,0,0,1,0,1,0,1,0,1011,3,0
2,0,0,0,1,1,1,0,2,0,2024,1,0
1,0,0,0,0,0,0,0,3,0,1275,1,0
5,0,0,2,1,1,1,0,3,0,1474,2,0
2,0,0,0,1,1,1,0,3,0,725,0,0
0,0,0,0,0,0,1,0,3,0,265,0,0
2,0,0,2,1,1,1,0,3,0,2038,3,0
1,0,0,1,1,1,1,0,2,0,2449,0,0
3,0,0,0,1,1,1,0,2,0,1322,0,0
2,0,0,0,0,1,1,0,3,0,140,1,0
1,0,0,0,1,1,1,0,2,0,283,2,0
3,0,0,2,1,1,0,0,3,0,2973,1,0
5,0,0,1,0,0,1,0,3,0,528,2,0
5,0,0,4,1,1,0,0,3,0,2093,3,0
0,0,0,0,0,1,1,0,1,0,1908,3,0
3,0,0,3,0,1,1,0,2,0,757,1,0
0,0,0,0,1,0,1,0,1,0,1227,1,0
5,0,0,0,1,1,0,0,1,0,2504,1,0
1,0,0,1,1,0,1,0,1,0,2276,1,0
2,0,0,1,1,0,0,0,0,0,1474,2,0
4,0,0,0,0,1,1,0,0,0,1794,2,0
0,0,0,0,1,0,0,0,0,0,718,0,0
4,0,0,3,0,0,1,0,2,0,1287,2,0
2,0,0,1,0,1,0,0,3,0,2069,1,0
5,0,0,2,0,0,0,0,2,0,2318,0,0
1,0,0,1,0,0,1,0,0,0,681,3,0
2,0,0,0,1,1,1,0,3,0,1798,1,0
3,0,0,2,0,0,0,0,3,0,2867,0,0
5,0,0,1,0,0,0,0,3,0,2706,1,0
3,0,0,0,0,1,1,0,1,0,261,0,0
2,0,0,2,0,1,0,0,3,0,1326,3,0
4,0,0,2,1,1,0,0,1,0,1372,0,0
5,0,0,4,0,1,0,0,3,0,2511,1,0
4,0,0,4,1,0,1,0,0,0,1647,2,0
1,0,0,0,1,1,0,0,1,0,1486,2,0
2,0,0,2,1,1,0,0,1,0,1138,1,0
4,0,0,2,0,0,0,0,3,0,1476,0,0
3,0,0,0,1,1,1,0,2,0,356,1,0
2,0,0,2,0,0,1,0,2,0,796,1,0
5,0,0,5,1,0,0,0,2,0,2564,0,0
2,0,0,2,0,0,1,0,0,0,443,2,0
4,0,0,0,1,1,1,0,0,0,1523,3,0
5,0,0,0,0,1,0,0,2,0,1697,1,0
0,0,0,0,0,1,0,0,3,0,2888,2,0
5,0,0,5,0,1,1,0,0,0,130,3,0
5,0,0,1,0,1,0,0,1,0,1438,0,0
4,0,0,0,1,0,1,0,1,0,618,1,0
3,0,0,3,0,0,1,0,1,0,1289,1,0
5,0,0,5,1,0,0,0,3,0,2958,3,0
4,0,0,0,0,1,1,0,0,0,2619,3,0
2,0,0,0,0,1,1,0,1,0,2721,3,0
5,0,0,5,1,1,0,0,2,0,1492,3,0
4,0,0,2,0,0,1,0,0,0,247,2,0
2,0,0,1,0,1,0,0,1,0,2172,0,0
4,0,0,0,1,0,0,0,3,0,2406,0,0
1,0,0,0,1,1,0,0,1,0,1525,0,0
0,0,0,0,0,0,0,0,0,0,2167,1,0
1,0,0,0,1,1,0,0,1,0,221,2,0
0,0,0,0,1,0,0,0,2,0,2908,0,0
3,0,0,1,1,1,1,0,3,0,1091,3,0
3,0,0,1,0,0,0,0,2,0,1618,3,0
5,0,0,4,1,1,1,0,2,0,2320,3,0
1,0,0,1,0,1,1,0,1,0,416,2,0
5,0,0,0,0,1,0,0,3,0,2639,2,0
0,0,0,0,0,0,1,0,0,0,1966,2,0
5,0,0,4,0,0,1,0,2,0,1565,2,0
5,0,0,5,1,1,0,0,3,0,2975,3,0
1,0,0,1,0,1,0,0,0,0,1226,2,0
5,0,0,3,1,0,0,0,2,0,2779,1,0
1,0,0,1,0,0,1,0,0,0,1496,3,0
0,0,0,0,1,1,1,0,3,0,738,2,0
3,0,0,3,1,0,1,0,1,0,680,3,0
1,0,0,1,1,0,1,0,0,0,1379,2,0
5,0,0,1,1,1,1,0,1,0,785,1,0
1,0,0,1,1,1,1,0,1,0,1047,3,0
4,0,0,4,1,0,1,0,0,0,408,0,0
2,0,0,1,0,1,0,0,0,0,1596,0,0
5,0,0,2,0,1,0,0,0,0,1786,0,0
5,0,0,4,1,0,0,0,3,0,1877,2,0
0,0,0,0,0,1,0,0,1,0,743,2,0
3,0,0,3,1,1,0,0,1,0,2565,0,0
1,0,0,0,0,0,0,0,3,0,2262,1,0
2,0,0,0,0,1,0,0,2,0,2177,3,0
4,0,0,2,0,1,0,0,1,0,1268,1,0
4,0,0,2,0,0,0,0,3,0,1813,3,0
2,0,0,2,1,0,0,0,1,0,829,1,0
4,0,0,2,1,1,1,0,1,0,2635,2,0
0,0,0,0,1,1,0,0,3,0,2567,2,0
0,0,0,0,0,1,0,0,1,0,2365,0,0
0,0,0,0,0,1,1,0,0,0,215,2,0
5,0,0,4,1,1,0,0,2,0,1699,1,0
4,0,0,4,0,0,1,0,3,0,1971,1,0
4,0,0,2,1,0,1,0,1,0,2671,1,0
0,0,0,0,1,0,0,0,0,0,103,0,0
0,0,0,0,0,1,1,0,2,0,2925,1,0
3,0,0,0,0,0,0,0,1,0,791,0,0
4,0,0,0,0,1,0,0,1,0,1612,0,0
2,0,0,1,1,0,0,0,1,0,456,3,0
3,0,0,2,1,0,1,0,0,0,869,0,0
4,0,0,0,1,1,1,0,2,0,1413,3,0
5,0,0,5,0,1,0,0,2,0,310,0,0
2,0,0,2,0,1,0,0,0,0,1209,0,0
4,0,0,0,1,1,1,0,3,0,2140,1,0
2,0,0,1,0,0,1,0,2,0,2751,0,0
2,0,0,1,0,0,0,0,1,0,2762,0,0
0,0,0,0,0,0,0,0,0,0,2157,0,0
4,0,0,1,0,1,1,0,0,0,2190,0,0
1,0,0,1,0,0,1,0,2,0,1797,3,0
4,0,0,4,0,1,0,0,2,0,2805,2,0
5,0,0,5,0,0,0,0,0,0,2438,0,0
1,0,0,1,1,0,0,0,3,0,2115,2,0
3,0,0,2,1,0,0,0,2,0,532,3,0
4,0,0,2,0,1,0,0,1,0,536,1,0
5,0,0,2,0,0,0,0,1,0,224,3,0
2,0,0,2,0,1,0,0,0,0,2591,1,0
3,0,0,1,0,1,0,0,0,0,474,3,0
3,0,0,0,0,1,1,0,0,0,1205,1,0
4,0,0,4,0,1,1,0,0,0,1550,3,0
4,0,0,2,1,1,0,0,3,0,1102,1,0
3,0,0,2,1,1,1,0,2,0,1268,1,0
2,0,0,0,1,0,0,0,2,0,2361,1,0
2,0,0,1,0,0,0,0,0,0,107,0,0
2,0,0,0,0,1,0,0,3,0,100,3,0
0,0,0,0,0,1,1,0,1,0,1929,2,0
0,0,0,0,0,0,0,0,1,0,2293,3,0
1,0,0,1,1,1,1,0,0,0,2773,0,0
5,0,0,4,1,0,0,0,0,0,766,3,0
4,0,0,3,1,1,1,0,0,0,1345,0,0
5,0,0,3,0,1,1,0,3,0,2779,3,0
5,0,0,0,1,1,1,0,2,0,2641,2,0
0,0,0,0,0,0,1,0,3,0,1566,3,0
5,0,0,0,1,0,1,0,1,0,2234,1,0
2,0,0,1,0,1,0,0,2,0,2247,2,0
3,0,0,1,1,0,1,0,2,0,1385,0,0
0,0,0,0,1,1,0,0,0,0,729,2,0
2,0,0,0,0,1,0,0,0,0,1210,2,0
3,0,0,3,0,1,1,0,1,0,946,0,0
0,0,0,0,1,1,1,0,1,0,2002,3,0
3,0,0,1,0,0,0,0,2,0,2388,0,0
5,0,0,1,1,0,0,0,2,0,866,0,0
4,0,0,1,1,1,1,0,1,0,2925,2,0
0,0,0,0,1,0,0,0,0,0,1277,0,0
0,0,0,0,1,1,0,0,1,0,2478,1,0
3,0,0,2,0,1,0,0,0,0,2709,1,0
0,0,0,0,0,0,0,0,2,0,2271,3,0
4,0,0,1,1,1,0,0,2,0,2448,0,0
5,0,0,2,1,1,1,0,2,0,2695,0,0
1,0,0,0,1,0,1,0,0,0,1657,3,0
2,0,0,2,1,0,0,0,2,0,1442,0,0
5,0,0,5,0,1,0,0,1,0,1723,2,0
3,0,0,1,0,0,0,0,0,0,377,2,0
1,0,0,1,1,0,0,0,1,0,2970,1,0
4,0,0,1,0,1,0,0,1,0,824,2,0
3,0,0,0,1,0,1,0,1,0,1010,2,0
5,0,0,0,0,0,1,0,0,0,2346,1,0
4,0,0,1,0,1,1,0,2,0,1427,3,0
4,0,0,3,1,1,0,0,0,0,1969,2,0
4,0,0,3,0,1,0,0,3,0,2037,1,0
5,0,0,1,1,0,0,0,3,0,177,1,0
2,0,0,0,1,1,0,0,1,0,1646,1,0
2,0,0,1,1,0,1,0,2,0,497,2,0
1,0,0,0,0,1,0,0,3,0,2627,2,0
1,0,0,1,1,1,1,0,0,0,2533,3,0
5,0,0,4,0,1,0,0,0,0,2076,0,0
5,0,0,3,1,1,1,0,1,0,2723,2,0
0,0,0,0,1,1,0,0,1,0,103,1,0
3,0,0,0,1,0,0,0,3,0,1690,3,0
0,0,0,0,0,0,1,0,2,0,2899,2,0
4,0,0,1,1,1,1,0,0,0,277,2,0
1,0,0,1,0,1,1,0,1,0,1239,1,0
0,0,0,0,0,1,1,0,0,0,2845,2,0
1,0,0,0,0,1,0,0,2,0,1210,0,0
1,0,0,1,0,1,1,0,0,0,708,0,0
4,0,0,2,0,0,0,0,3,0,2918,1,0
1,0,0,1,1,1,0,0,0,0,914,2,0
3,0,0,0,1,0,1,0,2,0,749,2,0
3,0,0,2,1,1,1,0,1,0,2633,0,0
0,0,0,0,0,0,1,0,3,0,2834,1,0
0,0,0,0,0,1,1,0,2,0,1904,0,0
0,0,0,0,0,1,1,0,2,0,140,3,0
0,0,0,0,0,1,1,0,2,0,2489,1,0
5,0,0,3,0,1,1,0,0,0,1761,1,0
2,0,0,1,0,1,0,0,1,0,2309,1,0
2,0,0,0,0,0,0,0,1,0,752,3,0
5,0,0,3,1,0,0,0,0,0,1933,1,0
1,0,0,1,0,1,0,0,2,0,1050,1,0
2,0,0,2,0,1,0,0,0,0,1290,0,0
0,0,0,0,0,0,1,0,2,0,776,1,0
5,0,0,4,1,1,0,0,2,0,1506,2,0
0,0,0,0,0,1,0,0,2,0,1503,3,0
0,0,0,0,1,1,1,0,3,0,1970,3,0
3,0,0,2,0,1,0,0,0,0,2466,0,0
3,0,0,0,0,0,0,0,3,0,2894,3,0
3,0,0,1,1,1,0,0,3,0,775,1,0
2,0,0,1,1,1,1,0,1,0,396,0,0
4,0,0,0,0,1,0,0,1,0,993,0,0
4,0,0,3,0,1,0,0,0,0,425,0,0
1,0,0,0,1,0,0,0,0,0,447,3,0
4,0,0,4,1,1,0,0,1,0,2941,1,0
5,0,0,3,0,0,0,0,1,0,569,2,0
5,0,0,4,1,1,1,0,3,0,331,3,0
0,0,0,0,0,1,1,0,0,0,2612,3,0
2,0,0,0,0,0,1,0,1,0,1125,0,0
3,0,0,3,1,0,0,0,2,0,2524,3,0
3,0,0,2,0,1,1,0,2,0,1310,0,0
4,0,0,0,0,0,1,0,2,0,1391,2,0
4,0,0,2,1,1,1,0,0,0,914,2,0
3,0,0,0,0,1,1,0,2,0,415,2,0
0,0,0,0,1,1,1,0,1,0,1391,3,0
0,0,0,0,1,1,0,0,2,0,313,1,0
1,0,0,0,1,0,1,0,3,0,2268,3,0
0,0,0,0,1,0,1,0,1,0,1412,1,0
0,0,0,0,0,0,1,0,3,0,1854,3,0
4,0,0,3,1,0,1,0,2,0,1685,2,0
1,0,0,1,1,0,1,0,3,0,833,2,0
4,0,0,4,1,0,1,0,0,0,626,2,0
2,0,0,0,1,1,0,0,0,0,2956,0,0
0,0,0,0,1,1,0,0,3,0,915,1,0
5,0,0,4,0,0,0,0,0,0,1938,0,0
5,0,0,1,0,1,0,0,2,0,981,1,0
1,0,0,0,0,1,0,0,2,0,891,1,0
2,0,0,2,0,0,1,0,1,0,1928,2,0
0,0,0,0,0,1,0,0,0,0,1905,3,0
3,0,0,3,1,1,1,0,1,0,2968,3,0
1,0,0,0,1,1,1,0,3,0,2879,0,0
0,0,0,0,1,1,0,0,3,0,2073,2,0
4,0,0,3,0,0,1,0,3,0,2672,0,0
2,0,0,1,1,0,0,0,0,0,1244,1,0
2,0,0,0,0,1,0,0,1,0,1434,0,0
1,0,0,1,0,1,1,0,1,0,958,2,0
2,0,0,2,1,1,0,0,2,0,1463,1,0
2,0,0,0,0,0,1,0,3,0,1820,1,0
0,0,0,0,0,1,0,0,1,0,1798,0,0
4,0,0,1,1,0,1,0,2,0,1546,1,0
1,0,0,1,0,0,1,0,1,0,587,2,0
4,0,0,4,1,1,0,0,2,0,754,3,0
2,0,0,0,0,1,1,0,2,0,1429,3,0
3,0,0,3,1,1,1,0,3,0,322,1,0
4,0,0,4,1,0,0,0,3,0,1291,2,0
3,0,0,2,1,1,1,0,1,0,2438,1,0
4,0,0,0,0,0,0,0,2,0,2581,2,0
1,0,0,0,1,1,0,0,1,0,2668,1,0
1,0,0,1,0,0,1,0,3,0,170,3,0
2,0,0,0,0,1,0,0,2,0,1604,0,0
4,0,0,1,0,0,1,0,0,0,1470,1,0
4,0,0,4,0,0,0,0,0,0,1288,2,0
1,0,0,1,1,1,0,0,2,0,2615,3,0
4,0,0,4,0,0,0,0,0,0,2725,1,0
1,0,0,0,1,1,0,0,1,0,628,0,0
4,0,0,2,0,0,1,0,3,0,2390,0,0
0,0,0,0,1,0,1,0,3,0,1884,2,0
0,0,0,0,1,1,1,0,3,0,402,2,0
2,0,0,2,1,0,1,0,3,0,834,1,0
1,0,0,0,0,0,0,0,3,0,2923,3,0
2,0,0,1,0,1,1,0,2,0,2005,0,0
4,0,0,1,0,0,1,0,0,0,130,0,0
5,0,0,4,1,0,0,0,3,0,2431,0,0
4,0,0,1,1,0,0,0,2,0,2291,0,0
2,0,0,0,0,1,0,0,0,0,2185,1,0
4,0,0,0,0,1,1,0,2,0,1414,0,0
5,0,0,2,1,1,0,0,2,0,1148,0,0
1,0,0,0,1,1,0,0,3,0,585,0,0
5,0,0,2,1,0,1,0,2,0,940,0,0
0,0,0,0,1,0,0,0,3,0,1071,3,0
4,0,0,1,0,1,0,0,1,0,2939,2,0
0,0,0,0,0,0,1,0,2,0,1825,2,0
0,0,0,0,0,0,0,0,1,0,1093,2,0
2,0,0,2,0,1,1,0,0,0,958,3,0
3,0,0,1,0,1,0,0,1,0,989,1,0
5,0,0,5,0,0,0,0,3,0,1201,0,0
0,0,0,0,1,0,1,0,0,0,2146,3,0
2,0,0,0,0,1,1,0,0,0,506,1,0
3,0,0,3,0,0,0,0,2,0,463,0,0
1,0,0,1,0,1,0,0,2,0,2494,1,0
4,0,0,4,0,0,1,0,0,0,172,0,0
4,0,0,3,1,1,0,0,2,0,2642,0,0
2,0,0,1,1,0,1,0,0,0,2167,1,0
4,0,0,1,1,1,1,0,2,0,2823,0,0
4,0,0,4,0,0,1,0,0,0,1200,1,0
3,0,0,3,0,0,0,0,2,0,999,1,0
5,0,0,5,1,1,0,0,3,0,796,1,0
4,0,0,3,1,1,0,0,0,0,509,0,0
0,0,0,0,1,0,0,0,3,0,856,3,0
3,0,0,3,1,1,1,0,2,0,2377,3,0
4,0,0,1,0,0,1,0,0,0,2481,2,0
1,0,0,0,0,0,1,0,1,0,1903,3,0
5,0,0,1,0,0,0,0,1,0,1124,3,0
3,0,0,0,0,1,1,0,3,0,1943,1,0
4,0,0,0,1,1,1,0,3,0,1951,1,0
2,0,0,0,1,0,0,0,2,0,1586,1,0
4,0,0,0,0,0,1,0,2,0,473,0,0
1,0,0,0,1,1,0,0,0,0,2991,3,0
4,0,0,0,0,1,0,0,0,0,1991,3,0
0,0,0,0,1,0,0,0,3,0,752,1,0
5,0,0,1,1,0,1,0,3,0,2868,1,0
4,0,0,1,1,0,0,0,3,0,2954,1,0
1,0,0,1,0,1,1,0,3,0,1950,3,0
2,0,0,0,0,0,1,0,1,0,1236,1,0
5,0,0,0,0,0,1,0,3,0,1047,1,0
0,0,0,0,0,1,1,0,2,0,2410,1,0
3,0,0,0,0,0,0,0,1,0,1880,0,0
1,0,0,0,0,1,0,0,1,0,1914,1,0
5,0,0,0,1,0,1,0,2,0,2209,2,0
2,0,0,1,1,0,0,0,0,0,1674,1,0
3,0,0,0,1,0,1,0,3,0,998,1,0
0,0,0,0,1,0,0,0,2,0,1100,1,0
3,0,0,3,0,0,1,0,1,0,1290,0,0
5,0,0,3,0,1,1,0,1,0,1206,1,0
5,0,0,1,1,1,0,0,2,0,716,1,0
4,0,0,4,0,1,1,0,2,0,1474,3,0
5,0,0,3,0,1,0,0,3,0,2544,0,0
5,0,0,0,1,1,0,0,3,0,245,2,0
4,0,0,2,0,0,0,0,2,0,2705,1,0
0,0,0,0,1,0,0,0,1,0,2769,3,0
0,0,0,0,0,0,0,0,2,0,2450,2,0
5,0,0,1,0,1,1,0,2,0,1276,3,0
2,0,0,1,1,0,0,0,3,0,1009,1,0
0,0,0,0,0,0,0,0,3,0,1274,2,0
1,0,0,1,0,1,0,0,3,0,392,3,0
3,0,0,2,0,1,1,0,0,0,2595,2,0
4,0,0,2,1,1,1,0,3,0,1026,1,0
2,0,0,2,1,1,0,0,2,0,2580,3,0
2,0,0,2,0,0,1,0,2,0,1130,1,0
0,0,0,0,0,1,1,0,1,0,696,1,0
1,0,0,0,0,0,1,0,2,0,1275,2,0
3,0,0,3,1,0,1,0,3,0,1267,0,0
4,0,0,4,1,0,0,0,3,0,1720,0,0
3,0,0,3,0,0,0,0,0,0,542,2,0
4,0,0,2,0,0,0,0,0,0,294,1,0
1,0,0,0,1,1,0,0,0,0,2247,3,0
5,0,0,3,1,0,1,0,1,0,606,1,0
5,0,0,2,0,0,1,0,2,0,928,1,0
5,0,0,1,0,1,1,0,1,0,1367,3,0
2,0,0,2,1,0,1,0,3,0,2936,0,0
4,0,0,4,0,1,1,0,2,0,1971,1,0
0,0,0,0,0,1,1,0,3,0,1960,2,0
0,0,0,0,0,1,1,0,1,0,2632,3,0
3,0,0,1,0,1,1,0,2,0,1047,0,0
1,0,0,0,0,1,1,0,0,0,2698,3,0
5,0,0,3,1,1,0,0,3,0,2143,2,0
2,0,0,0,1,1,1,0,3,0,2993,0,0
2,0,0,0,1,1,0,0,1,0,2612,1,0
4,0,0,2,1,0,0,0,1,0,1382,0,0
1,0,0,1,1,0,0,0,2,0,1580,2,0
4,0,0,3,0,1,0,0,0,0,868,2,0
1,0,0,1,0,0,0,0,0,0,2906,1,0
0,0,0,0,1,0,0,0,3,0,128,0,0
4,0,0,3,1,1,1,0,0,0,350,1,0
3,0,0,0,0,1,0,0,2,0,2303,0,0
5,0,0,1,1,1,0,0,1,0,1372,2,0
1,0,0,0,0,1,0,0,1,0,2954,2,0
0,0,0,0,0,1,0,0,3,0,917,1,0
5,0,0,5,0,1,0,0,2,0,1932,1,0
0,0,0,0,0,0,1,0,0,0,1785,3,0
1,0,0,0,1,0,1,0,3,0,1531,0,0
1,0,0,1,0,1,1,0,2,0,200,3,0
4,0,0,3,1,0,0,0,3,0,915,0,0
2,0,0,2,1,1,1,0,0,0,1333,0,0
4,0,0,0,1,1,1,0,3,0,1071,1,0
2,0,0,0,0,0,0,0,3,0,2515,1,0
1,0,0,0,0,0,1,0,0,0,1353,0,0
2,0,0,0,0,0,1,0,0,0,2634,2,0
0,0,0,0,1,0,1,0,3,0,1681,0,0
2,0,0,2,1,0,0,0,0,0,321,0,0
1,0,0,0,0,0,1,0,2,0,2062,1,0
4,0,0,1,1,0,0,0,0,0,760,3,0
5,0,0,2,0,0,1,0,0,0,2471,1,0
1,0,0,1,0,0,1,0,2,0,2798,2,0
1,0,0,1,1,0,0,0,0,0,264,2,0
3,0,0,0,1,1,1,0,2,0,1998,3,0
0,0,0,0,0,1,0,0,2,0,2542,0,0
3,0,0,1,1,1,1,0,3,0,1592,2,0
5,0,0,5,0,0,0,0,3,0,1241,0,0
0,0,0,0,1,1,1,0,2,0,164,3,0
5,0,0,1,0,0,0,0,0,0,1663,1,0
3,0,0,0,1,1,0,0,3,0,1394,0,0
3,0,0,3,0,1,1,0,3,0,363,1,0
1,0,0,1,0,0,1,0,3,0,752,3,0
3,0,0,2,1,1,1,0,2,0,2125,1,0
1,0,0,1,0,1,0,0,3,0,1663,0,0
1,0,0,1,1,0,1,0,0,0,651,2,0
0,0,0,0,1,1,0,0,3,0,691,0,0
4,0,0,3,1,0,1,0,3,0,2442,1,0
2,0,0,0,1,1,1,0,2,0,2195,0,0
2,0,0,0,0,0,0,0,1,0,2314,2,0
1,0,0,1,1,1,1,0,0,0,2649,1,0
1,0,0,0,0,1,1,0,2,0,2003,1,0
5,0,0,5,0,1,0,0,3,0,327,1,0
3,0,0,0,0,0,0,0,0,0,583,2,0
5,0,0,2,0,1,1,0,3,0,2102,1,0
4,0,0,3,1,1,1,0,0,0,1378,0,0
1,0,0,0,0,0,1,0,1,0,712,3,0
1,0,0,1,1,0,1,0,2,0,1276,2,0
3,0,0,2,1,1,0,0,2,0,1525,1,0
4,0,0,1,1,1,1,0,1,0,1844,3,0
3,0,0,2,0,0,1,0,0,0,2067,2,0
4,0,0,3,1,0,1,0,1,0,1986,3,0
5,0,0,3,0,0,1,0,2,0,1524,0,0
3,0,0,2,0,1,1,0,3,0,2435,0,0
2,0,0,1,0,0,1,0,3,0,1008,2,0
1,0,0,0,0,0,1,0,2,0,1015,1,0
0,0,0,0,0,1,0,0,3,0,981,2,0
5,0,0,1,1,1,0,0,2,0,2123,2,0
0,0,0,0,1,1,1,0,3,0,2092,1,0
0,0,0,0,0,1,1,0,0,0,1693,0,0
1,0,0,0,0,0,1,0,2,0,2092,1,0
2,0,0,1,1,1,0,0,1,0,1575,1,0
3,0,0,1,1,0,1,0,1,0,545,0,0
0,0,0,0,0,0,1,0,3,0,1719,3,0
3,0,0,2,0,1,1,0,0,0,1679,1,0
3,0,0,0,1,1,0,0,1,0,1343,0,0
4,0,0,1,0,1,1,0,0,0,1260,2,0
1,0,0,0,1,0,0,0,0,0,200,2,0
4,0,0,1,0,0,1,0,0,0,1481,2,0
5,0,0,4,0,1,1,0,0,0,1297,2,0
4,0,0,2,1,1,0,0,2,0,2587,2,0
1,0,0,1,1,1,0,0,1,0,242,1,0
0,0,0,0,1,1,1,0,3,0,2877,1,0
4,0,0,0,1,0,0,0,0,0,2111,1,0
1,0,0,1,1,0,0,0,1,0,128,2,0
4,0,0,4,0,0,0,0,1,0,2365,0,0
3,0,0,1,1,0,1,0,2,0,459,0,0
3,0,0,2,1,0,0,0,2,0,299,0,0
0,0,0,0,0,0,0,0,3,0,1788,1,0
3,0,0,3,1,0,1,0,2,0,1162,0,0
4,0,0,4,1,0,1,0,1,0,1431,3,0
2,0,0,2,1,1,0,0,0,0,2003,2,0
0,0,0,0,1,1,1,0,3,0,150,2,0
4,0,0,3,0,1,0,0,0,0,677,3,0
1,0,0,0,0,0,0,0,1,0,1428,1,0
3,0,0,1,0,1,0,0,1,0,1898,1,0
4,0,0,1,1,0,1,0,3,0,2243,2,0
4,0,0,2,1,0,1,0,2,0,2910,1,0
0,0,0,0,1,1,1,0,1,0,1510,3,0
0,0,0,0,0,0,1,0,0,0,1900,1,0
1,0,0,0,0,0,0,0,3,0,2168,2,0
5,0,0,1,0,0,1,0,0,0,871,2,0
4,0,0,0,1,1,1,0,3,0,1716,2,0
4,0,0,0,1,1,1,0,3,0,2308,2,0
2,0,0,1,1,0,0,0,3,0,1317,2,0
5,0,0,0,0,0,0,0,2,0,363,1,0
0,0,0,0,0,1,0,0,1,0,1469,0,0
0,0,0,0,0,0,1,0,2,0,2916,1,0
1,0,0,1,1,1,0,0,1,0,1944,3,0
4,0,0,3,0,1,1,0,0,0,905,1,0
5,0,0,0,1,0,0,0,2,0,2188,2,0
3,0,0,2,0,1,0,0,2,0,1970,2,0
1,0,0,0,1,1,0,0,1,0,1165,0,0
4,0,0,1,0,0,1,0,0,0,1841,3,0
2,0,0,1,0,1,1,0,2,0,1399,2,0
1,0,0,1,1,1,0,0,3,0,2641,3,0
5,0,0,3,0,0,0,0,2,0,1472,3,0
4,0,0,2,1,1,1,0,3,0,2941,2,0
2,0,0,0,0,0,0,0,2,0,1895,1,0
1,0,0,0,1,1,0,0,2,0,2075,0,0
3,0,0,2,0,0,0,0,0,0,600,2,0
4,0,0,1,1,1,0,0,2,0,1430,2,0
3,0,0,3,1,1,1,0,2,0,918,2,0
5,0,0,2,0,0,0,0,0,0,1209,0,0
2,0,0,0,1,0,0,0,0,0,2397,0,0
3,0,0,0,1,1,1,0,1,0,1750,0,0
1,0,0,1,1,1,1,0,2,0,1020,3,0
4,0,0,3,1,0,1,0,3,0,2866,1,0
4,0,0,1,0,1,0,0,0,0,588,2,0
3,0,0,2,0,1,1,0,2,0,1862,1,0
0,0,0,0,1,1,0,0,2,0,2217,2,0
3,0,0,1,0,0,0,0,0,0,1010,1,0
5,0,0,0,0,1,1,0,1,0,2843,3,0
0,0,0,0,0,0,0,0,2,0,1416,0,0
0,0,0,0,0,1,0,0,2,0,223,1,0
1,0,0,0,0,0,0,0,2,0,2997,3,0
1,0,0,1,1,0,1,0,1,0,2946,0,0
0,0,0,0,1,0,0,0,3,0,1610,2,0
3,0,0,1,1,1,1,0,0,0,978,0,0
4,0,0,0,0,0,1,0,3,0,689,0,0
2,0,0,2,1,0,0,0,3,0,2301,1,0
3,0,0,3,0,1,1,0,3,0,1692,1,0
4,0,0,0,0,1,1,0,3,0,2877,0,0
3,0,0,0,1,0,1,0,2,0,1075,0,0
4,0,0,3,1,0,1,0,3,0,2582,2,0
1,0,0,0,0,1,1,0,3,0,159,2,0
2,0,0,1,0,0,0,0,0,0,1054,0,0
2,0,0,1,1,0,0,0,1,0,2332,2,0
5,0,0,0,1,1,0,0,3,0,682,1,0
3,0,0,3,0,0,0,0,0,0,2409,0,0
2,0,0,0,0,0,1,0,3,0,232,0,0
4,0,0,4,1,0,0,0,1,0,2935,2,0
1,0,0,1,1,1,1,0,2,0,2944,1,0
0,0,0,0,0,1,0,0,0,0,2451,3,0
1,0,0,0,0,1,1,0,2,0,967,0,0
2,0,0,0,1,1,0,0,0,0,254,0,0
1,0,0,1,0,0,0,0,3,0,1530,0,0
0,0,0,0,1,0,1,0,3,0,1088,2,0
2,0,0,2,0,0,0,0,3,0,2116,3,0
2,0,0,2,1,1,1,0,2,0,1962,2,0
5,0,0,2,1,1,0,0,2,0,569,0,0
2,0,0,0,1,1,0,0,2,0,1575,0,0
1,0,0,1,0,1,0,0,1,0,360,3,0
5,0,0,4,1,0,0,0,0,0,1446,3,0
0,0,0,0,1,1,0,0,0,0,2361,0,0
0,0,0,0,1,0,0,0,1,0,1637,1,0
1,0,0,0,1,1,0,0,1,0,2374,2,0
2,0,0,1,1,1,0,0,3,0,2793,2,0
1,0,0,1,0,1,1,0,2,0,771,3,0
2,0,0,0,1,1,0,0,2,0,1449,1,0
1,0,0,1,1,0,0,0,1,0,2322,1,0
5,0,0,4,0,0,1,0,3,0,1511,0,0
0,0,0,0,1,1,1,0,0,0,266,3,0
3,0,0,0,1,1,1,0,0,0,1364,1,0
0,0,0,0,0,1,0,0,3,0,1077,1,0
5,0,0,5,0,0,1,0,1,0,1565,0,0
5,0,0,0,0,0,0,0,1,0,1160,1,0
4,0,0,2,0,0,1,0,1,0,266,3,0
3,0,0,1,1,1,1,0,0,0,1137,0,0
4,0,0,0,1,0,0,0,3,0,522,2,0
5,0,0,4,0,0,0,0,2,0,1606,2,0
2,0,0,2,1,1,1,0,1,0,1540,0,0
0,0,0,0,0,1,0,0,3,0,1205,2,0
5,0,0,5,1,0,1,0,1,0,1965,1,0
0,0,0,0,1,1,0,0,3,0,1350,3,0
2,0,0,2,1,1,0,0,2,0,813,2,0
4,0,0,0,0,0,0,0,0,0,311,2,0
5,0,0,4,0,1,1,0,2,0,1357,3,0
2,0,0,1,1,1,0,0,2,0,1234,2,0
4,0,0,2,1,0,0,0,2,0,645,0,0
3,0,0,1,0,0,0,0,2,0,869,0,0
0,0,0,0,1,0,0,0,0,0,1649,0,0
3,0,0,1,1,1,1,0,2,0,193,0,0
2,0,0,0,0,1,1,0,2,0,2385,1,0
4,0,0,0,0,1,1,0,3,0,2229,2,0
0,0,0,0,1,1,0,0,0,0,1785,2,0
2,0,0,2,1,0,1,0,3,0,1490,1,0
4,0,0,2,1,1,1,0,3,0,1597,3,0
1,0,0,0,0,0,0,0,3,0,1739,0,0
0,0,0,0,1,1,0,0,1,0,2127,2,0
3,0,0,3,0,0,0,0,1,0,2622,0,0
0,0,0,0,0,1,1,0,0,0,564,1,0
0,0,0,0,1,1,1,0,2,0,1582,2,0
0,0,0,0,0,1,1,0,2,0,1013,1,0
2,0,0,2,0,0,1,0,2,0,2131,3,0
4,0,0,4,1,1,0,0,0,0,2949,1,0
1,0,0,0,1,1,1,0,1,0,1706,0,0
0,0,0,0,1,1,1,0,1,0,2326,0,0
3,0,0,0,1,1,0,0,2,0,2815,1,0
2,0,0,2,0,0,1,0,2,0,352,2,0
5,0,0,0,1,0,1,0,0,0,641,2,0
2,0,0,1,1,0,1,0,2,0,1821,1,0
3,0,0,3,0,0,1,0,3,0,1245,3,0
3,0,0,0,0,0,0,0,2,0,1441,1,0
3,0,0,3,1,1,0,0,2,0,2076,3,0
3,0,0,2,1,1,1,0,2,0,1949,0,0
1,0,0,1,1,0,0,0,3,0,1174,3,0
1,0,0,1,0,1,0,0,0,0,2680,3,0
4,0,0,0,0,0,1,0,1,0,2877,3,0
2,0,0,2,1,0,0,0,2,0,894,3,0
1,0,0,1,1,0,1,0,1,0,942,3,0
2,0,0,2,1,0,1,0,1,0,2712,0,0
5,0,0,5,1,0,0,0,0,0,1473,2,0
2,0,0,1,0,0,0,0,3,0,1689,2,0
1,0,0,1,1,0,1,0,3,0,401,2,0
2,0,0,2,0,0,1,0,2,0,931,2,0
2,0,0,2,0,1,0,0,3,0,943,1,0
5,0,0,4,0,1,0,0,1,0,2888,3,0
1,0,0,1,1,1,1,0,0,0,120,1,0
2,0,0,0,1,1,1,0,0,0,421,3,0
4,0,0,2,1,1,0,0,2,0,1836,1,0
3,0,0,0,1,0,1,0,2,0,2820,1,0
0,0,0,0,1,1,0,0,2,0,1433,2,0
5,0,0,0,0,1,0,0,0,0,2607,1,0
3,0,0,3,1,1,0,0,2,0,709,1,0
0,0,0,0,1,0,0,0,2,0,2430,2,0
1,0,0,1,1,1,0,0,3,0,1860,2,0
1,0,0,0,1,1,1,0,3,0,1897,0,0
3,0,0,2,0,0,1,0,2,0,1711,1,0
3,0,0,2,0,0,1,0,1,0,1576,0,0
1,0,0,1,0,1,0,0,2,0,1568,1,0
4,0,0,4,0,1,0,0,2,0,2109,3,0
2,0,0,2,0,1,1,0,2,0,512,0,0
1,0,0,1,1,1,1,0,0,0,558,0,0
3,0,0,2,0,1,1,0,2,0,1523,3,0
3,0,0,0,0,1,1,0,3,0,1006,2,0
2,0,0,1,1,1,0,0,1,0,1402,1,0
2,0,0,1,1,1,0,0,1,0,2462,2,0
2,0,0,0,1,1,1,0,0,0,2402,2,0
0,0,0,0,1,0,0,0,0,0,1600,0,0
5,0,0,3,0,0,0,0,0,0,2543,1,0
5,0,0,4,1,1,0,0,1,0,1631,3,0
5,0,0,1,1,0,1,0,1,0,474,1,0
3,0,0,0,0,1,0,0,3,0,982,0,0
5,0,0,4,0,1,0,0,3,0,619,0,0
1,0,0,1,1,1,0,0,1,0,2738,3,0
4,0,0,3,1,0,0,0,2,0,397,3,0
1,0,0,1,1,1,1,0,1,0,157,2,0
2,0,0,2,1,0,1,0,2,0,2653,0,0
1,0,0,1,0,0,1,0,1,0,1000,1,0
0,0,0,0,1,1,0,0,0,0,1066,1,0
2,0,0,0,0,1,1,0,0,0,358,3,0
5,0,0,0,1,1,0,0,3,0,2321,2,0
5,0,0,2,1,1,0,0,2,0,1581,1,0
0,0,0,0,1,1,1,0,3,0,476,2,0
1,0,0,1,1,0,1,0,0,0,2025,3,0
1,0,0,1,0,1,0,0,1,0,302,3,0
3,0,0,2,0,1,1,0,1,0,618,0,0
0,0,0,0,0,0,1,0,0,0,555,3,0
2,0,0,0,0,0,0,0,0,0,2071,2,0
3,0,0,3,1,0,0,0,2,0,138,0,0
1,0,0,0,0,0,1,0,2,0,564,1,0
5,0,0,2,0,1,0,0,2,0,1879,1,0
5,0,0,1,0,0,1,0,0,0,853,2,0
2,0,0,0,1,1,0,0,1,0,1991,2,0
3,0,0,3,0,1,0,0,2,0,429,0,0
1,0,0,1,0,0,0,0,1,0,2222,1,0
4,0,0,1,1,0,0,0,2,0,457,3,0
2,0,0,1,0,0,1,0,3,0,763,1,0
2,0,0,0,1,0,0,0,1,0,1521,3,0
0,0,0,0,0,1,0,0,1,0,2781,0,0
5,0,0,1,1,0,0,0,3,0,709,0,0
5,0,0,1,1,1,0,0,2,0,1927,3,0
1,0,0,1,1,1,1,0,2,0,1633,1,0
5,0,0,1,1,1,0,0,2,0,2530,2,0
3,0,0,1,1,0,0,0,3,0,2460,3,0
5,0,0,0,1,1,0,0,0,0,1704,0,0
4,0,0,3,0,0,1,0,3,0,1085,3,0
3,0,0,3,0,1,0,0,1,0,2901,2,0
2,0,0,2,0,1,0,0,3,0,1217,1,0
2,0,0,1,1,1,1,0,0,0,544,3,0
5,0,0,2,1,1,0,0,3,0,2631,0,0
4,0,0,4,0,1,0,0,3,0,2318,2,0
5,0,0,5,0,1,0,0,3,0,1713,2,0
5,0,0,5,0,1,1,0,0,0,2263,2,0
1,0,0,0,1,1,1,0,1,0,2851,2,0
5,0,0,1,0,1,0,0,1,0,622,1,0
0,0,0,0,0,1,1,0,0,0,2575,1,0
5,0,0,2,0,1,0,0,3,0,970,3,0
4,0,0,3,0,1,0,0,2,0,271,1,0
1,0,0,0,1,1,0,0,3,0,1997,1,0
3,0,0,0,1,1,1,0,3,0,130,0,0
1,0,0,1,1,1,1,0,0,0,2071,1,0
3,0,0,2,0,0,1,0,1,0,1569,3,0
4,0,0,4,1,1,0,0,3,0,174,1,0
4,0,0,4,0,1,1,0,3,0,458,1,0
0,0,0,0,0,0,0,0,0,0,1709,3,0
4,0,0,0,1,0,0,0,2,0,403,1,0
1,0,0,1,0,0,1,0,3,0,2526,1,0
1,0,0,0,1,0,1,0,3,0,467,2,0
3,0,0,0,0,0,0,0,1,0,2812,3,0
3,0,0,3,0,0,1,0,3,0,2597,0,0
2,0,0,0,0,0,1,0,0,0,715,3,0
4,0,0,3,0,1,1,0,0,0,772,0,0
5,0,0,1,1,1,1,0,3,0,400,1,0
3,0,0,1,1,0,0,0,0,0,2290,0,0
2,0,0,0,1,0,1,0,0,0,1837,1,0
1,0,0,1,0,0,1,0,1,0,1725,1,0
0,0,0,0,0,1,0,0,0,0,2523,2,0
3,0,0,1,1,0,0,0,0,0,2786,2,0
2,0,0,2,1,0,1,0,1,0,1786,2,0
1,0,0,1,0,1,0,0,2,0,1321,1,0
3,0,0,2,1,1,1,0,2,0,478,3,0
2,0,0,0,1,0,0,0,1,0,2840,3,0
0,0,0,0,0,0,0,0,3,0,2786,0,0
1,0,0,1,0,0,0,0,3,0,1446,3,0
2,0,0,1,0,0,1,0,2,0,714,2,0
3,0,0,3,0,1,1,0,0,0,2631,0,0
4,0,0,1,1,1,0,0,1,0,2879,2,0
0,0,0,0,1,0,1,0,1,0,412,2,0
3,0,0,0,0,0,1,0,1,0,100,3,0
1,0,0,0,1,1,1,0,3,0,746,1,0
4,0,0,3,0,1,0,0,0,0,2083,0,0
5,0,0,2,0,1,1,0,0,0,2612,1,0
4,0,0,0,1,0,1,0,1,0,2088,3,0
3,0,0,0,1,1,0,0,1,0,2455,1,0
4,0,0,3,1,0,1,0,1,0,2936,1,0
0,0,0,0,0,0,1,0,3,0,856,2,0
0,0,0,0,0,0,1,0,2,0,481,3,0
4,0,0,2,0,0,1,0,0,0,1237,2,0
0,0,0,0,0,0,0,0,3,0,2410,0,0
5,0,0,2,1,1,1,0,3,0,706,3,0
2,0,0,0,0,1,1,0,2,0,2052,2,0
3,0,0,0,0,1,0,0,3,0,1982,3,0
2,0,0,2,1,1,1,0,0,0,1838,2,0
1,0,0,1,0,0,1,0,3,0,2133,1,0
2,0,0,2,0,0,0,0,3,0,190,2,0
0,0,0,0,1,1,0,0,1,0,1661,2,0
4,0,0,4,1,1,1,0,3,0,2039,3,0
5,0,0,2,1,1,1,0,2,0,684,2,0
3,0,0,3,1,0,1,0,1,0,2406,0,0
4,0,0,2,0,0,1,0,2,0,2124,0,0
5,0,0,4,1,0,1,0,0,0,425,0,0
4,0,0,2,1,0,0,0,2,0,1808,3,0
2,0,0,0,1,1,1,0,0,0,1917,0,0
5,0,0,4,1,0,1,0,2,0,2937,2,0
2,0,0,0,1,0,0,0,0,0,238,2,0
0,0,0,0,0,0,0,0,0,0,2996,0,0
1,0,0,0,0,1,0,0,3,0,1537,0,0
4,0,0,4,0,0,1,0,0,0,281,1,0
4,0,0,2,0,0,1,0,0,0,2339,1,0
5,0,0,5,0,1,1,0,1,0,1048,1,0
2,0,0,2,0,0,0,0,2,0,2407,1,0
5,0,0,1,0,0,0,0,0,0,1244,3,0
5,0,0,3,0,1,0,0,3,0,656,2,0
0,0,0,0,1,0,0,0,1,0,1500,3,0
5,0,0,0,0,1,1,0,1,0,2879,0,0
4,0,0,4,1,0,1,0,3,0,1711,3,0
0,0,0,0,0,1,0,0,1,0,2497,0,0
3,0,0,2,1,1,1,0,0,0,2163,3,0
3,0,0,1,1,0,0,0,2,0,2229,0,0
5,0,0,1,0,1,1,0,3,0,2031,0,0
3,0,0,2,0,1,0,0,1,0,171,1,0
3,0,0,2,0,1,1,0,3,0,753,3,0
4,0,0,2,1,0,1,0,1,0,1996,0,0
4,0,0,2,1,1,1,0,3,0,2869,1,0
1,0,0,1,1,1,0,0,2,0,1354,2,0
3,0,0,3,1,0,0,0,3,0,1036,2,0
2,0,0,2,0,0,1,0,0,0,2802,0,0
3,0,0,0,1,0,0,0,0,0,873,2,0
2,0,0,1,1,0,0,0,1,0,133,0,0
3,0,0,0,0,1,1,0,2,0,234,2,0
3,0,0,3,0,1,0,0,0,0,593,2,0
4,0,0,1,0,1,1,0,2,0,1245,3,0
2,0,0,1,1,0,0,0,0,0,960,3,0
3,0,0,3,0,1,1,0,1,0,864,3,0
0,0,0,0,1,0,0,0,0,0,581,2,0
1,0,0,0,0,0,0,0,0,0,1954,2,0
5,0,0,3,0,0,1,0,1,0,1269,1,0
5,0,0,3,0,1,0,0,0,0,2177,3,0
0,0,0,0,0,1,1,0,0,0,2261,3,0
5,0,0,1,0,0,1,0,0,0,1020,0,0
2,0,0,2,1,0,0,0,3,0,2029,3,0
5,0,0,5,1,1,1,0,3,0,2189,1,0
1,0,0,1,1,1,1,0,1,0,2120,3,0
1,0,0,1,1,0,1,0,3,0,1616,0,0
1,0,0,1,1,0,0,0,2,0,343,0,0
3,0,0,1,0,0,0,0,2,0,586,0,0
2,0,0,2,0,0,1,0,2,0,597,0,0
0,0,0,0,1,1,0,0,0,0,232,3,0
1,0,0,0,0,0,0,0,3,0,1109,1,0
1,0,0,0,1,0,1,0,1,0,486,3,0
0,0,0,0,0,1,0,0,1,0,772,3,0
3,0,0,1,0,0,0,0,3,0,942,3,0
5,0,0,5,0,0,0,0,0,0,1875,3,0
5,0,0,4,0,1,1,0,3,0,2109,3,0
5,0,0,3,0,0,1,0,2,0,2941,3,0
1,0,0,0,0,1,1,0,2,0,2188,0,0
1,0,0,1,0,0,1,0,1,0,1236,0,0
5,0,0,0,1,1,1,0,0,0,2024,3,0
5,0,0,5,0,1,0,0,2,0,1431,1,0
1,0,0,1,1,1,0,0,3,0,618,2,0
2,0,0,2,0,0,0,0,1,0,1489,0,0
1,0,0,1,0,0,0,0,1,0,2711,2,0
4,0,0,0,1,1,0,0,1,0,1576,1,0
0,0,0,0,0,1,0,0,0,0,1782,0,0
2,0,0,1,0,0,0,0,1,0,1348,3,0
5,0,0,0,0,0,1,0,3,0,2720,0,0
4,0,0,2,1,0,1,0,3,0,1680,1,0
1,0,0,0,0,1,0,0,1,0,486,2,0
5,0,0,2,0,1,1,0,0,0,329,0,0
1,0,0,0,1,1,1,0,0,0,991,2,0
5,0,0,0,1,1,0,0,3,0,2137,0,0
1,0,0,0,0,0,1,0,2,0,2599,0,0
4,0,0,0,1,0,1,0,0,0,1560,1,0
2,0,0,2,0,0,0,0,0,0,1807,3,0
0,0,0,0,0,0,1,0,3,0,1415,1,0
1,0,0,1,0,0,1,0,3,0,675,3,0
5,0,0,4,0,0,1,0,1,0,2286,2,0
2,0,0,2,1,0,1,0,0,0,2483,2,0
1,0,0,0,0,0,1,0,0,0,184,3,0
2,0,0,2,1,0,1,0,1,0,1440,0,0
4,0,0,1,1,0,1,0,0,0,1024,3,0
2,0,0,1,0,0,1,0,0,0,2007,1,0
3,0,0,1,1,1,0,0,1,0,1113,1,0
2,0,0,2,1,1,1,0,1,0,484,1,0
5,0,0,1,0,0,1,0,0,0,840,0,0
1,0,0,1,1,1,0,0,1,0,1699,3,0
5,0,0,4,0,1,1,0,1,0,639,2,0
1,0,0,1,1,0,1,0,0,0,1068,3,0
5,0,0,5,0,1,0,0,1,0,1529,1,0
2,0,0,2,1,0,1,0,0,0,106,3,0
1,0,0,1,1,0,0,0,1,0,2520,2,0
2,0,0,1,0,0,0,0,2,0,1795,0,0
5,0,0,1,1,0,0,0,2,0,1243,1,0
1,0,0,1,0,0,1,0,1,0,1336,1,0
0,0,0,0,1,1,1,0,2,0,2640,2,0
1,0,0,0,0,1,1,0,1,0,1039,0,0
4,0,0,3,1,1,1,0,2,0,2496,3,0
4,0,0,2,1,0,0,0,0,0,2607,2,0
4,0,0,4,1,0,0,0,0,0,2768,1,0
0,0,0,0,0,1,1,0,1,0,2674,2,0
3,0,0,2,0,0,1,0,0,0,1687,2,0
0,0,0,0,1,1,0,0,1,0,725,0,0
2,0,0,2,0,1,0,0,3,0,2682,0,0
4,0,0,4,1,0,0,0,1,0,2111,3,0
1,0,0,0,1,1,1,0,3,0,2971,0,0
0,0,0,0,0,0,1,0,1,0,107,3,0
0,0,0,0,1,1,0,0,1,0,382,1,0
2,0,0,1,0,1,0,0,2,0,1569,2,0
4,0,0,1,1,1,1,0,0,0,827,0,0
5,0,0,4,1,0,1,0,1,0,2126,3,0
0,0,0,0,1,1,1,0,2,0,1230,2,0
2,0,0,0,1,0,0,0,3,0,2853,2,0
2,0,0,1,0,1,1,0,1,0,2992,2,0
4,0,0,1,0,1,1,0,1,0,701,3,0
4,0,0,1,1,0,1,0,1,0,1883,3,0
4,0,0,3,1,0,0,0,2,0,1696,0,0
0,0,0,0,1,1,1,0,1,0,1879,0,0
2,0,0,1,1,1,0,0,1,0,1496,2,0
3,0,0,0,0,1,0,0,0,0,1840,2,0
1,0,0,0,0,0,0,0,0,0,2949,2,0
3,0,0,2,0,1,1,0,3,0,955,1,0
3,0,0,2,0,1,0,0,3,0,1801,3,0
4,0,0,4,1,0,0,0,0,0,202,3,0
0,0,0,0,1,0,1,0,0,0,1700,1,0
5,0,0,4,0,1,0,0,2,0,1196,0,0
0,0,0,0,1,1,0,0,3,0,501,0,0
1,0,0,1,1,0,0,0,1,0,1345,1,0
5,0,0,1,1,1,1,0,2,0,767,0,0
4,0,0,1,1,0,0,0,3,0,1362,1,0
4,0,0,2,0,0,0,0,0,0,2183,0,0
1,0,0,0,0,1,0,0,2,0,2318,2,0
4,0,0,1,1,0,1,0,0,0,1219,0,0
1,0,0,1,1,1,1,0,3,0,1295,2,0
3,0,0,0,1,1,0,0,1,0,1524,2,0
5,0,0,1,1,1,1,0,3,0,760,3,0
0,0,0,0,0,0,1,0,3,0,2907,0,0
5,0,0,0,1,1,1,0,2,0,1638,2,0
4,0,0,3,0,0,0,0,3,0,2190,3,0
1,0,0,1,0,1,0,0,0,0,2403,0,0
2,0,0,0,0,0,0,0,3,0,1766,2,0
3,0,0,1,1,0,1,0,2,0,2603,3,0
5,0,0,4,0,0,0,0,3,0,1867,1,0
0,0,0,0,0,1,1,0,2,0,782,0,0
0,0,0,0,0,0,1,0,1,0,2551,3,0
5,0,0,4,1,0,1,0,2,0,122,1,0
3,0,0,0,0,1,1,0,2,0,428,2,0
2,0,0,1,1,0,0,0,0,0,1248,0,0
2,0,0,1,1,0,0,0,0,0,1871,1,0
3,0,0,0,1,0,1,0,2,0,2706,3,0
5,0,0,3,1,0,0,0,3,0,1751,1,0
4,0,0,0,1,0,0,0,0,0,1300,2,0
0,0,0,0,1,0,0,0,1,0,1644,2,0
3,0,0,1,0,1,0,0,0,0,658,0,0
0,0,0,0,1,0,1,0,2,0,2624,3,0
4,0,0,3,1,1,0,0,1,0,2866,1,0
3,0,0,3,0,1,0,0,2,0,2424,0,0
3,0,0,1,1,0,0,0,2,0,2998,0,0
2,0,0,1,1,0,1,0,3,0,1408,3,0
3,0,0,0,0,1,0,0,1,0,2736,0,0
2,0,0,2,1,0,1,0,2,0,1232,1,0
4,0,0,3,0,1,1,0,0,0,105,0,0
4,0,0,2,0,0,0,0,2,0,2285,1,0
5,0,0,5,1,1,0,0,3,0,378,0,0
4,0,0,1,0,1,0,0,2,0,119,0,0
5,0,0,4,0,0,0,0,2,0,514,1,0
2,0,0,0,1,0,0,0,3,0,286,0,0
4,0,0,0,0,0,1,0,3,0,2196,3,0
3,0,0,1,0,1,0,0,0,0,2209,3,0
0,0,0,0,1,1,0,0,3,0,855,0,0
3,0,0,1,1,0,1,0,3,0,1068,0,0
2,0,0,0,0,1,0,0,1,0,2264,0,0
5,0,0,0,0,1,0,0,3,0,1809,0,0
1,0,0,1,1,0,1,0,1,0,1971,3,0
3,0,0,2,0,1,1,0,3,0,2838,0,0
3,0,0,3,1,1,1,0,1,0,2179,3,0
4,0,0,4,1,1,1,0,3,0,2647,1,0
2,0,0,1,0,1,1,0,3,0,1490,3,0
0,0,0,0,0,1,0,0,2,0,2967,1,0
0,0,0,0,0,0,0,0,1,0,2783,1,0
2,0,0,1,1,0,1,0,0,0,353,3,0
0,0,0,0,0,0,0,0,3,0,2457,0,0
2,0,0,1,0,0,1,0,1,0,1417,1,0
2,0,0,2,0,0,0,0,2,0,736,0,0
3,0,0,2,0,1,0,0,1,0,2347,1,0
4,0,0,1,0,1,1,0,3,0,1549,2,0
1,0,0,1,1,0,0,0,1,0,2904,2,0
2,0,0,0,0,0,0,0,1,0,204,2,0
1,0,0,1,1,1,1,0,1,0,1371,3,0
3,0,0,3,1,0,0,0,2,0,1296,2,0
2,0,0,2,1,1,0,0,3,0,1074,1,0
0,0,0,0,0,0,1,0,1,0,1847,3,0
2,0,0,1,0,1,1,0,1,0,2351,0,0
4,0,0,1,0,1,0,0,0,0,2664,3,0
4,0,0,0,0,1,0,0,3,0,213,2,0
1,0,0,0,1,1,1,0,0,0,2335,3,0
1,0,0,1,1,1,1,0,3,0,2797,2,0
5,0,0,3,1,1,0,0,3,0,2277,2,0
5,0,0,1,1,0,0,0,0,0,2121,2,0
5,0,0,0,1,1,0,0,0,0,745,0,0
3,0,0,3,0,1,1,0,3,0,2227,1,0
0,0,0,0,1,1,1,0,3,0,1983,3,0
4,0,0,0,0,1,0,0,2,0,1755,1,0
5,0,0,4,0,1,1,0,1,0,2043,0,0
3,0,0,3,0,1,0,0,2,0,2299,2,0
5,0,0,2,0,1,1,0,2,0,2775,0,0
1,0,0,1,1,0,1,0,3,0,853,2,0
5,0,0,1,1,0,1,0,2,0,478,3,0
0,0,0,0,0,1,0,0,2,0,1434,2,0
1,0,0,1,0,1,1,0,3,0,1580,3,0
2,0,0,1,1,0,0,0,0,0,2421,2,0
2,0,0,2,1,0,1,0,1,0,2554,2,0
5,0,0,2,1,0,1,0,3,0,683,0,0
3,0,0,1,1,0,0,0,2,0,2476,2,0
4,0,0,2,0,0,0,0,3,0,432,3,0
2,0,0,1,0,0,0,0,2,0,1678,2,0
4,0,0,2,1,0,1,0,3,0,2863,0,0
1,0,0,0,0,1,0,0,0,0,2847,3,0
1,0,0,1,0,1,1,0,0,0,2923,3,0
3,0,0,2,0,0,1,0,2,0,2967,1,0
1,0,0,0,0,1,1,0,1,0,1511,1,0
5,0,0,1,0,0,0,0,1,0,2192,2,0
2,0,0,0,1,0,1,0,3,0,1209,1,0
2,0,0,1,1,0,1,0,2,0,110,2,0
3,0,0,1,1,0,0,0,3,0,2102,1,0
1,0,0,0,1,0,0,0,0,0,1394,3,0
2,0,0,2,1,1,0,0,3,0,2656,2,0
2,0,0,1,0,0,0,0,2,0,855,3,0
0,0,0,0,1,0,0,0,1,0,2101,0,0
3,0,0,0,1,1,0,0,3,0,653,1,0
2,0,0,1,0,0,1,0,0,0,1491,3,0
3,0,0,1,0,1,0,0,0,0,613,2,0
2,0,0,1,1,0,1,0,3,0,2475,1,0
3,0,0,3,0,0,0,0,3,0,329,3,0
3,0,0,3,1,0,1,0,0,0,2521,1,0
4,0,0,3,1,1,1,0,2,0,805,0,0
0,0,0,0,1,1,1,0,2,0,1197,0,0
3,0,0,2,0,1,1,0,1,0,2083,0,0
5,0,0,1,0,0,1,0,2,0,629,0,0
2,0,0,0,1,0,1,0,3,0,2293,1,0
2,0,0,2,1,0,0,0,3,0,1671,1,0
5,0,0,5,1,1,0,0,2,0,1528,2,0
1,0,0,0,0,1,0,0,1,0,2801,2,0
3,0,0,3,0,1,1,0,1,0,336,1,0
5,0,0,4,0,1,0,0,1,0,2309,0,0
4,0,0,2,1,1,1,0,1,0,1631,2,0
0,0,0,0,0,1,1,0,2,0,230,3,0
1,0,0,0,1,0,0,0,1,0,1262,1,0
0,0,0,0,0,0,1,0,2,0,2448,3,0
3,0,0,2,0,0,1,0,3,0,1253,2,0
0,0,0,0,1,0,0,0,3,0,2494,0,0
2,0,0,2,0,1,1,0,2,0,302,1,0
1,0,0,1,1,1,1,0,1,0,2855,1,0
0,0,0,0,1,1,0,0,3,0,2275,3,0
1,0,0,1,1,1,1,0,2,0,2694,1,0
1,0,0,0,0,0,0,0,0,0,986,2,0
2,0,0,0,1,0,1,0,2,0,1818,0,0
5,0,0,1,1,1,1,0,1,0,1832,3,0
3,0,0,2,1,0,1,0,0,0,1972,2,0
3,0,0,1,0,1,1,0,1,0,1903,1,0
4,0,0,4,0,0,1,0,3,0,2470,3,0
0,0,0,0,0,1,1,0,0,0,2638,1,0
5,0,0,5,1,0,0,0,0,0,312,2,0
0,0,0,0,1,0,1,0,2,0,2100,3,0
2,0,0,2,0,0,0,0,2,0,1902,0,0
0,0,0,0,1,1,1,0,3,0,1947,0,0
0,0,0,0,0,1,1,0,1,0,1139,1,0
4,0,0,0,0,0,1,0,0,0,1922,0,0
0,0,0,0,1,1,0,0,0,0,2591,3,0
4,0,0,0,1,0,1,0,1,0,1252,2,0
1,0,0,1,0,0,1,0,3,0,2730,2,0
3,0,0,2,1,1,0,0,3,0,1746,2,0
3,0,0,0,0,0,1,0,2,0,2259,2,0
2,0,0,2,0,1,0,0,2,0,1368,3,0
3,0,0,1,1,1,0,0,3,0,2279,3,0
1,0,0,1,1,1,0,0,0,0,378,3,0
2,0,0,1,0,1,1,0,3,0,921,0,0
1,0,0,1,1,0,1,0,0,0,2598,0,0
5,0,0,0,0,0,0,0,2,0,1461,3,0
1,0,0,1,0,0,0,0,0,0,2334,2,0
4,0,0,0,1,0,1,0,0,0,1163,3,0
1,0,0,1,1,1,1,0,1,0,1461,1,0
2,0,0,2,1,0,1,0,1,0,1814,1,0
5,0,0,0,0,1,0,0,1,0,2140,0,0
5,0,0,0,1,0,1,0,3,0,2001,2,0
5,0,0,1,1,1,1,0,1,0,2966,2,0
4,0,0,1,1,0,1,0,3,0,909,3,0
5,0,0,3,0,1,1,0,3,0,2448,0,0
5,0,0,2,1,1,0,0,0,0,1867,3,0
2,0,0,2,1,0,0,0,1,0,310,2,0
1,0,0,0,1,0,0,0,1,0,2948,1,0
5,0,0,1,0,0,0,0,3,0,1039,2,0
5,0,0,3,1,1,0,0,1,0,2231,2,0
0,0,0,0,1,0,1,0,2,0,2687,2,0
5,0,0,0,0,0,0,0,2,0,2952,3,0
2,0,0,2,0,1,1,0,3,0,822,0,0
3,0,0,2,0,0,1,0,1,0,1007,1,0
5,0,0,5,1,1,1,0,3,0,206,1,0
0,0,0,0,0,1,1,0,2,0,191,3,0
1,0,0,1,1,1,0,0,0,0,2511,2,0
0,0,0,0,0,0,0,0,2,0,2085,2,0
4,0,0,3,0,0,1,0,1,0,2496,1,0
4,0,0,3,1,0,1,0,2,0,1831,3,0
3,0,0,1,1,1,0,0,1,0,1206,0,0
1,0,0,0,0,0,1,0,2,0,295,1,0
0,0,0,0,1,0,1,0,1,0,1756,3,0
0,0,0,0,1,0,1,0,3,0,1056,3,0
1,0,0,0,1,0,0,0,3,0,2110,0,0
4,0,0,1,1,1,0,0,2,0,1005,1,0
0,0,0,0,1,1,1,0,0,0,2367,0,0
1,0,0,1,0,0,1,0,0,0,258,3,0
5,0,0,2,0,1,0,0,2,0,303,1,0
0,0,0,0,1,1,1,0,0,0,1343,3,0
3,0,0,1,0,0,1,0,3,0,2661,1,0
1,0,0,1,0,1,0,0,1,0,714,1,0
1,0,0,1,1,0,1,0,1,0,2409,3,0
1,0,0,1,1,0,0,0,2,0,514,2,0
0,0,0,0,0,0,0,0,3,0,2324,1,0
2,0,0,1,1,1,0,0,2,0,1874,1,0
5,0,0,0,0,1,1,0,1,0,2151,2,0
3,0,0,2,1,0,1,0,2,0,2170,2,0
5,0,0,2,1,1,1,0,1,0,935,3,0
3,0,0,1,1,1,1,0,0,0,340,1,0
4,0,0,2,0,1,0,0,0,0,1816,1,0
0,0,0,0,1,0,0,0,2,0,1479,0,0
0,0,0,0,1,1,1,0,3,0,1797,2,0
1,0,0,0,1,1,1,0,0,0,2425,1,0
2,0,0,0,1,1,1,0,1,0,416,2,0
5,0,0,4,1,0,0,0,2,0,1347,2,0
1,0,0,1,1,0,0,0,2,0,2327,2,0
0,0,0,0,1,0,1,0,1,0,1849,1,0
1,0,0,1,1,0,1,0,0,0,1456,0,0
1,0,0,1,0,1,0,0,0,0,190,2,0
2,0,0,0,1,1,0,0,0,0,2818,3,0
3,0,0,0,0,0,0,0,0,0,1536,3,0
1,0,0,0,0,0,1,0,3,0,740,0,0
5,0,0,3,0,1,0,0,2,0,892,1,0
5,0,0,2,0,1,1,0,2,0,1188,3,0
5,0,0,2,0,0,1,0,1,0,705,0,0
2,0,0,0,0,1,1,0,2,0,639,0,0
0,0,0,0,0,0,1,0,1,0,1935,3,0
2,0,0,2,0,1,0,0,3,0,867,2,0
3,0,0,1,0,0,0,0,2,0,218,3,0
2,0,0,2,0,0,0,0,0,0,2917,1,0
1,0,0,0,1,0,0,0,3,0,394,2,0
2,0,0,1,1,0,0,0,1,0,987,0,0
3,0,0,1,0,0,1,0,2,0,1042,3,0
3,0,0,1,0,0,0,0,2,0,1312,2,0
1,0,0,0,0,1,0,0,2,0,1588,2,0
3,0,0,1,0,1,0,0,0,0,2963,2,0
1,0,0,0,1,0,0,0,3,0,2374,2,0
1,0,0,1,1,1,0,0,1,0,1213,3,0
2,0,0,1,1,0,0,0,3,0,2161,2,0
0,0,0,0,0,1,0,0,2,0,2607,0,0
0,0,0,0,0,0,1,0,2,0,2407,0,0
0,0,0,0,1,1,0,0,0,0,1578,2,0
2,0,0,0,1,1,1,0,3,0,1817,1,0
1,0,0,1,1,1,0,0,3,0,347,3,0
0,0,0,0,1,1,1,0,1,0,2038,1,0
5,0,0,0,1,1,0,0,0,0,2047,2,0
5,0,0,4,1,1,0,0,1,0,956,0,0
2,0,0,0,0,1,0,0,0,0,413,1,0
4,0,0,1,0,0,1,0,1,0,2965,3,0
3,0,0,2,0,1,1,0,1,0,386,1,0
