url_count,ip_url_count,suspicious_tld_count,long_url_count,urgent_count,credential_count,threat_count,reply_to_mismatch,attachment_count,suspicious_attachment_count,text_length,exclamation_count,phishing_percentage,label
0,0,2,1,1,1,1,0,2,2,1216,1,81,1
3,0,0,0,1,1,4,0,2,0,1566,8,75,1
1,1,2,1,6,6,0,0,2,0,965,5,53,1
0,0,0,0,6,1,0,0,0,0,194,6,35,0
1,0,0,0,1,1,0,0,0,0,570,0,12,0
0,0,2,1,6,5,1,0,0,0,242,0,48,0
1,1,0,0,6,0,3,1,1,2,847,2,84,1
2,0,0,2,2,5,0,0,0,0,1193,3,47,0
1,0,0,0,1,1,0,0,0,0,432,0,20,0
0,0,0,0,1,1,1,0,0,0,167,0,29,0
2,0,2,1,3,5,3,0,1,0,605,8,72,1
2,2,2,1,4,3,2,0,0,2,1110,1,68,1
0,0,0,2,1,6,5,1,2,0,888,6,96,1
3,2,1,2,6,0,5,0,2,2,1637,4,76,1
5,1,0,1,3,1,3,0,2,2,639,8,98,1
1,0,2,1,6,5,4,0,0,1,1661,2,97,1
4,0,2,1,3,0,0,1,1,0,218,3,69,1
0,0,2,1,6,0,4,0,0,2,1073,8,72,1
1,0,0,0,1,0,0,0,0,0,419,1,21,0
5,1,1,2,3,0,1,0,0,1,143,8,85,1
0,0,0,0,0,0,0,0,0,0,334,0,29,0
1,0,0,0,0,0,1,0,0,0,442,1,4,0
0,0,0,0,1,0,1,0,0,0,516,0,27,0
0,0,0,0,1,1,1,0,0,0,520,1,12,0
0,0,0,1,5,2,0,0,0,0,1198,7,93,1
1,0,0,0,0,1,1,0,0,0,355,0,17,0
0,0,2,2,6,0,0,0,0,0,932,7,56,1
1,1,0,0,3,0,3,1,1,0,684,6,61,1
5,2,2,2,3,1,1,1,0,0,1286,8,89,1
1,0,0,0,0,0,1,0,0,0,357,0,7,0
0,0,0,0,0,0,0,0,0,0,445,0,7,0
0,0,2,2,0,4,0,1,2,0,1257,8,51,1
1,0,0,2,5,2,0,0,0,0,371,6,40,0
1,0,0,0,1,1,0,0,0,0,109,1,16,0
4,0,0,2,1,4,2,0,1,0,600,5,79,1
0,0,0,1,6,1,0,0,0,0,783,8,36,0
2,0,0,0,1,1,0,0,0,0,1011,1,38,0
4,0,1,1,4,1,5,1,0,2,1398,4,95,1
3,1,0,0,5,3,2,0,0,0,783,2,64,1
2,0,2,1,4,5,3,0,0,0,1515,2,81,1
0,0,2,2,1,3,1,0,1,1,181,5,69,1
0,0,0,0,0,1,1,0,0,0,735,0,26,0
0,0,0,0,6,0,1,0,0,0,125,2,30,0
2,1,2,2,6,1,2,0,2,0,883,0,94,1
1,0,1,1,2,6,1,0,0,0,495,6,60,1
1,0,0,1,2,5,1,0,0,0,778,0,42,0
1,0,0,0,0,1,0,0,0,0,211,1,14,0
2,0,1,1,4,4,0,0,0,0,888,3,44,0
0,0,0,0,5,1,0,0,0,0,632,8,32,0
5,2,2,2,1,2,3,0,2,1,1376,5,87,1
0,0,2,1,5,3,2,1,2,1,1235,2,84,1
1,0,0,0,1,0,1,0,0,0,515,0,24,0
1,0,0,0,3,1,1,0,0,0,552,7,38,0
1,1,2,0,5,0,2,1,0,0,1477,4,86,1
0,0,0,0,0,0,0,0,0,0,350,1,28,0
0,0,1,2,4,1,5,1,1,1,599,2,78,1
5,0,0,1,1,1,5,1,0,2,610,1,83,1
1,1,2,2,4,4,2,1,2,0,1133,6,58,1
3,0,2,1,3,2,1,1,2,1,1383,3,70,1
1,0,0,0,5,1,0,0,0,0,378,5,35,0
2,0,0,0,1,1,1,0,0,0,810,2,40,0
1,0,1,1,2,4,3,1,0,0,1805,6,90,1
0,0,2,1,3,0,1,1,0,0,898,6,49,0
4,2,0,1,1,2,3,1,0,1,788,6,68,1
1,1,0,2,4,0,3,0,0,2,977,2,92,1
1,0,1,1,2,1,3,1,1,0,876,4,59,1
6,1,1,0,3,0,5,0,1,0,1431,1,96,1
5,0,0,0,1,6,0,0,0,0,1069,1,99,1
1,1,2,1,6,2,1,0,0,1,321,0,72,1
2,0,0,2,3,1,0,0,0,0,177,3,39,0
1,0,0,0,0,0,1,0,0,0,645,1,13,0
2,0,2,2,2,0,3,1,0,1,841,7,84,1
1,1,0,2,4,5,2,1,1,1,1791,4,90,1
0,0,0,1,3,1,1,0,0,0,683,6,41,0
0,0,1,1,1,3,0,0,0,0,826,4,43,0
1,0,2,2,2,4,0,0,0,0,491,1,43,0
2,0,0,0,3,1,0,0,0,0,807,7,30,0
5,1,1,0,0,2,1,1,2,0,727,5,82,1
4,2,1,1,5,4,2,1,2,0,1029,4,60,1
1,0,0,0,0,0,1,0,0,0,222,8,39,0
5,0,0,0,5,3,2,1,0,0,706,3,97,1
1,0,1,0,5,4,0,1,0,0,193,0,46,0
2,2,0,2,6,6,3,0,0,2,682,7,70,1
3,1,0,0,2,6,3,0,0,0,920,7,61,1
0,0,0,0,0,0,1,0,0,0,187,0,9,0
1,0,0,0,0,1,1,0,0,0,553,1,15,0
3,1,2,2,0,4,5,0,0,2,532,4,75,1
0,0,0,0,4,0,1,0,1,1,1511,7,84,1
0,0,0,0,2,1,1,0,0,0,172,3,37,0
2,0,0,0,4,0,1,0,0,0,217,8,33,0
0,0,0,0,1,0,0,0,0,0,161,0,28,0
2,0,0,2,6,1,1,0,0,0,227,7,39,0
2,2,1,1,4,4,3,1,0,2,181,6,88,1
2,2,1,0,0,1,5,0,2,1,1280,0,94,1
6,0,1,2,5,3,2,0,2,1,1400,7,97,1
1,0,0,0,1,1,1,0,0,0,428,0,11,0
1,0,0,0,1,1,1,0,0,0,778,1,20,0
4,0,1,0,2,2,2,0,1,2,1789,0,97,1
4,1,1,0,1,4,2,1,2,1,1656,0,84,1
1,0,0,0,0,1,1,0,0,0,815,1,26,0
0,0,0,0,0,0,1,0,0,0,664,0,15,0
3,0,0,0,3,0,5,0,1,2,697,8,70,1
2,1,1,1,1,3,4,0,1,0,1327,8,90,1
1,0,1,1,2,6,4,1,0,1,1586,4,95,1
4,2,1,0,3,4,3,1,1,2,1212,6,75,1
2,0,2,0,4,3,1,1,0,0,751,7,58,1
6,1,1,2,6,6,5,0,1,0,358,8,90,1
2,0,1,0,4,3,0,0,1,2,416,1,75,1
2,1,2,2,3,5,0,1,2,0,1192,6,60,1
2,0,2,1,6,4,0,0,0,0,732,1,40,0
2,0,0,0,5,1,0,0,0,0,864,1,30,0
0,0,1,0,5,2,0,0,1,0,214,4,55,1
2,0,1,0,1,4,1,0,0,0,448,2,45,0
1,0,0,0,0,1,0,0,0,0,337,1,10,0
2,1,1,2,0,6,3,1,2,2,423,1,81,1
2,2,1,2,3,5,2,1,1,0,507,6,56,1
0,0,1,2,2,4,2,1,0,0,910,4,61,1
0,0,0,0,1,1,0,0,0,0,410,1,1,0
0,0,0,0,1,0,0,0,0,0,742,0,28,0
1,0,0,0,4,1,0,0,0,0,192,4,39,0
2,0,1,0,1,1,1,0,0,0,643,8,41,0
0,0,0,0,2,1,1,0,0,0,864,5,34,0
1,0,0,0,0,0,0,0,0,0,506,1,14,0
1,0,0,0,0,1,0,0,0,0,565,1,11,0
5,2,1,2,3,6,5,1,0,2,578,7,86,1
1,0,0,0,0,0,1,0,0,0,458,1,3,0
3,0,0,0,0,2,3,0,0,0,1200,2,83,1
3,0,1,2,5,5,1,0,0,0,949,1,49,0
4,1,1,0,5,2,1,1,1,0,583,5,62,1
1,0,0,0,1,0,1,0,0,0,382,0,12,0
1,0,0,0,0,0,0,0,0,0,151,1,15,0
0,0,0,0,6,0,0,0,0,0,949,8,31,0
0,0,0,0,0,1,0,0,0,0,710,0,26,0
0,0,0,0,4,1,0,0,0,0,212,0,35,0
0,0,0,0,1,0,1,0,0,0,116,0,16,0
0,0,0,0,1,1,0,0,0,0,863,1,33,0
3,1,2,2,0,3,4,0,2,0,188,8,60,1
1,0,0,2,0,0,1,0,0,0,967,6,38,0
0,0,2,1,0,0,2,0,0,0,358,4,54,1
5,2,2,2,2,3,4,1,1,2,1339,6,79,1
0,0,0,0,0,1,1,0,0,0,333,1,12,0
1,0,1,1,5,0,1,0,0,0,974,5,43,0
2,1,0,2,3,0,0,0,0,1,297,5,85,1
0,0,0,0,1,0,1,0,0,0,462,1,16,0
0,0,2,1,2,0,4,0,0,2,1087,3,92,1
1,0,0,0,1,0,1,0,0,0,687,0,13,0
0,0,0,0,2,5,2,1,1,0,112,2,54,1
1,0,0,0,0,0,0,0,0,0,193,0,18,0
3,0,1,1,1,2,1,1,0,0,273,0,48,0
0,0,0,0,0,0,1,0,0,0,553,1,19,0
4,1,1,1,1,6,4,0,1,0,980,1,62,1
2,0,0,2,4,1,1,0,0,0,146,3,36,0
0,0,0,1,1,6,1,1,1,0,771,1,50,1
1,0,0,0,1,0,0,0,0,0,294,0,0,0
4,2,1,0,3,6,5,0,1,0,138,7,64,1
1,0,0,0,1,1,1,0,0,0,396,0,9,0
0,0,0,2,3,6,5,1,0,0,994,1,51,1
1,0,0,0,4,1,0,0,0,0,505,4,31,0
2,0,1,0,0,4,5,0,2,2,497,5,95,1
2,0,2,0,1,0,0,0,0,0,624,3,44,0
0,0,0,0,0,0,1,0,0,0,575,1,22,0
4,2,2,2,2,6,5,1,0,1,239,7,87,1
2,1,2,0,2,4,0,1,1,0,1025,0,56,1
1,0,0,0,1,0,0,0,0,0,414,1,7,0
0,0,2,2,1,2,4,1,2,0,408,0,59,1
0,0,2,0,4,5,1,0,0,0,996,7,57,1
4,2,0,1,2,2,3,1,1,2,1324,0,67,1
5,1,0,1,0,4,5,1,1,1,1582,2,80,1
0,0,2,2,1,2,1,0,0,0,902,2,42,0
5,0,1,2,3,5,2,0,2,2,1613,8,76,1
1,0,0,0,1,0,1,0,0,0,416,0,11,0
1,0,0,0,1,0,0,0,0,0,240,0,27,0
1,0,0,0,0,0,1,0,0,0,234,1,9,0
0,0,0,0,0,0,1,0,0,0,144,1,19,0
1,0,1,2,2,6,1,0,0,0,589,4,46,0
3,0,1,2,4,3,3,1,1,2,1180,6,100,1
0,0,0,0,0,1,0,0,0,0,756,1,20,0
0,0,2,2,6,0,1,0,0,0,428,4,47,0
1,1,0,0,6,3,2,0,1,0,209,6,57,1
2,0,1,0,2,1,0,1,0,0,1431,5,64,1
0,0,0,0,0,1,1,0,0,0,242,1,18,0
0,0,0,1,1,6,1,1,0,0,690,3,57,1
0,0,0,0,1,1,1,0,0,0,164,1,38,0
4,2,0,2,4,4,1,0,1,0,979,0,63,1
2,0,2,1,1,5,5,0,2,1,238,8,78,1
4,2,2,0,3,6,3,0,2,1,864,4,69,1
0,0,0,1,1,5,5,0,2,2,1649,5,95,1
0,0,0,0,1,1,0,0,0,0,575,1,17,0
1,0,0,2,6,3,0,1,0,0,508,0,80,1
1,0,2,1,6,4,1,0,0,0,359,0,40,0
5,0,1,1,6,6,0,1,1,0,1737,5,96,1
3,2,1,1,2,1,3,1,1,0,1163,4,55,1
1,0,0,0,0,1,0,0,0,0,400,1,10,0
0,0,0,0,1,1,1,0,0,0,556,1,13,0
1,0,0,0,1,1,0,0,0,0,461,1,21,0
2,0,0,0,0,1,1,0,0,0,625,2,35,0
0,0,0,0,1,0,0,0,0,0,134,0,3,0
5,1,1,1,4,0,4,0,2,1,859,5,99,1
0,0,2,1,3,2,5,1,0,0,332,0,56,1
1,1,2,1,4,0,2,1,2,1,539,4,94,1
3,0,0,0,6,0,3,0,2,1,279,5,88,1
2,2,0,2,4,2,2,0,2,2,1534,2,85,1
1,0,0,0,6,1,0,1,0,0,153,5,46,0
4,1,1,2,1,4,0,0,1,1,1080,8,70,1
3,2,0,0,2,5,0,1,1,0,1159,5,52,1
0,0,0,0,0,1,0,0,0,0,227,0,16,0
0,0,0,0,2,0,1,0,0,0,1070,8,38,0
0,0,0,1,1,1,0,0,0,0,740,4,36,0
4,0,2,2,1,4,4,0,0,2,1378,5,78,1
0,0,0,0,5,6,4,1,2,0,1271,6,72,1
5,0,1,2,4,2,5,1,1,0,1502,6,79,1
1,0,0,0,5,0,0,0,0,0,550,6,38,0
3,0,1,2,1,2,5,1,2,0,807,6,61,1
1,0,0,0,0,1,0,0,0,0,577,0,16,0
1,0,0,0,1,0,0,0,0,0,151,4,34,0
3,0,0,0,6,2,1,0,0,0,426,7,49,0
3,1,1,1,0,0,3,1,0,0,1294,5,65,1
0,0,0,0,1,1,1,0,0,0,246,0,6,0
1,0,0,0,0,1,1,0,0,0,512,1,13,0
1,0,0,0,0,0,1,0,0,0,383,1,5,0
1,0,0,0,1,1,0,0,0,0,231,0,9,0
2,1,2,1,6,1,1,1,2,0,182,0,50,1
0,0,0,0,1,1,1,0,0,0,176,0,4,0
2,0,1,0,3,4,1,0,0,0,707,5,41,0
4,2,1,2,4,2,3,0,1,0,778,1,64,1
2,2,2,2,0,4,3,1,2,0,1284,3,53,1
0,0,0,2,5,5,4,1,0,2,596,0,92,1
0,0,0,1,2,3,1,1,2,0,940,8,73,1
4,1,2,2,0,5,1,0,2,1,1456,7,99,1
3,1,0,1,4,2,4,1,2,2,1494,4,67,1
3,0,0,1,4,2,1,1,1,2,524,7,78,1
1,0,1,2,6,5,1,0,0,0,394,1,40,0
4,1,1,1,6,6,1,1,0,1,1562,1,73,1
1,0,2,1,5,3,0,0,0,0,513,8,44,0
2,0,0,0,5,1,0,0,0,0,211,3,34,0
0,0,0,0,5,0,0,0,0,0,153,1,31,0
2,2,1,0,5,6,1,0,2,0,423,6,52,1
3,1,2,0,6,2,2,1,2,0,1674,1,83,1
4,0,2,2,5,6,0,0,1,0,174,6,83,1
3,0,2,1,0,0,2,0,1,1,1030,8,100,1
3,0,2,1,2,1,0,1,0,2,1039,4,67,1
1,0,2,1,6,2,4,0,0,2,1853,6,91,1
2,0,1,2,0,1,1,1,1,0,608,0,54,1
1,0,0,0,1,1,1,0,0,0,437,4,33,0
4,0,1,2,2,5,1,0,2,0,1053,4,74,1
1,0,0,0,1,0,1,0,0,0,476,0,20,0
0,0,0,0,1,0,1,0,0,0,865,1,28,0
3,2,2,0,6,1,5,0,2,0,1014,8,53,1
2,0,2,0,0,6,4,0,2,2,406,2,90,1
2,0,1,0,5,1,1,0,0,0,193,8,41,0
0,0,0,2,3,3,4,0,2,0,1046,4,57,1
0,0,1,0,5,1,4,0,0,1,805,1,92,1
0,0,1,0,2,3,1,0,2,2,1422,6,69,1
3,0,1,1,3,0,0,1,0,0,342,2,47,0
3,2,0,2,1,6,0,0,1,1,1479,8,68,1
3,0,0,1,2,1,2,0,2,0,331,0,54,1
3,2,0,0,1,0,0,0,1,2,1476,0,84,1
2,0,0,0,0,1,1,0,0,0,339,8,31,0
0,0,0,0,0,1,0,0,0,0,849,1,27,0
4,2,1,0,2,1,5,0,1,1,663,0,73,1
4,2,0,2,5,3,4,1,0,1,1417,6,71,1
4,1,2,1,3,1,2,1,0,2,1069,3,100,1
1,0,0,0,0,1,0,0,0,0,675,1,28,0
1,1,0,1,1,2,5,0,1,0,859,1,53,1
1,0,1,1,5,4,4,0,0,0,1303,8,68,1
1,0,0,0,0,1,1,0,0,0,115,0,27,0
0,0,0,0,1,0,0,0,0,0,506,0,24,0
2,1,1,1,4,5,2,1,1,1,1150,7,70,1
0,0,1,0,2,2,3,0,2,0,553,2,59,1
1,0,0,0,1,1,0,0,0,0,200,1,2,0
1,0,0,0,0,1,1,0,0,0,363,1,29,0
5,2,1,1,1,5,2,0,0,2,1219,7,92,1
0,0,0,0,0,0,0,0,0,0,106,1,23,0
0,0,0,0,0,0,0,0,0,0,323,1,17,0
0,0,2,2,5,4,1,1,0,0,132,0,47,0
4,1,0,0,4,5,2,1,0,2,1480,6,68,1
0,0,0,0,0,0,0,0,0,0,296,1,22,0
2,0,1,0,2,3,1,0,0,0,562,4,45,0
0,0,0,1,3,3,4,1,0,2,119,2,87,1
1,0,0,0,1,1,0,0,0,0,640,0,10,0
0,0,0,0,1,1,0,0,0,0,176,1,29,0
4,2,0,0,6,2,0,0,2,0,915,1,69,1
0,0,0,2,1,1,1,0,0,0,493,2,38,0
5,0,2,2,2,0,0,1,0,0,797,6,88,1
2,0,2,1,6,3,3,0,1,2,868,6,99,1
1,0,0,0,0,1,0,0,0,0,830,0,23,0
1,0,0,0,0,1,0,0,0,0,498,1,10,0
0,0,0,0,2,3,1,1,0,0,309,2,46,0
0,0,0,0,1,1,1,0,0,0,205,0,11,0
1,0,0,0,0,1,1,0,0,0,112,1,11,0
3,0,2,2,1,4,4,0,2,0,879,2,52,1
1,0,0,0,1,1,1,0,0,0,249,0,17,0
1,0,0,0,1,1,1,0,0,0,595,0,21,0
2,0,0,2,5,3,0,1,0,0,319,2,46,0
0,0,0,1,2,1,1,0,0,0,550,5,38,0
1,1,1,2,5,1,3,1,0,0,915,5,55,1
2,0,0,2,5,1,0,0,0,0,433,6,37,0
1,0,0,1,0,0,0,0,0,0,798,8,35,0
1,0,0,0,0,1,1,0,0,0,525,0,3,0
3,0,2,1,1,2,5,0,2,0,966,6,52,1
1,0,0,0,1,1,1,0,0,0,137,1,9,0
4,2,2,0,0,6,1,1,0,2,1354,0,89,1
3,1,1,0,0,0,2,0,2,2,1162,8,72,1
4,0,1,1,3,3,5,0,1,0,1088,1,74,1
1,0,0,0,0,0,1,0,0,0,419,5,37,0
1,1,1,1,0,3,5,1,1,0,237,4,58,1
0,0,0,0,0,1,0,0,0,0,446,0,5,0
1,0,2,0,2,4,3,1,0,1,1389,2,94,1
1,0,0,0,1,0,0,0,0,0,560,1,23,0
0,0,2,0,1,2,0,0,0,0,1199,2,49,0
2,0,0,1,0,2,1,1,0,0,895,6,46,0
0,0,1,1,4,1,5,1,2,2,273,2,75,1
0,0,0,1,0,1,1,0,0,0,810,2,40,0
3,1,2,0,4,3,3,0,1,2,1200,2,65,1
1,1,1,0,1,2,3,0,1,0,1092,2,71,1
1,0,0,0,1,1,1,0,0,0,525,1,24,0
1,0,2,0,6,6,1,1,0,0,662,3,62,1
2,0,1,2,5,6,3,0,2,0,648,8,68,1
0,0,2,1,4,1,1,0,0,0,606,4,46,0
1,0,0,0,1,1,0,0,0,0,324,0,4,0
6,0,0,2,4,5,2,1,0,2,385,3,99,1
0,0,0,0,1,1,0,0,0,0,431,1,26,0
2,0,0,1,6,0,0,0,0,0,868,6,37,0
1,0,0,0,0,0,0,0,0,0,174,1,7,0
2,0,0,0,3,1,0,0,0,0,691,4,31,0
3,1,1,0,5,6,0,1,2,2,669,5,80,1
3,1,2,0,6,6,5,0,2,0,1038,5,58,1
1,0,0,0,0,1,0,0,0,0,606,1,8,0
1,0,1,2,4,1,1,0,0,0,907,5,41,0
0,0,0,2,6,6,3,0,0,0,1003,7,87,1
1,0,0,0,0,0,1,0,0,0,181,1,0,0
1,0,0,0,1,0,1,0,0,0,269,0,11,0
2,2,2,0,3,5,0,0,0,0,537,7,50,1
0,0,0,0,0,1,0,0,0,0,108,1,9,0
1,0,0,0,0,1,0,0,0,0,334,1,15,0
0,0,0,0,0,1,1,0,0,0,406,0,11,0
1,0,2,2,1,0,0,0,0,0,1001,5,48,0
1,0,1,2,5,3,1,0,0,0,1641,1,92,1
5,1,1,1,2,6,1,0,1,2,272,3,75,1
4,2,2,2,2,6,5,0,2,1,520,8,70,1
4,0,2,1,2,5,0,0,1,1,330,3,77,1
4,0,2,0,2,2,1,1,2,0,961,5,63,1
1,1,0,0,4,0,0,1,0,0,223,6,69,1
2,2,2,2,6,3,3,1,0,0,1411,8,64,1
4,0,1,0,2,0,4,0,0,2,769,6,68,1
5,2,2,2,0,2,5,1,2,0,218,3,75,1
1,0,0,0,0,1,0,0,0,0,416,0,11,0
0,0,0,0,0,0,0,0,0,0,608,1,15,0
4,2,1,0,2,1,5,1,2,0,160,5,66,1
2,2,0,1,5,4,5,0,1,0,1032,8,54,1
0,0,1,2,1,2,0,1,0,0,310,1,46,0
0,0,0,0,0,0,0,0,0,0,147,1,29,0
3,0,0,0,6,0,1,0,0,0,759,3,46,0
2,1,0,2,2,0,4,0,0,0,557,8,53,1
1,0,0,0,0,1,1,0,0,0,496,1,5,0
0,0,2,1,0,2,0,0,0,0,398,4,41,0
4,0,1,1,4,3,1,0,0,0,939,0,94,1
1,0,0,0,0,1,0,0,0,0,877,1,29,0
5,1,0,0,4,1,3,1,0,0,1557,4,94,1
0,0,0,0,0,1,1,0,0,0,569,0,11,0
0,0,2,1,0,4,4,0,1,2,367,3,74,1
1,0,0,1,6,1,1,0,0,0,425,7,37,0
0,0,0,0,0,0,0,0,0,0,898,1,34,0
0,0,0,0,0,1,1,0,0,0,421,1,19,0
1,0,0,0,0,1,1,0,0,0,574,1,15,0
0,0,0,0,0,1,0,0,0,0,320,1,15,0
0,0,0,0,0,1,1,0,0,0,625,0,18,0
2,1,0,0,3,6,3,0,0,1,308,2,86,1
0,0,0,0,0,0,0,0,0,0,302,1,15,0
0,0,2,2,2,6,0,0,0,0,232,3,47,0
3,0,0,1,0,0,3,0,0,2,987,6,82,1
0,0,2,1,1,2,1,0,1,0,673,7,63,1
0,0,0,0,0,1,1,0,0,0,521,1,19,0
0,0,0,0,1,1,0,0,0,0,314,0,7,0
4,0,2,2,6,0,3,1,1,2,1700,7,82,1
2,0,2,1,3,2,0,0,0,0,153,5,44,0
1,0,1,0,6,3,4,1,2,0,426,1,76,1
2,0,0,0,1,1,0,0,0,0,882,3,31,0
3,1,0,0,1,4,2,1,2,0,1540,5,73,1
4,0,2,0,6,6,3,1,0,1,177,1,72,1
0,0,0,0,0,0,1,0,0,0,100,1,7,0
1,0,1,2,1,6,2,0,0,0,1301,2,78,1
0,0,0,1,5,5,3,0,1,1,760,2,99,1
1,0,0,0,1,1,0,0,0,0,675,1,20,0
0,0,0,0,1,1,1,0,0,0,230,0,28,0
0,0,2,0,1,4,2,0,2,2,313,7,93,1
1,0,0,0,0,0,1,0,0,0,427,0,18,0
0,0,1,0,2,1,1,0,1,1,1711,1,81,1
0,0,1,1,5,3,1,1,1,1,819,8,92,1
0,0,1,2,5,6,0,0,0,0,1024,1,48,0
1,0,0,0,0,1,1,0,0,0,153,0,4,0
0,0,1,0,5,0,0,0,0,0,792,7,43,0
0,0,2,0,4,3,1,0,0,1,520,3,90,1
2,2,1,1,1,0,0,1,2,0,1225,7,52,1
0,0,0,0,1,0,1,0,0,0,189,1,19,0
5,2,1,0,0,0,1,0,2,1,267,7,84,1
1,0,0,0,1,1,1,0,0,0,371,0,14,0
4,1,0,1,3,2,1,1,0,1,1000,7,82,1
0,0,0,0,6,1,0,0,0,0,254,1,33,0
1,0,0,0,1,0,0,0,0,0,496,1,10,0
3,2,0,1,2,0,3,0,2,2,1158,2,68,1
1,0,0,0,0,0,0,0,0,0,297,0,15,0
1,0,0,0,0,1,0,0,0,0,521,0,5,0
2,1,2,0,0,3,4,1,2,1,665,8,76,1
0,0,0,1,1,1,4,0,0,0,1252,1,58,1
2,2,1,1,2,3,5,1,2,2,1068,0,100,1
1,0,0,0,1,0,1,0,0,0,139,1,22,0
2,0,0,0,5,3,1,0,0,0,862,0,42,0
1,0,1,1,6,3,0,0,0,0,566,2,43,0
2,0,0,1,6,1,1,0,0,0,846,6,38,0
5,0,0,1,1,6,3,1,2,1,215,8,77,1
0,0,0,0,1,1,0,0,0,0,636,0,20,0
0,0,0,0,0,0,0,0,0,0,133,1,22,0
1,0,0,0,0,1,1,0,0,0,521,1,6,0
3,2,0,2,0,1,2,1,2,0,1013,2,64,1
4,2,1,1,1,6,2,0,1,0,156,6,60,1
0,0,0,0,0,0,0,0,0,0,446,0,6,0
2,0,0,0,3,0,0,0,0,0,585,2,34,0
1,0,0,1,4,6,2,1,1,1,814,7,82,1
0,0,0,0,3,1,1,0,0,0,698,1,32,0
1,0,0,0,1,1,0,0,0,0,346,0,0,0
1,0,2,1,6,2,1,0,0,0,711,3,43,0
0,0,0,0,0,1,1,0,0,0,243,0,19,0
3,1,1,1,3,3,5,0,2,2,1271,3,83,1
2,0,2,0,5,4,1,0,0,0,834,8,43,0
0,0,0,2,4,0,1,0,0,0,199,7,38,0
1,0,0,0,0,1,0,0,0,0,327,1,16,0
1,0,0,0,1,1,1,0,0,0,366,1,28,0
0,0,0,2,4,4,4,0,1,0,498,8,59,1
1,0,0,0,1,1,0,0,0,0,254,0,15,0
1,0,0,0,1,1,0,0,0,0,423,0,25,0
0,0,1,2,1,2,5,0,0,1,660,3,99,1
6,0,2,0,3,6,0,0,2,1,1397,6,97,1
3,1,1,0,0,4,1,1,0,0,759,8,51,1
0,0,0,0,0,0,0,0,0,0,810,1,24,0
0,0,0,0,3,1,0,0,0,0,166,0,39,0
1,0,0,1,5,1,1,0,0,0,1009,2,38,0
1,0,1,0,1,6,1,0,0,0,139,3,43,0
0,0,0,0,0,0,0,0,0,0,226,1,28,0
5,0,1,2,2,6,4,0,2,0,1455,1,91,1
0,0,2,0,3,3,3,0,2,1,1071,2,83,1
0,0,0,0,1,1,0,0,0,0,778,1,26,0
4,2,0,1,6,0,4,0,1,0,317,7,79,1
0,0,0,0,1,0,1,0,0,0,820,1,25,0
0,0,0,0,4,1,0,0,0,0,804,7,37,0
0,0,0,0,5,0,0,0,0,0,1111,2,42,0
0,0,0,0,0,1,0,0,0,0,567,1,11,0
1,0,0,0,0,0,0,0,0,0,995,0,33,0
1,0,0,2,2,1,0,0,0,0,197,0,37,0
0,0,0,0,0,1,1,0,0,0,324,1,1,0
0,0,1,0,0,3,3,1,1,1,1512,7,93,1
1,0,0,2,5,0,1,0,1,0,1088,7,53,1
1,0,0,0,1,0,0,0,0,0,594,1,23,0
1,0,0,0,1,0,0,0,0,0,367,1,14,0
0,0,0,0,1,0,1,0,0,0,438,0,1,0
2,2,2,2,3,1,4,0,0,0,421,8,61,1
3,0,0,1,2,1,2,1,0,0,1138,3,60,1
3,1,0,0,3,3,4,1,0,1,1015,5,70,1
1,0,0,0,0,0,1,0,0,0,522,0,15,0
4,0,0,2,4,5,2,0,2,2,1034,5,71,1
0,0,0,1,2,4,1,1,0,0,1026,1,46,0
0,0,0,0,0,1,1,0,0,0,398,1,12,0
0,0,0,1,1,6,5,1,0,1,1351,3,89,1
0,0,0,0,1,0,1,0,0,0,295,1,24,0
1,0,0,0,0,0,1,0,0,0,568,0,13,0
0,0,2,1,6,4,3,0,2,0,1284,2,63,1
6,0,0,1,5,4,4,1,2,1,957,3,93,1
1,0,0,1,2,1,0,0,0,0,241,6,35,0
5,2,2,1,6,5,4,1,2,2,1233,3,77,1
0,0,0,0,1,1,0,0,0,0,827,0,25,0
4,2,2,1,5,0,2,1,2,0,1268,6,64,1
5,2,1,1,6,0,4,0,0,1,397,0,86,1
0,0,1,0,2,5,2,0,0,2,1706,4,85,1
0,0,0,0,1,1,0,0,0,0,730,0,26,0
5,2,1,0,4,6,5,1,2,2,196,6,95,1
3,0,2,1,4,0,0,1,0,0,515,7,49,0
1,0,0,0,0,0,1,0,0,0,559,0,28,0
0,0,0,2,4,0,3,0,1,1,1239,4,87,1
0,0,0,0,1,0,1,0,0,0,577,0,16,0
0,0,0,0,1,0,1,0,0,0,351,1,5,0
1,0,0,0,0,0,0,0,0,0,617,0,9,0
3,0,1,0,1,5,2,1,1,0,701,3,53,1
4,2,1,2,6,6,5,0,0,2,808,7,96,1
2,0,0,0,4,0,0,0,0,0,798,5,30,0
0,0,1,1,4,5,1,0,0,0,1158,5,48,0
4,1,1,0,2,5,1,1,2,0,296,2,65,1
4,2,0,2,0,1,5,0,2,1,1811,1,98,1
1,0,0,0,0,0,0,0,0,0,570,1,26,0
0,0,0,0,0,0,0,0,0,0,506,1,4,0
0,0,1,1,3,3,5,1,1,1,134,6,71,1
0,0,2,2,4,0,5,0,2,0,832,8,86,1
1,0,0,0,1,0,1,0,0,0,548,1,13,0
0,0,0,2,1,1,5,1,2,0,704,2,50,1
2,0,0,2,5,1,0,0,0,0,666,8,38,0
0,0,0,0,0,0,1,0,0,0,650,0,18,0
0,0,0,2,5,1,0,0,0,0,522,8,39,0
0,0,0,0,0,0,1,0,0,0,298,0,18,0
0,0,0,0,1,0,1,0,0,0,787,0,23,0
0,0,0,0,1,1,1,0,0,0,465,2,32,0
5,0,0,1,4,0,1,1,1,1,772,4,85,1
4,0,2,2,2,6,2,1,0,0,741,3,88,1
1,1,1,1,1,5,5,1,1,1,1012,5,100,1
2,1,2,0,1,5,4,0,1,0,1925,8,99,1
1,0,0,0,0,0,0,0,0,0,619,0,25,0
4,1,2,0,0,4,2,1,2,0,849,6,74,1
1,0,0,0,0,1,0,0,0,0,506,1,28,0
0,0,2,2,1,6,4,0,1,0,426,2,64,1
4,2,0,2,5,3,2,0,0,1,574,1,72,1
1,0,0,0,1,0,0,0,0,0,630,5,33,0
3,0,1,0,0,5,1,0,0,0,1167,4,49,0
2,2,2,2,1,3,5,1,1,2,1438,1,94,1
2,1,0,2,3,2,2,1,1,2,113,8,66,1
1,0,0,0,0,0,0,0,0,0,626,1,17,0
0,0,0,0,0,0,1,0,0,0,716,0,27,0
1,1,1,2,0,3,5,1,1,0,1309,2,84,1
3,0,0,0,1,4,4,0,0,2,1149,0,82,1
1,0,0,1,1,4,3,0,2,2,1455,4,73,1
0,0,0,0,1,1,1,0,0,0,274,0,10,0
1,0,2,2,4,2,1,1,1,0,240,3,52,1
3,0,0,0,0,1,1,0,0,0,297,2,48,0
4,2,0,2,4,6,0,0,1,0,366,8,60,1
1,0,0,0,1,1,0,0,0,0,457,1,0,0
1,0,0,0,1,1,0,0,0,0,535,0,29,0
1,0,0,0,6,0,0,0,0,0,390,8,32,0
2,0,0,2,5,6,0,0,2,0,114,6,52,1
1,1,1,1,0,1,3,1,1,2,967,5,83,1
2,2,1,0,3,4,4,1,0,1,1245,8,78,1
2,1,2,1,6,5,3,0,2,0,343,3,61,1
1,0,0,2,3,6,2,0,0,0,896,0,57,1
0,0,0,0,1,1,0,0,0,0,165,1,11,0
1,0,0,0,0,0,1,0,0,0,510,1,28,0
4,0,0,2,3,3,0,0,2,2,685,3,91,1
0,0,0,0,0,0,1,0,0,0,222,0,4,0
0,0,0,0,1,1,1,0,0,0,785,1,20,0
1,0,2,2,0,0,4,1,2,0,1245,5,51,1
1,0,0,2,1,3,1,0,0,0,109,4,44,0
1,0,0,0,0,0,1,0,0,0,448,0,22,0
2,2,2,1,5,3,3,1,0,1,1039,7,65,1
0,0,0,1,0,3,5,0,2,2,570,5,75,1
2,2,2,0,5,6,2,0,1,0,290,6,52,1
5,1,0,2,1,3,2,1,0,2,651,2,86,1
5,0,1,2,1,1,5,0,1,0,569,3,95,1
2,0,0,0,2,0,0,0,0,0,222,1,31,0
5,1,2,0,6,6,4,0,1,1,1371,5,86,1
4,1,1,0,6,4,2,1,0,0,1281,2,63,1
1,0,0,0,1,0,1,0,0,0,301,0,6,0
0,0,1,2,0,0,5,0,1,0,1289,1,58,1
1,0,2,1,1,4,1,0,0,0,342,4,41,0
4,1,1,0,3,3,1,1,2,0,862,5,60,1
2,1,0,2,1,4,5,0,0,0,652,3,51,1
3,1,0,0,6,5,1,1,0,0,963,7,71,1
1,0,0,0,1,1,1,0,0,0,675,0,17,0
0,0,0,0,6,2,3,0,1,0,785,4,50,1
2,0,2,2,6,2,1,0,0,0,943,1,46,0
2,0,2,0,4,4,0,0,0,0,682,5,44,0
2,0,2,1,6,5,1,0,0,0,1010,1,41,0
2,0,1,2,1,6,0,1,0,0,963,6,48,0
0,0,0,0,0,1,0,0,0,0,421,1,9,0
2,2,1,2,5,3,2,1,1,2,1302,8,83,1
3,0,0,0,1,5,1,1,2,0,263,3,57,1
1,0,0,0,0,0,0,0,0,0,584,0,21,0
1,0,0,0,0,0,1,0,0,0,416,0,3,0
1,0,0,0,1,0,0,0,0,0,390,1,10,0
1,0,2,0,0,0,5,1,1,1,1056,8,80,1
2,0,0,0,3,0,0,0,0,0,705,7,34,0
5,2,2,1,4,5,5,1,1,1,1205,3,80,1
1,0,0,0,1,1,1,0,0,0,366,0,11,0
0,0,0,0,4,0,1,0,0,0,393,7,38,0
0,0,1,1,0,6,3,1,2,0,114,8,68,1
1,0,1,2,3,3,0,0,0,0,898,6,47,0
1,0,0,0,0,1,0,0,0,0,629,1,28,0
2,0,0,2,4,1,1,0,0,0,292,1,36,0
0,0,0,0,1,0,1,0,0,0,732,1,23,0
2,0,0,0,4,1,0,0,0,0,428,0,34,0
0,0,0,0,0,0,0,0,0,0,388,1,19,0
1,0,0,0,0,0,0,0,0,0,254,0,16,0
1,1,1,1,6,6,3,1,1,0,164,5,63,1
0,0,0,0,0,1,1,0,0,0,173,1,10,0
0,0,0,0,1,1,0,0,0,0,224,0,23,0
3,0,0,2,0,1,1,0,0,0,1167,3,49,0
3,2,1,1,1,5,5,0,2,0,1225,8,60,1
1,0,0,0,1,1,0,0,0,0,469,0,15,0
1,0,0,2,3,2,0,0,1,2,345,6,85,1
0,0,0,0,0,1,0,0,0,0,480,1,31,0
0,0,0,0,3,0,1,0,0,0,877,0,31,0
1,0,0,0,0,0,0,0,0,0,349,0,7,0
2,0,2,1,6,3,0,0,0,0,121,6,40,0
1,0,1,0,3,5,1,1,0,0,1103,3,45,0
1,1,1,2,3,2,4,0,0,2,417,7,72,1
1,0,0,2,2,1,0,0,0,0,894,8,37,0
1,0,0,2,6,2,0,1,0,0,229,8,48,0
1,0,2,2,3,6,0,1,0,0,760,6,49,0
2,0,0,2,5,0,0,0,0,0,513,1,82,1
1,0,0,2,5,6,3,1,2,0,1377,4,62,1
1,0,0,0,0,0,0,0,0,0,576,0,6,0
3,0,1,2,0,2,4,1,1,2,219,4,83,1
0,0,1,0,1,4,0,0,2,0,1188,6,67,1
0,0,0,0,0,0,1,0,0,0,208,1,24,0
3,2,2,1,0,1,1,1,2,1,1446,2,86,1
4,1,1,1,4,2,2,1,2,1,762,3,68,1
4,0,1,2,5,2,2,1,1,1,100,0,72,1
2,0,0,0,4,0,1,0,0,0,106,4,36,0
0,0,0,0,1,0,1,0,0,0,666,0,28,0
0,0,0,0,1,1,0,0,0,0,241,1,12,0
1,0,0,1,6,2,0,1,0,0,545,1,46,0
2,1,0,1,6,5,5,0,2,2,715,0,92,1
6,2,1,0,6,0,2,1,1,1,1877,1,93,1
1,0,2,2,3,0,2,0,1,2,1256,2,98,1
2,0,2,0,1,0,1,0,0,0,1094,7,41,0
4,2,2,0,1,3,2,1,0,0,788,1,96,1
4,2,0,2,3,2,0,1,2,0,989,2,60,1
1,1,2,0,3,3,5,0,2,2,1606,8,97,1
0,0,0,0,0,1,1,0,0,0,431,1,31,0
1,0,0,0,1,1,1,0,0,0,295,1,14,0
2,0,2,0,6,2,0,0,0,0,816,7,44,0
1,1,0,0,1,5,2,0,2,0,330,0,79,1
2,0,0,0,1,1,0,0,0,0,451,1,31,0
1,0,0,1,0,1,0,0,0,0,857,8,39,0
0,0,0,0,1,1,0,0,0,0,811,0,27,0
0,0,1,0,0,2,0,1,0,0,208,7,48,0
0,0,1,2,2,5,5,1,0,0,699,6,83,1
1,0,0,0,0,1,1,0,0,0,711,0,29,0
0,0,0,0,1,0,0,0,0,0,353,1,23,0
1,0,1,2,1,0,1,0,0,0,820,5,42,0
2,0,2,1,6,0,5,1,1,0,1236,4,80,1
0,0,0,0,1,1,0,0,0,0,189,1,28,0
4,2,2,0,3,1,4,0,1,1,1339,5,66,1
1,0,2,0,4,4,5,0,0,0,732,8,57,1
1,0,0,0,0,0,1,0,0,0,169,0,17,0
1,0,0,0,0,0,1,0,0,0,523,1,23,0
1,0,0,2,6,1,0,0,0,0,897,3,38,0
0,0,0,0,0,0,1,0,0,0,680,0,13,0
1,0,2,0,2,0,5,1,0,2,1338,7,76,1
5,1,0,1,3,3,1,0,0,0,166,6,91,1
0,0,1,0,5,5,1,0,0,0,999,7,97,1
2,1,0,1,3,6,0,1,2,1,907,8,88,1
0,0,1,1,6,0,1,1,2,0,1242,6,67,1
0,0,1,1,3,2,2,1,0,1,702,0,66,1
4,0,1,2,3,0,5,0,0,2,1525,8,88,1
1,0,0,0,1,1,1,0,0,0,125,0,17,0
1,1,0,1,2,5,5,0,2,0,353,1,58,1
1,0,0,0,1,0,1,0,0,0,623,0,14,0
3,0,0,0,2,4,0,0,0,0,396,2,48,0
5,0,1,1,2,5,3,1,2,0,340,2,98,1
0,0,0,0,1,0,1,0,0,0,609,1,25,0
0,0,0,0,4,5,3,1,1,1,262,0,69,1
2,0,0,0,2,0,0,0,0,0,289,2,31,0
1,0,0,0,0,0,0,0,0,0,441,1,7,0
0,0,0,0,3,1,0,0,0,0,682,8,42,0
1,0,0,0,1,0,0,0,0,0,406,1,22,0
3,0,0,1,6,4,0,1,0,0,1064,2,47,0
1,0,0,0,1,1,0,0,0,0,314,0,15,0
0,0,0,0,1,1,1,0,0,0,424,1,13,0
4,2,1,0,4,4,3,1,1,0,1348,3,67,1
2,0,0,0,0,3,5,0,2,0,1737,6,90,1
0,0,1,2,6,5,1,0,2,0,512,4,52,1
0,0,0,0,2,1,1,0,0,0,885,0,32,0
1,0,0,0,1,1,0,0,0,0,279,0,14,0
1,0,2,1,3,6,0,0,0,0,378,7,42,0
1,0,0,0,1,1,1,0,0,0,157,1,19,0
2,2,2,0,1,4,5,1,1,0,405,4,72,1
1,0,0,0,1,0,1,0,0,0,195,0,3,0
6,1,2,1,5,0,2,1,0,1,1896,3,100,1
3,0,1,0,4,2,0,0,0,0,866,0,47,0
1,0,1,2,0,6,3,0,0,1,1090,8,99,1
1,0,0,0,6,0,0,0,0,0,310,0,39,0
3,2,2,0,0,2,0,0,1,0,1056,0,58,1
1,0,0,0,0,1,0,0,0,0,428,0,13,0
1,0,0,0,1,1,1,0,0,0,787,0,24,0
0,0,0,0,1,1,0,0,0,0,115,8,34,0
0,0,2,1,4,2,2,0,2,1,1275,3,65,1
0,0,0,0,1,1,1,0,0,0,151,0,21,0
1,0,0,0,0,0,1,0,0,0,127,0,3,0
3,0,2,2,4,5,5,1,2,0,828,4,54,1
0,0,2,2,6,4,0,0,0,0,1053,2,42,0
1,0,0,0,0,1,1,0,0,0,576,1,11,0
0,0,0,0,0,1,1,0,0,0,501,0,29,0
5,1,1,1,3,0,0,1,0,1,1080,7,89,1
1,0,0,0,1,0,0,0,0,0,515,0,21,0
2,0,2,0,6,2,1,0,0,0,510,6,41,0
2,0,0,0,1,0,1,0,0,0,493,1,30,0
0,0,2,2,3,6,1,0,0,0,800,8,43,0
1,0,2,2,0,5,5,1,0,2,1320,7,88,1
2,0,0,1,1,2,1,0,0,0,171,1,41,0
4,1,1,1,5,5,0,0,0,0,1289,0,87,1
1,0,1,2,2,3,4,1,0,0,1495,5,96,1
2,0,0,2,2,1,1,0,0,0,191,0,38,0
4,1,0,1,0,2,4,0,0,2,1246,5,78,1
1,0,0,0,0,0,1,0,0,0,704,1,14,0
2,2,1,1,3,3,4,0,2,0,1072,2,80,1
1,0,0,0,1,1,0,0,0,0,395,0,24,0
0,0,0,0,0,0,0,0,0,0,598,1,17,0
0,0,0,0,0,1,1,0,0,0,718,1,17,0
1,1,2,1,4,6,3,1,1,0,480,6,79,1
0,0,2,0,5,4,2,1,2,2,851,0,77,1
1,0,0,0,1,0,1,0,0,0,453,0,4,0
1,0,0,0,1,0,0,0,0,0,351,1,18,0
5,2,2,0,5,5,4,1,2,0,803,8,80,1
0,0,1,2,3,4,5,1,1,1,1734,4,99,1
0,0,0,0,5,1,1,0,0,0,162,7,37,0
1,0,2,1,6,5,4,0,1,1,268,2,74,1
0,0,1,0,4,2,2,1,0,0,328,2,64,1
5,0,2,1,2,6,1,1,2,0,1093,2,75,1
0,0,0,0,4,6,1,1,1,1,587,7,67,1
5,0,0,2,5,6,2,0,2,1,1647,1,92,1
0,0,0,0,1,1,1,0,0,0,254,1,6,0
6,2,0,1,5,5,3,1,1,0,1186,6,95,1
1,0,0,0,1,1,1,0,0,0,371,0,1,0
1,0,0,0,1,1,1,0,0,0,376,1,12,0
1,0,0,0,1,1,0,0,0,0,299,1,12,0
5,0,1,2,0,5,0,0,0,1,300,8,86,1
1,0,0,0,1,0,1,0,0,0,357,0,13,0
0,0,0,0,0,0,0,0,0,0,406,0,4,0
0,0,2,0,3,5,5,0,0,2,477,4,90,1
1,0,0,2,0,1,1,0,0,0,887,6,37,0
5,1,1,0,6,0,2,0,1,1,781,0,88,1
1,0,0,0,1,1,0,0,0,0,603,3,33,0
3,0,2,1,0,1,4,1,0,2,1417,1,78,1
2,0,0,0,0,4,5,1,1,0,138,7,56,1
0,0,0,0,0,1,1,0,0,0,255,1,19,0
0,0,1,1,3,6,5,0,2,0,562,0,50,1
3,0,0,2,4,2,1,1,0,0,920,0,49,0
5,0,1,2,6,2,0,1,1,2,515,2,80,1
0,0,2,0,2,5,3,0,2,2,835,7,70,1
1,0,0,0,0,0,0,0,0,0,297,0,10,0
4,0,1,1,0,6,4,1,1,2,1808,7,92,1
0,0,0,0,1,0,1,0,0,0,503,0,2,0
0,0,2,2,4,3,5,0,2,0,577,1,51,1
0,0,0,0,1,0,1,0,0,0,416,0,4,0
2,0,0,0,5,0,0,0,0,0,276,0,31,0
0,0,0,1,4,0,0,0,0,0,937,1,39,0
1,0,0,0,0,0,0,0,0,0,536,1,14,0
5,1,1,0,5,4,4,0,1,0,1665,0,94,1
1,1,0,0,2,1,3,0,2,1,1233,2,75,1
1,0,0,0,6,6,5,1,0,0,132,7,56,1
0,0,0,0,0,0,0,0,0,0,390,1,10,0
3,2,0,0,1,5,2,1,1,0,457,0,88,1
1,1,2,0,5,6,2,1,1,0,1242,3,76,1
0,0,0,0,0,1,0,0,0,0,575,0,24,0
0,0,0,0,0,0,1,0,0,0,609,2,35,0
0,0,0,0,0,1,1,0,0,0,314,1,20,0
1,0,0,0,4,1,0,0,0,0,206,0,32,0
1,0,0,1,4,0,0,0,2,1,1313,5,68,1
1,1,0,0,2,1,0,0,2,0,944,3,53,1
1,0,0,1,4,3,0,1,0,0,396,3,48,0
3,0,1,1,1,3,5,0,2,1,652,3,78,1
0,0,0,2,4,0,1,0,0,0,379,1,42,0
3,1,0,1,1,2,4,0,2,0,1352,2,59,1
4,0,0,1,6,4,3,0,2,1,1047,4,73,1
1,0,0,0,0,0,1,0,0,0,322,0,1,0
1,0,1,0,0,3,5,0,1,2,907,7,75,1
0,0,1,0,0,4,0,1,0,0,834,4,89,1
2,0,0,0,0,0,1,0,0,0,785,4,30,0
1,0,0,0,0,1,1,0,0,0,241,1,20,0
1,0,0,0,1,0,0,0,0,0,494,1,23,0
0,0,1,1,5,4,4,0,2,0,1370,5,67,1
0,0,0,0,3,2,3,0,1,1,458,8,94,1
0,0,0,1,1,4,0,1,2,2,1539,3,90,1
5,0,1,1,2,4,5,1,1,0,229,5,96,1
1,0,1,2,4,6,0,0,0,0,1062,8,44,0
4,1,1,2,2,6,5,0,0,1,278,1,86,1
1,1,0,0,1,2,0,0,1,0,408,3,50,1
0,0,1,2,4,1,3,1,1,1,1420,0,66,1
0,0,0,0,0,0,1,0,0,0,521,5,37,0
5,1,1,2,5,5,4,1,1,1,1261,2,83,1
0,0,0,1,1,1,1,0,0,0,395,0,39,0
1,0,0,0,1,1,0,0,0,0,733,0,18,0
4,1,0,0,6,5,5,0,0,0,339,0,91,1
2,0,0,1,2,2,0,0,0,0,310,8,40,0
0,0,1,0,2,3,4,0,2,1,348,0,90,1
3,0,1,1,1,0,5,1,2,0,705,7,51,1
2,0,0,2,1,1,1,0,0,0,805,1,37,0
3,0,0,2,4,0,2,0,1,2,1822,3,93,1
2,0,1,0,4,5,1,0,1,0,500,0,57,1
1,0,0,0,0,1,0,0,0,0,602,1,10,0
4,2,0,2,2,3,1,1,1,1,863,0,77,1
1,0,0,1,2,1,0,0,0,0,320,7,36,0
3,1,1,0,6,5,3,1,0,2,1324,1,94,1
0,0,0,0,1,1,1,0,0,0,167,1,18,0
0,0,0,0,1,1,1,0,0,0,279,1,11,0
4,0,0,0,6,3,2,1,0,1,1809,4,90,1
4,2,1,0,0,6,0,0,1,0,714,7,63,1
1,0,0,0,1,0,1,0,0,0,350,0,15,0
1,0,0,0,1,0,1,0,0,0,695,1,15,0
3,1,2,2,3,5,0,1,2,2,1278,0,72,1
0,0,0,0,4,0,0,0,0,0,427,7,33,0
1,1,0,0,2,2,3,1,0,1,697,8,88,1
0,0,2,0,6,0,4,0,2,1,747,4,81,1
2,0,0,0,5,1,0,0,0,0,647,5,34,0
0,0,0,0,0,1,1,0,0,0,596,1,18,0
0,0,0,0,1,4,0,0,0,0,485,8,43,0
5,2,2,2,4,5,0,1,1,0,338,2,78,1
1,0,0,0,1,1,1,0,0,0,171,1,2,0
4,1,0,2,2,0,5,0,0,0,1521,2,76,1
1,1,0,0,1,0,3,0,0,0,1686,7,88,1
3,0,0,0,0,6,5,0,1,0,618,0,96,1
1,0,0,0,0,0,0,0,0,0,310,0,8,0
1,0,0,0,0,0,0,0,0,0,384,1,23,0
1,0,2,2,4,1,0,0,0,0,128,8,45,0
0,0,0,0,1,0,0,0,0,0,842,0,27,0
1,0,0,0,1,0,1,0,0,0,789,0,27,0
1,0,0,0,1,1,0,0,0,0,626,0,23,0
0,0,0,1,0,4,1,1,1,0,690,8,52,1
0,0,1,1,0,3,2,1,2,2,738,7,92,1
1,0,0,0,1,1,0,0,0,0,171,1,28,0
2,0,0,2,3,5,0,1,1,2,1448,1,86,1
0,0,0,0,1,1,0,0,0,0,272,0,15,0
1,0,1,0,4,6,1,0,0,0,576,6,46,0
3,1,2,2,4,2,5,1,1,1,1465,6,92,1
4,1,0,1,0,0,2,1,1,0,572,2,62,1
0,0,0,0,0,0,1,0,0,0,447,0,3,0
1,0,0,0,1,0,1,0,0,0,736,0,22,0
0,0,1,0,2,5,3,1,2,1,1210,5,97,1
4,0,0,1,0,3,3,1,1,1,1041,0,69,1
0,0,0,0,1,0,1,0,0,0,320,0,4,0
2,0,0,1,3,0,1,0,0,0,775,8,39,0
4,2,1,1,4,6,1,0,1,1,1113,6,87,1
5,1,1,1,0,0,4,0,0,1,814,0,78,1
5,1,1,0,3,2,2,1,1,0,1454,3,97,1
0,0,0,0,5,1,0,0,0,0,804,1,31,0
0,0,0,1,1,0,1,0,0,0,138,7,39,0
3,2,2,1,2,0,5,1,2,0,748,6,84,1
3,1,2,0,6,3,0,0,1,1,1129,5,73,1
1,0,0,0,1,1,0,0,0,0,608,0,21,0
1,1,1,0,2,4,3,0,2,2,288,1,68,1
2,1,0,2,6,4,3,1,0,1,257,4,75,1
2,1,2,2,2,1,3,1,1,0,1379,8,64,1
1,0,2,2,4,6,1,1,0,0,1057,4,58,1
4,2,1,2,5,5,0,0,1,1,402,3,81,1
1,0,0,0,1,1,1,0,0,0,165,0,19,0
2,1,2,0,2,5,4,0,1,0,588,1,52,1
0,0,0,0,0,0,1,0,0,0,575,1,19,0
3,1,2,0,1,1,2,0,0,1,668,8,71,1
0,0,0,0,1,0,0,0,0,0,185,1,22,0
2,0,1,1,5,5,0,1,2,0,583,1,77,1
4,0,2,2,6,4,4,1,1,0,587,1,73,1
6,1,1,2,5,3,5,0,1,0,395,1,98,1
0,0,0,0,1,1,1,0,0,0,360,0,22,0
4,1,2,0,2,4,3,1,2,0,604,4,62,1
1,1,1,2,2,6,2,0,2,2,171,0,100,1
5,0,1,2,3,2,5,1,2,0,1195,3,88,1
3,0,1,1,2,0,1,1,0,0,428,7,56,1
2,2,1,0,2,6,0,1,1,2,945,5,80,1
3,0,0,2,2,4,0,1,1,2,1593,8,91,1
2,1,2,0,6,0,5,0,2,1,1720,2,94,1
1,0,0,0,0,1,1,0,0,0,394,0,0,0
0,0,0,0,0,0,1,0,0,0,427,1,14,0
1,1,0,2,4,6,2,1,0,0,272,6,61,1
1,0,1,1,6,4,0,0,0,0,147,8,47,0
4,2,0,0,3,1,2,0,0,1,1365,6,82,1
2,0,0,1,1,4,0,0,2,2,991,7,76,1
3,0,0,2,1,1,2,1,2,1,882,2,86,1
1,0,1,2,5,1,3,0,1,0,398,0,55,1
1,0,0,0,4,1,0,0,0,0,478,7,37,0
0,0,0,0,1,0,1,0,0,0,507,0,10,0
3,2,1,2,4,2,0,0,2,0,206,5,91,1
1,0,0,0,2,0,0,0,0,0,359,8,30,0
3,1,1,2,2,1,4,0,2,0,633,2,79,1
3,1,1,0,0,2,5,1,0,0,633,1,64,1
0,0,0,1,6,6,1,0,0,0,865,5,40,0
2,1,2,1,4,2,3,0,1,0,1106,2,55,1
3,0,0,0,0,1,1,0,1,1,434,7,71,1
0,0,0,1,2,5,4,1,1,0,1109,1,55,1
6,0,0,1,0,1,2,0,0,2,1141,4,92,1
4,0,2,0,4,6,4,0,1,0,604,7,72,1
0,0,0,1,5,5,0,1,1,2,317,5,86,1
0,0,0,0,0,1,1,0,0,0,564,1,19,0
5,0,1,0,5,4,3,1,2,2,1265,2,76,1
0,0,0,0,1,1,0,0,0,0,861,0,27,0
4,1,0,1,2,1,1,1,0,0,526,2,70,1
3,0,1,2,6,5,0,0,0,0,711,7,49,0
2,2,2,0,2,5,0,1,2,0,509,7,55,1
3,1,1,2,4,3,0,1,1,0,481,6,57,1
3,0,0,2,2,3,5,0,2,2,1561,2,80,1
4,2,2,2,0,2,3,1,0,0,1078,4,63,1
0,0,0,0,1,0,1,0,0,0,402,0,19,0
0,0,2,0,4,3,3,0,1,2,1264,4,70,1
2,0,2,0,6,4,0,0,0,0,1047,2,45,0
1,1,0,0,3,5,2,1,2,2,1031,7,100,1
2,1,0,0,1,0,5,1,2,0,988,8,79,1
0,0,0,0,1,0,0,0,0,0,187,1,2,0
3,2,2,2,5,3,2,1,2,0,908,4,58,1
0,0,0,0,0,0,0,0,0,0,214,0,11,0
1,0,0,1,5,1,5,0,1,2,1717,8,89,1
0,0,0,0,1,1,0,0,0,0,585,1,24,0
0,0,0,0,0,0,1,0,0,0,348,1,2,0
1,0,0,0,0,0,1,0,0,0,391,1,2,0
1,0,0,0,0,0,1,0,0,0,312,1,6,0
4,2,2,2,2,0,3,1,1,2,1310,7,94,1
0,0,0,0,0,1,1,0,0,0,666,0,29,0
2,0,0,0,3,1,0,0,0,0,606,5,34,0
3,0,0,1,5,1,3,1,1,0,575,8,57,1
1,0,0,0,1,0,1,0,0,0,840,1,28,0
2,1,0,2,1,2,5,0,2,0,1088,2,53,1
0,0,0,0,0,1,0,0,0,0,525,1,22,0
0,0,0,0,4,0,0,0,0,0,467,4,38,0
1,0,0,2,0,6,0,1,0,0,981,1,45,0
1,0,2,0,3,2,2,1,0,2,647,2,79,1
4,2,2,0,5,0,3,1,0,0,1700,1,88,1
0,0,0,2,0,6,1,1,0,2,698,7,71,1
4,1,2,0,1,5,2,1,0,0,1837,3,97,1
3,0,0,1,2,2,4,0,0,0,644,5,56,1
6,1,1,2,5,1,1,1,0,0,1742,6,91,1
3,1,2,2,2,0,3,0,0,0,1159,1,52,1
1,0,0,0,1,1,0,0,0,0,544,0,10,0
0,0,2,0,5,5,5,1,1,0,923,8,50,1
2,0,0,2,2,1,0,0,0,0,946,4,38,0
4,0,2,1,3,5,1,1,2,1,1428,6,67,1
1,1,0,0,4,2,3,0,2,2,681,3,99,1
1,0,0,0,1,0,0,0,0,0,128,1,11,0
1,0,0,0,5,1,0,0,0,0,849,0,30,0
2,0,2,2,2,0,0,0,0,0,1019,4,47,0
0,0,1,0,6,5,4,0,1,1,682,2,73,1
3,2,2,0,0,2,4,0,1,1,300,2,91,1
3,1,0,0,0,3,1,1,0,1,259,5,91,1
4,1,2,2,4,6,3,1,2,1,1403,6,86,1
3,2,1,0,1,4,1,1,2,0,1037,2,56,1
4,2,0,2,1,3,3,0,2,0,1244,5,90,1
1,0,0,0,0,0,1,0,0,0,685,1,15,0
0,0,0,0,0,1,1,0,0,0,291,1,5,0
1,0,0,0,6,0,0,0,0,0,902,6,37,0
1,0,0,0,1,0,0,0,0,0,519,1,6,0
0,0,0,0,1,0,0,0,0,0,313,1,0,0
2,2,1,1,6,3,3,0,0,2,1403,7,73,1
3,2,1,0,6,5,2,0,2,2,1377,6,97,1
1,0,1,1,4,0,1,1,0,0,281,2,49,0
0,0,2,2,0,5,4,0,0,2,1209,0,90,1
4,0,1,2,0,0,5,0,0,1,521,3,72,1
6,2,1,0,6,4,4,1,1,2,192,7,90,1
1,0,0,0,1,0,1,0,0,0,112,1,2,0
2,0,0,0,0,4,0,1,0,0,394,2,48,0
0,0,0,0,1,1,1,0,0,0,794,2,32,0
1,0,0,0,0,0,0,0,0,0,252,1,7,0
1,0,0,0,0,1,1,0,0,0,364,1,12,0
0,0,0,0,0,0,0,0,0,0,604,1,15,0
1,0,0,0,0,1,1,0,0,0,666,1,14,0
1,0,0,0,0,1,0,0,0,0,119,1,8,0
4,2,0,0,6,4,5,0,1,2,933,7,70,1
0,0,0,0,0,1,0,0,0,0,351,1,10,0
3,0,0,1,6,4,2,0,0,0,1087,4,71,1
2,2,1,1,6,5,1,1,0,0,1613,8,76,1
0,0,0,1,5,0,1,1,1,0,1350,8,72,1
2,0,1,2,2,6,1,0,0,0,379,3,40,0
2,1,0,1,4,2,0,0,2,0,1346,7,84,1
0,0,0,0,0,1,1,0,0,0,490,1,0,0
0,0,2,0,6,6,5,1,2,0,822,6,68,1
2,1,0,2,0,0,3,1,0,1,119,3,76,1
0,0,2,2,2,1,0,1,2,0,579,7,95,1
0,0,1,1,5,5,0,0,0,0,501,6,46,0
1,0,0,0,1,0,0,0,0,0,679,0,14,0
0,0,0,0,0,0,1,0,0,0,333,1,8,0
0,0,0,0,1,1,0,0,0,0,537,0,24,0
1,0,1,1,0,5,1,0,0,0,607,5,41,0
0,0,0,1,3,4,3,1,0,1,498,5,66,1
0,0,0,0,0,1,0,0,0,0,355,0,10,0
1,0,0,0,1,0,0,0,0,0,128,1,21,0
0,0,1,0,0,3,1,1,0,0,783,8,55,1
0,0,0,0,6,1,0,0,0,0,740,7,30,0
0,0,0,0,3,2,5,0,0,0,1005,0,74,1
2,0,0,2,3,0,0,0,0,0,793,0,38,0
0,0,1,1,0,4,3,0,2,2,1377,0,71,1
3,1,1,2,4,0,2,0,1,0,1159,5,58,1
1,0,0,0,4,5,0,0,2,0,1405,8,75,1
1,0,0,0,3,1,1,0,0,0,290,3,32,0
0,0,0,0,0,0,1,0,0,0,698,1,17,0
2,1,2,2,6,1,1,1,1,2,802,4,65,1
0,0,2,2,5,5,0,0,0,0,586,8,47,0
0,0,1,0,1,5,1,0,1,0,1467,7,71,1
5,1,2,2,2,6,4,1,2,1,957,5,88,1
0,0,0,0,1,0,1,0,0,0,324,0,20,0
1,0,1,2,1,1,3,1,2,1,520,6,81,1
0,0,0,0,1,0,0,0,0,0,466,0,23,0
0,0,1,1,1,5,4,1,0,0,507,3,71,1
0,0,0,0,2,0,1,0,0,0,967,8,36,0
0,0,0,0,1,0,0,0,0,0,963,4,31,0
0,0,0,0,0,1,0,0,0,0,446,0,12,0
1,0,0,0,2,1,0,0,0,0,1063,8,39,0
3,2,0,0,1,1,1,0,2,1,1522,5,79,1
2,0,1,2,1,0,0,0,0,0,974,8,40,0
0,0,0,1,1,0,1,0,0,0,993,2,37,0
4,1,0,2,0,6,3,0,0,2,894,8,65,1
3,0,2,1,1,2,1,1,0,0,1113,7,47,0
2,0,0,0,3,0,0,0,0,0,324,3,34,0
1,1,0,1,3,3,4,0,1,0,621,8,57,1
0,0,0,0,0,1,1,0,0,0,631,1,10,0
0,0,0,0,1,1,1,0,0,0,561,1,29,0
3,1,1,1,2,3,0,0,1,0,578,4,55,1
0,0,0,1,6,4,4,0,1,0,301,1,82,1
1,0,0,0,0,0,1,0,0,0,301,1,9,0
1,0,0,0,5,1,0,0,0,0,822,2,32,0
5,2,2,1,0,6,2,1,1,1,930,0,96,1
4,0,1,0,1,5,5,0,1,0,578,8,60,1
4,1,2,1,2,6,0,1,0,1,1529,6,75,1
1,0,0,0,1,0,1,0,0,0,242,0,26,0
2,0,0,0,3,1,1,0,0,0,330,6,39,0
3,2,2,1,2,4,0,0,0,0,414,5,54,1
4,2,2,1,3,1,3,0,2,1,485,7,72,1
1,0,0,0,1,1,0,0,0,0,275,0,13,0
4,0,0,2,4,3,0,0,0,0,890,4,86,1
0,0,0,0,1,0,1,0,0,0,158,1,26,0
0,0,1,1,3,1,0,0,2,1,1079,1,66,1
1,0,0,0,2,3,1,0,0,0,735,3,49,0
3,1,0,0,1,3,0,1,2,0,605,8,64,1
2,0,1,1,3,4,0,0,0,0,286,4,42,0
3,1,2,2,6,2,3,0,1,0,467,6,82,1
3,2,0,2,4,0,3,0,0,0,423,4,58,1
4,1,2,0,5,5,5,0,1,1,1660,8,80,1
1,0,0,0,0,0,1,0,0,0,519,1,15,0
1,0,0,0,0,0,1,0,0,0,127,0,21,0
5,2,2,1,3,2,5,1,0,1,177,0,81,1
0,0,0,0,5,0,1,0,0,0,786,7,32,0
3,0,0,2,5,1,5,1,0,0,1064,4,62,1
0,0,0,0,0,0,0,0,0,0,401,0,20,0
3,0,0,2,6,0,5,1,0,1,833,2,68,1
0,0,0,0,0,1,0,0,0,0,750,0,27,0
2,0,1,0,4,0,0,1,0,0,513,3,49,0
1,0,0,0,0,3,0,0,0,0,790,3,47,0
5,0,0,0,6,6,5,0,2,0,190,6,87,1
0,0,1,2,5,1,4,0,2,1,976,1,65,1
0,0,0,0,0,1,1,0,0,0,277,0,29,0
2,0,1,0,3,1,0,1,2,0,855,0,51,1
0,0,0,0,1,1,1,0,0,0,204,0,8,0
0,0,0,0,4,1,1,0,0,0,794,2,32,0
0,0,2,2,2,6,1,0,0,0,238,5,42,0
1,0,0,0,1,0,0,0,0,0,219,0,2,0
0,0,0,2,3,6,1,0,0,0,867,7,78,1
0,0,0,0,3,0,0,0,0,0,343,7,37,0
2,0,1,1,5,6,0,1,2,1,1637,0,94,1
1,0,0,0,1,0,0,0,0,0,652,0,29,0
1,0,2,1,4,2,1,1,2,0,232,7,85,1
0,0,0,0,0,0,0,0,0,0,228,0,8,0
0,0,0,0,0,0,1,0,0,0,578,1,22,0
0,0,0,0,0,1,0,0,0,0,720,0,21,0
1,0,0,2,3,0,1,0,0,0,983,7,38,0
1,0,0,0,1,1,0,0,0,0,582,1,10,0
3,0,1,0,6,3,3,0,1,0,1200,2,54,1
1,1,1,1,2,3,2,1,2,2,1084,1,70,1
0,0,2,1,1,1,0,0,0,0,108,0,42,0
2,1,1,1,3,5,2,1,1,0,730,1,64,1
0,0,1,2,1,1,3,1,2,0,813,8,52,1
3,2,2,1,5,0,5,1,1,2,605,3,90,1
0,0,2,2,5,0,5,0,1,0,1339,7,61,1
1,1,0,2,4,5,1,0,0,0,1419,6,87,1
0,0,1,0,6,3,2,1,2,0,1191,6,50,1
2,2,1,2,6,0,0,1,0,1,529,6,75,1
2,0,0,1,0,0,0,1,2,1,1440,4,89,1
3,0,0,1,1,5,1,0,1,0,1129,1,93,1
1,0,0,0,5,1,1,1,1,0,1002,1,57,1
1,0,1,0,3,0,2,0,1,0,1299,3,81,1
3,2,0,0,0,2,0,0,0,0,532,8,61,1
1,0,0,0,1,1,1,0,0,0,487,1,0,0
3,1,1,2,2,2,1,1,2,1,875,0,77,1
2,0,0,0,3,6,1,0,0,0,152,1,45,0
2,2,0,1,3,4,5,1,2,1,1452,3,67,1
1,0,0,0,0,1,0,0,0,0,476,1,0,0
3,0,2,1,3,5,4,0,1,1,1075,1,86,1
3,1,2,0,5,1,4,0,0,1,1731,1,93,1
2,0,0,2,6,1,0,0,0,0,1017,7,38,0
1,0,0,0,0,0,0,0,0,0,274,0,14,0
1,0,0,0,0,0,1,0,0,0,492,1,13,0
1,0,0,0,1,0,0,0,0,0,647,1,28,0
1,0,0,0,0,0,1,0,0,0,486,1,11,0
5,2,1,0,1,2,0,1,0,0,282,5,83,1
4,0,2,0,4,2,1,1,1,2,1609,0,94,1
0,0,0,2,4,0,1,0,0,0,533,5,39,0
2,2,0,2,5,4,4,0,0,1,118,8,98,1
2,0,1,0,3,5,3,0,2,0,680,2,58,1
5,2,0,2,2,2,4,0,1,2,1275,7,95,1
1,1,1,2,3,0,2,0,2,0,1600,3,80,1
5,0,0,1,5,3,2,0,0,2,903,5,89,1
3,1,1,1,0,4,5,1,1,0,499,8,54,1
0,0,1,2,6,6,0,1,1,0,435,2,50,1
3,1,0,0,1,6,5,0,2,0,118,5,56,1
6,2,0,2,6,6,1,1,1,2,1823,2,92,1
0,0,0,0,1,1,0,0,0,0,583,0,7,0
1,0,0,0,1,0,1,0,0,0,350,0,15,0
0,0,0,0,1,1,1,0,0,0,710,0,15,0
5,1,2,2,5,0,3,1,1,2,1437,7,83,1
0,0,0,0,0,0,1,0,0,0,147,7,47,0
2,0,0,2,0,0,1,0,0,0,595,6,35,0
2,0,0,0,0,1,0,0,0,0,830,8,38,0
1,0,0,0,0,1,1,0,0,0,165,0,23,0
6,0,2,0,1,6,4,0,0,2,1015,5,96,1
0,0,0,0,0,0,0,0,0,0,189,1,15,0
0,0,0,2,2,2,4,0,1,2,100,3,96,1
0,0,0,2,6,1,1,0,0,0,243,7,38,0
2,2,1,2,4,4,1,0,2,0,585,0,88,1
0,0,0,0,1,0,0,0,0,0,716,0,24,0
2,1,0,2,4,3,0,1,1,1,1430,2,75,1
3,0,1,2,3,5,1,0,0,0,651,3,51,1
2,2,2,2,6,4,4,0,1,0,747,6,91,1
0,0,2,0,0,2,0,0,0,0,933,1,48,0
2,0,0,1,2,6,1,0,0,0,399,3,42,0
0,0,0,0,3,0,1,0,0,0,207,1,35,0
1,0,0,0,1,0,1,0,0,0,817,1,22,0
2,2,0,0,1,2,3,0,1,2,1488,8,70,1
4,1,1,2,1,2,0,0,2,0,392,6,70,1
2,0,2,2,2,5,1,1,2,1,474,7,72,1
3,0,2,1,2,3,0,1,0,0,278,4,45,0
2,0,2,0,0,5,1,0,0,0,1278,0,52,1
1,0,0,0,1,0,1,0,0,0,620,0,10,0
3,2,2,2,4,5,0,1,0,0,1362,3,61,1
0,0,2,2,5,2,1,0,2,1,445,8,95,1
0,0,0,0,0,1,0,0,0,0,626,1,28,0
1,0,0,0,1,1,0,0,0,0,291,0,6,0
2,0,0,2,6,6,0,0,0,0,694,4,43,0
2,1,0,0,5,5,4,1,0,0,724,8,61,1
1,0,0,0,1,0,1,0,0,0,103,1,4,0
1,0,1,0,0,2,0,0,0,0,923,5,42,0
0,0,0,0,1,1,0,0,0,0,143,0,1,0
0,0,0,0,6,5,2,0,1,0,909,5,52,1
1,0,0,1,1,1,0,0,0,0,549,7,38,0
0,0,0,0,1,1,0,0,0,0,467,0,20,0
0,0,0,0,1,0,0,0,0,0,504,1,14,0
2,0,0,2,1,3,5,1,0,1,1101,8,95,1
1,1,1,2,5,5,3,0,0,0,320,0,63,1
0,0,0,0,1,0,0,0,0,0,153,1,16,0
0,0,1,1,2,3,0,1,0,0,412,8,54,1
0,0,0,0,1,0,1,0,0,0,817,0,23,0
3,0,1,2,6,6,0,0,0,2,1388,2,85,1
0,0,0,0,0,1,0,0,0,0,380,0,29,0
1,0,0,0,0,0,0,0,0,0,152,1,18,0
2,2,2,0,1,2,3,1,0,0,1144,6,52,1
0,0,0,1,2,2,2,1,0,1,197,2,82,1
0,0,0,0,0,1,0,0,0,0,246,1,5,0
2,0,0,0,3,0,1,0,0,0,603,5,35,0
1,0,0,0,5,0,0,0,0,0,778,5,42,0
6,1,2,2,4,4,2,0,2,1,530,6,94,1
0,0,0,0,0,0,0,0,0,0,295,0,11,0
3,0,0,2,4,2,2,1,0,2,1576,2,90,1
0,0,0,0,0,1,1,0,0,0,556,1,5,0
3,0,2,2,0,3,0,1,0,0,958,8,46,0
0,0,2,1,5,1,2,0,2,0,224,3,64,1
6,1,1,2,4,6,4,0,0,1,1637,8,94,1
3,0,1,2,2,1,0,0,0,0,427,3,49,0
5,0,2,1,4,5,5,1,1,0,706,4,75,1
0,0,0,0,4,1,2,0,2,0,668,2,70,1
0,0,0,0,5,0,0,0,0,0,647,1,34,0
1,0,0,0,1,1,0,0,0,0,461,1,0,0
1,1,2,1,2,0,5,0,1,0,1596,4,92,1
1,0,0,0,0,0,1,0,0,0,769,1,22,0
5,2,2,0,6,3,1,1,1,0,1291,6,80,1
1,0,0,0,0,1,1,0,0,0,251,1,19,0
1,0,0,0,0,1,0,0,0,0,280,0,11,0
3,2,0,2,2,0,2,0,0,1,1507,3,72,1
0,0,0,0,0,1,0,0,0,0,565,1,8,0
0,0,0,0,0,0,1,0,0,0,493,0,12,0
0,0,0,0,0,0,0,0,0,0,185,1,14,0
0,0,0,0,0,0,1,0,0,0,187,0,18,0
1,0,0,0,1,0,1,0,0,0,439,1,17,0
0,0,0,0,0,1,0,0,0,0,121,0,19,0
1,0,0,0,0,1,0,0,0,0,101,0,13,0
0,0,0,0,1,1,0,0,0,0,280,1,3,0
1,0,0,0,0,1,0,0,0,0,212,0,28,0
1,0,0,0,1,0,1,0,0,0,221,1,13,0
0,0,0,0,0,0,1,0,0,0,643,1,10,0
1,1,0,2,5,2,4,1,1,0,655,7,76,1
2,1,2,0,6,0,1,0,1,0,899,7,84,1
6,1,0,0,4,3,5,1,0,0,761,2,92,1
1,0,0,0,1,1,1,0,0,0,534,1,23,0
3,2,2,1,1,6,5,0,1,1,1225,7,88,1
4,1,2,2,6,1,3,0,2,2,963,8,68,1
1,0,0,1,0,1,0,1,2,1,373,1,73,1
1,0,0,0,1,0,1,0,0,0,335,0,7,0
3,0,0,0,0,5,1,0,2,2,393,6,70,1
0,0,1,0,5,0,5,0,1,2,1882,2,93,1
0,0,0,0,1,0,0,0,0,0,225,0,3,0
1,0,0,0,0,0,1,0,0,0,480,0,1,0
4,2,1,1,3,5,2,1,2,2,127,4,95,1
0,0,0,0,0,0,0,0,0,0,615,0,14,0
1,0,0,0,1,1,1,0,0,0,392,1,1,0
1,1,0,1,0,4,3,0,2,0,920,0,90,1
1,0,0,0,0,0,1,0,0,0,588,1,28,0
5,1,1,0,0,6,2,1,0,1,322,1,83,1
1,0,0,0,1,0,0,0,0,0,388,0,9,0
0,0,0,2,0,6,2,0,2,0,1407,0,69,1
1,0,0,0,0,0,1,0,0,0,146,0,30,0
0,0,1,0,2,6,1,0,0,0,1081,6,40,0
1,1,1,2,2,1,5,0,1,0,934,8,64,1
0,0,0,0,0,1,1,0,0,0,138,1,12,0
0,0,0,0,1,0,0,0,0,0,337,0,20,0
5,0,2,0,4,4,5,1,1,0,794,4,87,1
3,0,0,2,6,5,1,0,0,0,527,1,46,0
1,0,0,0,0,0,0,0,0,0,416,0,19,0
0,0,1,0,2,1,0,1,2,0,844,5,63,1
0,0,0,0,0,1,1,0,0,0,584,1,11,0
3,2,0,0,4,3,0,1,1,1,937,2,97,1
2,2,2,1,2,0,5,1,2,0,1021,4,56,1
0,0,2,0,5,6,4,0,0,0,695,6,87,1
1,0,0,0,0,0,1,0,0,0,573,0,20,0
1,0,1,2,4,6,1,0,0,0,323,1,44,0
0,0,0,0,1,1,0,0,0,0,511,1,23,0
1,0,0,0,1,1,0,0,0,0,587,0,8,0
1,0,0,0,4,0,1,0,0,0,249,3,35,0
2,0,0,2,6,3,0,0,0,0,1058,5,40,0
3,0,0,0,6,0,5,1,1,0,616,2,55,1
0,0,0,0,0,1,1,0,0,0,183,1,10,0
3,1,2,0,5,2,1,0,0,1,800,4,91,1
0,0,0,0,1,1,1,0,0,0,586,0,21,0
3,1,2,2,3,6,0,0,0,2,1467,2,89,1
2,0,2,2,6,5,1,0,0,0,114,2,41,0
1,1,1,0,6,5,3,1,2,0,107,7,58,1
1,0,0,0,0,0,0,0,0,0,292,1,16,0
4,0,2,1,1,2,1,0,2,2,129,5,89,1
0,0,1,1,4,6,0,1,0,0,1033,6,46,0
2,1,2,1,4,6,2,0,0,0,1039,6,52,1
1,0,2,2,1,4,1,1,0,0,683,6,47,0
2,2,2,0,0,6,0,0,2,0,1362,6,81,1
1,0,0,0,0,1,0,0,0,0,396,1,13,0
0,0,0,0,1,1,0,0,0,0,300,1,27,0
1,0,0,0,1,1,1,0,0,0,107,1,15,0
1,1,1,2,2,2,3,0,0,1,166,0,100,1
0,0,0,0,1,1,1,0,0,0,187,1,3,0
2,0,0,0,3,0,1,0,0,0,948,0,30,0
3,0,2,1,5,1,3,1,2,0,995,3,73,1
0,0,0,0,0,1,1,0,0,0,666,0,12,0
0,0,0,0,0,3,0,0,0,0,743,2,41,0
0,0,0,0,1,0,0,0,0,0,332,1,3,0
0,0,0,0,0,1,0,0,0,0,648,0,23,0
6,1,1,2,0,2,0,0,2,0,1407,1,92,1
1,0,0,0,0,0,0,0,0,0,389,1,14,0
0,0,0,0,0,1,1,0,0,0,312,1,23,0
1,0,0,0,0,1,0,0,0,0,598,0,12,0
1,0,0,0,1,1,1,0,0,0,264,0,26,0
0,0,0,0,5,0,0,0,0,0,451,5,38,0
4,2,2,0,1,4,5,1,0,0,494,0,61,1
0,0,0,1,0,1,0,1,0,0,270,2,68,1
1,0,0,0,3,0,0,0,0,0,456,8,34,0
2,1,2,1,3,4,3,0,1,0,505,4,83,1
0,0,0,0,5,3,3,1,1,0,656,5,50,1
0,0,1,0,4,2,2,0,1,0,169,8,79,1
2,0,0,0,3,1,1,0,0,0,507,0,32,0
0,0,0,0,1,1,0,0,0,0,466,0,14,0
0,0,0,0,1,1,0,0,0,0,421,0,9,0
1,0,0,0,0,1,0,0,0,0,338,1,1,0
0,0,0,0,1,1,0,0,0,0,639,0,29,0
1,0,0,0,0,1,1,0,0,0,425,1,13,0
0,0,0,0,0,1,1,0,0,0,147,1,25,0
0,0,1,0,4,2,4,1,0,0,1280,0,53,1
0,0,0,2,6,0,1,0,0,0,391,2,36,0
0,0,1,2,0,0,3,0,1,0,716,4,51,1
1,0,1,0,4,6,1,0,0,0,605,0,40,0
2,2,1,1,6,5,0,1,2,0,310,0,50,1
0,0,0,0,0,0,0,0,0,0,430,1,28,0
0,0,0,0,0,0,1,0,0,0,650,0,28,0
0,0,0,0,0,2,0,1,1,2,1354,6,88,1
2,0,0,0,1,0,1,0,0,0,222,2,34,0
0,0,2,1,5,3,0,0,0,0,634,8,40,0
2,0,0,0,3,1,1,0,0,0,429,7,30,0
0,0,0,0,1,1,0,0,0,0,461,0,28,0
5,2,0,2,0,0,3,0,0,0,1473,3,84,1
3,0,1,0,2,1,4,1,1,0,1029,2,59,1
0,0,0,1,3,3,4,0,1,0,484,1,64,1
1,0,0,0,5,1,0,0,0,0,250,7,35,0
0,0,0,0,0,0,1,0,0,0,291,1,13,0
1,0,0,0,1,1,1,0,0,0,160,0,3,0
3,0,0,0,3,4,1,1,0,0,208,7,45,0
1,0,0,0,0,0,1,0,0,0,849,6,34,0
1,0,0,0,0,1,0,0,0,0,708,1,24,0
4,1,2,1,0,5,0,0,0,0,335,0,67,1
1,0,0,0,0,0,0,0,0,0,241,0,4,0
5,2,1,1,3,0,1,1,1,0,450,3,79,1
2,0,1,2,4,2,0,0,0,0,293,2,44,0
4,1,2,1,6,5,1,0,1,0,242,2,64,1
1,0,0,0,1,0,0,0,0,0,782,1,23,0
2,0,0,1,0,1,5,0,2,0,821,7,54,1
0,0,0,1,0,0,0,1,0,2,1130,2,74,1
1,0,0,1,6,5,2,1,1,2,818,8,96,1
2,0,0,0,3,1,1,0,0,0,569,0,32,0
2,0,2,1,4,6,1,0,0,0,652,8,45,0
5,0,0,1,6,1,5,0,1,1,163,3,93,1
3,1,0,2,0,1,3,0,1,2,1490,8,73,1
1,1,2,1,2,3,4,1,1,0,733,3,57,1
1,0,0,0,0,1,1,0,0,0,390,1,5,0
0,0,0,0,3,0,1,0,0,0,797,2,36,0
2,2,2,2,1,2,3,1,0,1,131,7,66,1
0,0,0,0,1,0,0,0,0,0,350,1,5,0
1,0,0,0,1,0,0,0,0,0,228,0,0,0
1,0,2,2,6,4,0,0,0,0,276,4,44,0
0,0,0,0,1,0,1,0,0,0,324,0,18,0
2,0,2,2,3,3,3,0,1,0,718,4,60,1
1,0,0,0,1,0,0,0,0,0,356,0,22,0
1,1,1,0,2,4,5,1,2,0,475,6,53,1
6,1,0,0,4,3,5,1,2,2,1559,5,100,1
2,1,1,1,3,3,0,0,1,0,281,2,59,1
2,0,2,2,2,1,4,1,0,1,357,6,78,1
0,0,2,1,6,0,0,0,1,2,319,5,85,1
0,0,2,1,5,2,0,0,2,2,1481,8,76,1
5,0,2,0,4,1,4,1,0,0,1483,2,94,1
2,0,0,1,5,0,1,0,0,0,738,3,38,0
0,0,0,0,0,0,0,0,0,0,632,0,14,0
0,0,0,0,0,1,0,0,0,0,952,8,31,0
3,0,0,1,3,3,1,0,2,0,633,7,56,1
4,0,1,0,5,0,1,0,2,2,592,2,84,1
4,0,1,1,2,2,5,0,2,1,852,4,65,1
3,2,0,1,3,6,3,0,0,0,680,7,50,1
1,0,0,0,0,1,0,0,0,0,555,0,15,0
1,0,1,2,3,2,0,0,0,0,832,8,45,0
1,1,2,2,3,4,0,0,2,0,410,5,64,1
5,2,1,1,5,6,1,1,2,1,906,1,83,1
3,1,1,2,5,1,4,1,0,2,763,5,82,1
4,1,0,0,0,6,5,0,0,0,1462,1,74,1
3,1,0,2,6,1,0,0,2,0,886,6,63,1
0,0,0,0,1,0,0,0,0,0,174,1,8,0
2,2,2,0,1,2,0,1,1,0,1405,8,97,1
0,0,0,0,1,1,1,0,0,0,795,1,25,0
0,0,0,0,0,1,0,0,0,0,188,0,28,0
5,0,0,0,6,1,0,1,1,2,1219,1,80,1
0,0,2,2,5,5,1,0,0,0,489,3,43,0
3,2,1,1,4,4,1,0,1,1,1380,6,73,1
0,0,0,0,0,1,0,0,0,0,220,1,9,0
0,0,0,0,1,0,0,0,0,0,396,1,29,0
2,0,0,0,2,0,0,1,0,0,917,0,49,0
0,0,1,2,0,0,2,1,1,0,785,0,69,1
0,0,0,0,1,0,0,0,0,0,605,0,17,0
4,2,0,1,0,3,4,0,2,1,365,4,72,1
0,0,0,1,4,1,5,1,1,1,721,3,92,1
0,0,0,0,0,0,1,0,0,0,449,0,2,0
3,0,1,1,5,1,3,1,2,0,336,7,70,1
1,0,0,0,1,0,1,0,0,0,547,0,15,0
0,0,0,0,0,0,0,0,0,0,522,8,30,0
0,0,2,0,6,0,0,0,0,1,469,4,72,1
1,0,0,0,1,0,1,0,0,0,166,1,5,0
0,0,0,1,4,1,3,1,0,0,1008,4,61,1
2,0,2,0,4,2,1,0,0,0,210,5,46,0
3,1,0,0,1,6,4,0,1,0,1232,3,52,1
1,0,0,0,0,0,0,0,0,0,550,1,15,0
0,0,0,0,1,0,1,0,0,0,384,1,14,0
0,0,0,0,2,1,1,0,0,0,119,6,38,0
3,0,0,0,1,3,0,1,0,0,1190,0,49,0
2,0,2,1,0,4,2,1,2,0,1650,0,84,1
2,0,2,1,6,3,0,0,0,0,323,8,43,0
2,0,2,1,3,4,1,0,0,0,880,7,49,0
1,0,0,1,6,5,2,0,0,2,705,5,95,1
3,0,2,1,2,2,5,1,2,2,125,1,73,1
2,0,0,2,2,1,0,0,0,0,554,7,39,0
1,0,0,0,0,1,0,0,0,0,283,1,2,0
4,0,1,0,4,0,2,1,0,1,468,4,81,1
6,1,1,1,1,1,5,0,0,2,1443,0,98,1
0,0,0,0,0,0,1,0,0,0,693,1,29,0
0,0,0,0,0,1,1,0,0,0,108,1,5,0
0,0,1,0,0,4,3,0,2,0,585,3,69,1
2,0,1,2,3,0,1,0,0,0,996,4,41,0
0,0,0,0,1,1,1,0,0,0,517,1,18,0
2,2,0,0,2,0,2,0,2,0,152,1,60,1
1,1,2,2,6,5,4,1,0,1,1293,0,77,1
5,0,1,2,0,0,1,1,2,2,348,8,84,1
1,0,0,0,1,1,1,0,0,0,199,1,6,0
1,0,0,0,1,1,0,0,0,0,566,5,31,0
0,0,1,2,3,2,0,1,2,2,256,5,95,1
3,2,0,1,6,3,1,0,2,0,1690,6,83,1
4,2,0,2,2,6,2,1,1,0,266,6,86,1
1,1,2,0,1,3,0,0,0,0,957,4,53,1
4,2,1,2,0,1,0,1,0,2,441,1,97,1
1,0,0,0,1,1,0,0,0,0,511,0,16,0
2,0,1,1,4,4,4,0,2,0,251,5,91,1
3,2,1,2,6,3,2,1,2,0,375,2,57,1
6,2,2,0,1,0,4,1,2,2,1028,6,92,1
1,0,0,2,5,4,1,0,0,0,1067,1,41,0
1,0,0,0,1,1,0,0,0,0,677,1,29,0
1,0,0,1,2,0,0,0,0,0,142,3,36,0
2,2,2,1,0,2,2,0,0,0,689,4,55,1
3,0,0,1,2,4,0,0,2,0,670,2,62,1
0,0,0,0,0,0,0,0,0,0,652,0,12,0
1,0,0,0,0,1,0,0,0,0,244,1,0,0
3,2,0,1,2,0,5,0,1,1,1110,4,93,1
0,0,0,0,1,0,1,0,0,0,180,0,11,0
0,0,0,2,2,2,3,0,2,2,744,0,93,1
0,0,0,2,5,6,5,0,2,0,116,3,55,1
1,0,0,0,0,0,1,0,0,0,581,0,17,0
1,1,1,0,1,5,0,0,0,0,989,1,62,1
4,2,0,2,1,0,3,1,2,0,878,3,62,1
2,1,2,2,1,2,1,1,2,1,1103,6,81,1
2,2,1,1,0,1,0,1,1,1,766,3,76,1
3,0,0,1,2,5,0,1,2,1,1543,2,84,1
3,1,2,1,5,1,0,1,1,2,540,6,99,1
1,0,0,0,1,1,1,0,0,0,300,1,7,0
3,1,0,1,3,5,1,1,2,0,193,4,54,1
3,0,2,0,4,1,5,0,2,0,1350,5,57,1
0,0,0,0,0,1,0,0,0,0,441,1,16,0
6,2,0,2,0,4,1,1,2,0,421,8,98,1
1,1,0,1,2,3,1,0,0,0,173,0,50,1
4,0,2,1,6,3,0,0,1,1,149,3,96,1
5,0,0,1,5,0,3,1,0,2,652,1,80,1
0,0,0,0,1,0,0,0,0,0,255,0,9,0
4,1,0,2,6,2,2,1,2,2,147,4,94,1
1,0,0,0,0,1,1,0,0,0,485,4,35,0
0,0,1,2,2,3,2,0,1,0,135,7,54,1
3,1,2,2,0,3,1,0,1,0,1015,5,93,1
4,0,2,1,2,1,5,0,0,0,1248,2,61,1
1,0,0,0,0,0,0,0,0,0,512,1,26,0
4,0,0,1,2,3,2,1,0,0,758,6,66,1
1,0,0,0,0,1,1,0,0,0,260,0,0,0
1,0,2,1,4,4,0,0,0,0,1043,1,41,0
0,0,0,0,1,4,5,0,0,0,504,7,54,1
0,0,0,0,1,1,0,0,0,0,637,1,14,0
1,0,0,0,1,0,1,0,0,0,220,1,17,0
2,0,0,2,2,1,1,0,0,0,677,2,37,0
1,0,0,0,0,1,1,0,0,0,583,1,18,0
1,0,0,0,0,0,1,0,0,0,110,1,26,0
1,0,1,0,0,2,5,0,0,0,292,8,53,1
2,0,0,2,3,4,1,0,1,0,1245,3,58,1
2,0,0,0,2,2,1,0,0,0,726,5,44,0
3,1,2,2,5,5,1,0,2,0,310,3,79,1
0,0,0,1,4,0,0,0,0,0,916,8,35,0
5,1,1,2,6,6,4,1,2,2,1469,7,75,1
0,0,0,0,0,0,0,0,0,0,193,0,26,0
0,0,0,0,1,0,1,0,0,0,179,0,18,0
1,0,0,0,1,1,1,0,0,0,409,0,17,0
2,0,0,0,3,1,1,0,0,0,823,7,30,0
2,0,2,1,4,0,0,0,0,0,668,2,45,0
3,1,2,1,5,0,4,1,2,0,813,2,55,1
1,0,0,0,1,1,1,0,0,0,209,0,3,0
2,0,0,2,0,1,1,1,0,0,1177,3,48,0
1,0,0,0,1,0,1,0,0,0,229,0,0,0
2,0,2,1,5,3,3,0,2,2,618,4,77,1
0,0,2,1,4,5,3,1,0,1,1635,8,80,1
0,0,0,0,1,0,0,0,0,0,281,0,13,0
1,0,0,0,0,0,1,0,0,0,163,1,10,0
1,0,0,0,0,0,1,0,0,0,424,0,12,0
5,1,2,0,5,3,3,0,0,0,1127,2,75,1
2,0,0,1,0,2,4,0,2,2,938,2,93,1
5,0,1,1,4,2,0,1,1,2,1526,1,81,1
3,0,0,0,1,5,0,0,1,2,1383,0,72,1
1,0,0,2,2,3,0,0,1,2,1415,3,98,1
6,2,0,1,0,3,5,1,0,1,387,5,95,1
1,0,1,0,1,2,2,1,1,0,289,7,52,1
2,0,1,2,4,3,0,0,0,0,889,2,45,0
4,0,2,1,2,5,5,1,0,1,1131,8,68,1
6,1,0,2,6,1,2,0,1,1,164,1,95,1
1,1,0,1,4,2,2,1,2,2,169,5,66,1
0,0,0,0,3,3,2,1,2,0,483,5,89,1
0,0,0,1,4,0,0,0,0,0,549,7,39,0
4,2,1,2,3,3,1,1,2,1,1330,5,75,1
3,1,0,0,6,4,0,1,1,0,651,6,61,1
0,0,2,0,2,4,5,0,2,0,366,5,75,1
0,0,1,0,6,2,3,1,0,1,101,2,100,1
0,0,0,0,1,1,0,0,0,0,289,0,25,0
1,0,0,0,0,0,0,0,0,0,801,1,26,0
1,0,0,0,0,1,0,0,0,0,341,1,0,0
1,1,2,1,6,3,5,0,0,1,363,5,89,1
1,1,1,1,6,5,5,1,2,1,1193,1,97,1
1,0,2,2,4,0,0,0,0,0,464,3,44,0
2,0,1,2,6,0,1,0,0,0,571,2,47,0
1,0,0,1,3,0,2,1,2,0,468,6,63,1
1,0,0,0,1,1,1,0,0,0,135,1,19,0
1,0,1,2,4,6,0,1,0,0,809,1,53,1
3,0,0,1,1,4,4,1,2,1,123,7,83,1
5,1,1,0,2,3,2,0,2,1,1128,5,83,1
3,2,1,2,2,0,1,1,2,1,1882,1,99,1
0,0,0,0,1,1,0,0,0,0,627,1,19,0
0,0,1,0,0,6,3,1,1,0,202,5,55,1
1,0,0,0,2,1,0,0,0,0,655,4,32,0
1,0,0,0,1,1,0,0,0,0,557,1,22,0
2,0,0,0,4,0,1,0,0,0,849,0,38,0
3,0,0,0,4,0,1,0,2,1,982,4,68,1
1,0,2,2,1,6,1,0,0,0,183,1,44,0
1,0,0,0,4,5,0,0,0,0,491,8,41,0
0,0,2,2,2,3,3,0,0,2,626,1,92,1
0,0,2,1,2,4,4,0,2,0,200,5,55,1
3,0,1,1,5,5,1,1,2,2,193,6,73,1
1,0,0,0,1,0,1,0,0,0,312,0,23,0
3,2,0,1,2,3,4,1,0,0,560,0,100,1
2,0,0,2,2,5,5,1,2,1,1400,5,90,1
3,1,2,0,2,2,2,1,1,0,1046,7,69,1
0,0,0,0,1,1,1,0,0,0,133,0,26,0
3,2,1,0,1,5,4,1,1,1,1637,5,80,1
3,0,0,2,4,1,4,1,2,0,983,6,57,1
0,0,2,2,3,1,3,0,1,2,1840,1,97,1
1,0,0,0,0,0,0,0,0,0,396,0,12,0
1,0,0,0,1,1,0,0,0,0,528,1,20,0
1,0,2,0,5,5,1,0,0,0,614,8,40,0
3,0,1,1,6,3,2,1,0,0,919,4,68,1
1,0,0,0,1,0,0,0,0,0,296,1,0,0
3,0,2,0,4,1,1,0,2,0,1268,6,53,1
1,0,0,0,0,0,1,0,0,0,450,0,2,0
0,0,2,2,6,5,1,0,0,0,430,7,47,0
1,0,0,1,5,1,1,0,0,0,700,1,47,0
0,0,0,0,1,1,0,0,0,0,450,1,3,0
0,0,0,0,3,0,1,0,0,0,263,3,30,0
0,0,2,0,5,5,3,1,1,0,244,6,59,1
2,0,0,0,4,0,0,0,0,0,549,7,33,0
0,0,1,2,6,0,2,1,2,2,1388,7,92,1
0,0,0,1,6,6,4,0,2,0,446,5,54,1
2,0,0,1,1,2,0,1,2,0,251,7,52,1
3,0,1,1,2,5,3,1,1,2,628,4,90,1
0,0,0,2,2,0,1,1,2,1,1561,4,76,1
2,0,0,0,4,1,1,0,0,0,830,7,39,0
2,0,2,2,1,1,4,1,1,1,1404,3,86,1
0,0,0,0,1,0,0,0,0,0,232,1,3,0
4,2,2,1,3,4,1,1,2,0,1302,8,92,1
2,0,1,1,6,3,0,0,0,0,991,8,40,0
1,1,1,0,5,0,2,0,1,0,522,3,61,1
1,0,0,0,0,0,1,0,0,0,610,1,19,0
0,0,2,0,2,5,0,1,2,0,774,8,72,1
1,0,0,0,0,0,1,0,0,0,353,0,8,0
2,0,0,0,1,0,0,0,0,0,806,7,32,0
0,0,0,0,1,1,0,0,0,0,294,0,22,0
1,0,0,0,0,0,0,0,0,0,349,1,16,0
0,0,1,2,0,1,3,0,1,0,270,7,59,1
0,0,0,0,0,1,1,0,0,0,682,0,25,0
3,0,2,1,6,5,1,1,0,1,933,4,74,1
1,1,2,1,4,2,5,1,1,0,1189,3,63,1
1,0,2,2,4,2,1,0,0,0,328,2,43,0
0,0,2,1,3,1,1,0,1,0,723,1,62,1
2,2,2,2,6,1,1,0,0,0,536,4,56,1
2,1,2,1,0,5,2,0,2,0,416,5,64,1
0,0,0,0,1,0,0,0,0,0,724,0,20,0
2,0,1,2,4,6,1,0,0,0,898,4,41,0
1,0,0,0,1,1,1,0,0,0,248,1,29,0
2,0,1,2,2,3,1,0,0,0,971,6,42,0
3,0,1,0,3,2,5,0,1,1,139,3,97,1
1,0,0,0,1,1,0,0,0,0,429,1,26,0
2,0,2,2,5,1,0,1,0,0,661,1,48,0
0,0,0,0,0,1,1,0,0,0,581,0,9,0
5,1,2,2,3,1,2,1,0,0,214,5,99,1
2,0,0,1,3,1,0,0,0,0,583,2,35,0
0,0,2,1,6,1,1,1,2,0,1250,1,95,1
1,1,2,2,6,5,2,1,2,0,144,2,56,1
6,0,2,2,5,2,2,1,2,0,477,5,98,1
1,1,1,1,1,5,5,1,1,0,1336,0,59,1
0,0,0,0,1,1,1,0,0,0,598,0,17,0
0,0,0,2,3,0,4,1,2,1,678,5,67,1
0,0,2,0,4,6,0,0,2,0,1275,7,81,1
5,0,0,2,3,6,2,1,1,2,411,5,78,1
0,0,0,0,1,1,1,0,0,0,121,1,9,0
2,0,2,1,0,0,1,1,1,0,630,3,73,1
2,2,1,2,5,1,4,1,2,2,412,3,74,1
1,0,1,0,0,0,4,0,0,2,813,1,98,1
1,0,0,2,1,1,1,0,0,0,267,6,41,0
0,0,0,0,1,1,0,0,0,0,240,7,34,0
1,0,0,0,0,1,0,0,0,0,489,0,15,0
3,1,0,0,6,3,4,0,0,0,458,8,57,1
4,0,0,0,0,3,5,1,2,1,950,3,74,1
0,0,0,0,1,1,1,0,0,0,620,0,26,0
0,0,1,1,3,6,0,1,1,0,734,1,58,1
2,0,2,0,5,5,3,1,0,0,662,5,55,1
0,0,0,0,0,0,0,0,0,0,165,0,5,0
1,0,0,0,0,0,0,0,0,0,400,1,17,0
3,0,1,0,1,4,1,0,1,0,432,0,79,1
1,1,1,2,2,6,2,1,0,0,152,5,63,1
1,0,0,0,0,0,1,0,0,0,123,1,3,0
4,2,2,0,1,0,0,1,0,0,959,1,97,1
1,0,0,0,1,1,1,0,0,0,237,0,14,0
1,0,0,1,2,0,1,0,0,0,772,8,39,0
0,0,1,1,5,6,0,0,0,0,549,8,46,0
0,0,0,0,0,0,0,0,0,0,513,1,16,0
0,0,0,1,1,5,5,1,1,2,1046,8,78,1
4,1,0,1,3,2,5,0,2,2,170,6,66,1
0,0,0,0,1,5,0,0,0,1,760,0,80,1
3,1,1,0,5,6,4,1,1,0,1028,4,73,1
3,0,2,1,5,6,4,1,1,0,622,5,69,1
4,1,2,0,5,6,2,1,0,0,848,6,62,1
0,0,0,0,3,6,0,0,2,2,705,2,82,1
1,0,1,1,4,0,0,0,0,0,914,8,44,0
0,0,0,0,0,0,0,0,0,0,851,1,24,0
4,0,2,2,4,0,4,1,2,0,1187,2,67,1
1,0,0,2,1,5,0,0,0,0,968,3,47,0
0,0,0,1,2,1,1,0,0,0,1015,7,35,0
2,0,2,1,0,0,2,1,0,0,1355,1,59,1
1,0,0,0,0,0,1,0,0,0,521,0,7,0
6,0,1,0,5,3,3,0,0,1,244,3,97,1
0,0,0,1,0,0,0,0,0,0,554,2,35,0
2,1,0,2,0,4,2,0,2,2,1064,3,86,1
3,1,0,2,5,4,3,0,0,2,799,4,84,1
1,0,0,0,1,0,1,0,0,0,318,0,5,0
5,1,1,0,4,0,0,1,0,2,1112,6,90,1
0,0,1,2,5,2,2,1,1,0,614,5,53,1
0,0,0,0,0,1,0,0,0,0,606,0,10,0
3,2,1,0,6,6,5,1,2,2,1258,6,75,1
4,2,1,0,4,0,4,0,2,0,340,3,77,1
3,0,1,2,5,0,1,1,0,0,1043,8,46,0
1,0,0,0,1,0,0,0,0,0,390,0,4,0
1,0,0,0,0,1,1,0,0,0,510,0,3,0
3,1,1,2,2,2,1,1,1,0,764,7,93,1
5,1,0,0,4,6,4,1,2,1,1642,5,89,1
6,0,1,0,2,2,4,0,1,1,307,1,99,1
3,1,2,1,5,1,3,0,1,2,1094,5,81,1
1,0,1,0,1,2,0,0,0,0,328,3,43,0
2,2,2,2,4,2,4,0,1,2,1524,1,74,1
0,0,0,0,0,1,1,0,0,0,249,1,25,0
2,1,0,1,0,6,5,1,2,2,268,5,68,1
1,0,0,0,0,0,0,0,0,0,783,1,28,0
1,0,0,0,0,0,0,0,0,0,215,1,3,0
1,0,0,1,1,0,4,1,1,1,1239,8,82,1
1,1,0,2,4,3,5,1,2,1,1547,5,72,1
1,0,0,0,2,1,0,0,0,0,427,8,33,0
0,0,2,0,2,6,0,0,0,0,297,8,45,0
3,2,1,0,6,6,4,0,2,1,1569,8,90,1
1,0,0,0,1,0,1,0,0,0,733,1,28,0
4,1,0,0,0,4,3,0,1,0,1076,2,63,1
1,0,0,0,0,1,1,0,0,0,128,1,8,0
1,1,0,2,3,2,4,1,1,0,576,8,55,1
1,1,0,2,0,5,2,0,0,0,230,8,52,1
1,0,0,2,6,6,1,0,0,0,1113,1,52,1
0,0,0,1,4,5,1,0,0,0,934,6,42,0
3,0,1,0,0,2,2,0,2,1,616,7,89,1
0,0,0,0,1,1,0,0,0,0,332,1,11,0
5,0,1,1,6,0,4,1,0,2,224,8,82,1
1,0,0,0,0,0,0,0,0,0,593,0,7,0
1,0,0,0,1,1,0,0,0,0,390,1,0,0
0,0,0,0,0,1,0,0,0,0,323,1,8,0
0,0,0,0,1,0,1,0,0,0,281,0,12,0
0,0,2,0,6,2,2,0,1,0,469,8,56,1
0,0,0,0,1,0,0,0,0,0,727,1,21,0
3,1,0,2,4,0,2,0,1,0,389,3,58,1
1,1,0,1,0,3,5,0,2,0,286,5,62,1
4,2,2,2,4,3,4,0,1,1,377,7,67,1
1,1,2,1,3,3,3,0,1,0,1106,1,97,1
2,0,1,2,3,2,1,0,0,0,905,4,41,0
5,2,0,2,6,0,1,0,1,2,1631,8,98,1
1,0,0,0,0,0,0,0,0,0,410,1,22,0
1,0,0,0,0,1,0,0,0,0,620,1,24,0
5,0,0,0,3,1,1,1,0,2,516,7,87,1
0,0,0,0,0,1,0,0,0,0,805,0,26,0
0,0,0,0,5,1,0,0,0,0,499,3,37,0
3,0,0,0,1,4,0,1,0,0,965,4,47,0
1,0,0,0,1,0,1,0,0,0,523,1,26,0
0,0,0,1,2,0,1,0,0,0,142,7,35,0
0,0,0,0,0,0,0,0,0,0,262,1,16,0
0,0,0,0,1,0,1,0,0,0,507,1,8,0
2,1,2,1,0,6,0,1,0,0,1236,7,68,1
0,0,0,0,0,1,1,0,0,0,211,0,25,0
0,0,0,0,1,0,0,0,0,0,880,0,29,0
1,0,0,0,4,1,1,0,0,0,856,2,30,0
0,0,0,2,2,0,4,0,0,0,799,4,56,1
1,0,0,0,1,0,0,0,0,0,500,1,22,0
1,0,0,0,0,0,0,0,0,0,742,0,19,0
2,0,2,1,0,6,1,0,0,0,242,3,42,0
4,1,2,0,1,4,2,0,0,2,233,6,77,1
4,0,2,2,1,5,2,1,0,0,312,3,66,1
1,0,0,0,0,0,1,0,0,0,493,0,0,0
0,0,0,0,0,0,1,0,0,0,685,1,28,0
2,0,0,2,3,1,0,0,0,0,799,7,36,0
2,1,2,1,3,1,3,1,0,0,687,2,78,1
2,0,0,1,5,0,1,1,0,0,394,0,49,0
3,2,2,0,3,1,5,1,0,0,931,6,58,1
3,2,1,1,3,3,2,1,1,0,916,2,53,1
4,0,0,0,5,1,4,0,2,2,1705,5,92,1
3,1,2,1,1,3,1,1,0,0,1211,7,59,1
2,0,0,1,0,0,0,0,0,0,445,8,38,0
1,0,0,0,1,0,1,0,0,0,124,0,20,0
1,0,1,2,5,4,0,1,0,0,505,2,49,0
2,1,0,2,1,6,3,1,2,0,1186,0,52,1
0,0,0,0,0,6,0,1,0,1,830,3,86,1
1,0,1,0,2,4,2,1,1,1,1540,2,95,1
1,0,0,0,6,0,0,0,0,0,267,6,37,0
1,0,0,0,0,1,1,0,0,0,355,0,15,0
1,1,0,0,1,3,3,1,1,0,1671,0,84,1
5,1,1,2,4,1,3,0,1,2,1260,5,75,1
0,0,1,0,1,1,1,0,0,0,906,2,43,0
0,0,0,0,1,1,0,0,0,0,463,1,14,0
1,0,0,0,0,1,1,0,0,0,198,1,2,0
0,0,1,0,0,5,1,1,1,1,986,5,66,1
1,0,0,0,1,0,1,0,0,0,382,0,5,0
0,0,0,0,0,1,1,0,0,0,304,1,16,0
3,0,0,2,5,2,1,1,0,0,851,8,48,0
3,1,2,1,1,2,5,1,2,0,1101,4,100,1
0,0,0,0,3,0,1,0,0,0,982,8,34,0
0,0,0,0,0,0,0,0,0,0,176,0,14,0
0,0,0,2,6,1,0,0,0,0,119,0,47,0
6,1,2,0,1,4,5,1,2,1,1709,1,94,1
0,0,2,0,1,5,0,0,0,2,287,0,78,1
1,0,0,2,0,3,2,0,1,0,504,7,55,1
5,0,1,1,5,5,4,0,1,0,1139,0,77,1
0,0,0,0,0,1,0,0,0,0,293,0,10,0
0,0,0,1,6,1,1,1,2,2,707,6,89,1
2,0,1,1,6,2,5,0,2,0,114,4,64,1
0,0,0,0,0,0,1,0,0,0,452,0,36,0
3,0,2,2,3,0,5,0,1,2,1679,5,79,1
5,2,2,0,4,2,5,1,1,1,1620,7,89,1
3,0,1,1,2,4,0,0,0,0,449,0,47,0
2,1,1,1,2,6,3,1,1,1,412,2,88,1
6,1,1,0,6,1,2,1,2,0,918,5,94,1
1,0,0,0,0,0,0,0,0,0,211,0,1,0
1,0,0,0,1,0,1,0,0,0,272,0,2,0
1,0,0,0,1,0,1,0,0,0,524,1,2,0
0,0,0,0,1,1,1,0,0,0,545,0,29,0
0,0,0,0,2,5,3,1,0,0,581,8,62,1
1,1,1,0,2,5,1,1,2,0,736,6,63,1
0,0,2,1,2,5,2,0,1,2,1069,1,78,1
1,0,0,0,1,1,0,0,0,0,207,1,2,0
1,1,2,1,6,2,4,1,2,1,1530,3,88,1
1,0,0,0,0,0,0,0,0,0,600,1,16,0
1,0,0,0,0,1,0,0,0,0,419,1,2,0
1,0,0,0,1,1,0,0,0,0,560,1,10,0
1,1,2,0,2,6,0,1,0,0,1396,0,99,1
1,0,2,1,4,1,1,0,0,0,1079,5,41,0
2,2,2,0,6,6,5,0,2,0,1339,1,62,1
2,0,0,0,5,0,1,0,0,0,354,6,37,0
0,0,1,0,1,2,0,0,2,0,963,1,54,1
3,0,0,1,5,3,0,1,0,0,743,1,47,0
1,0,0,1,1,1,1,0,0,0,266,2,35,0
0,0,0,0,6,2,1,0,0,0,477,2,41,0
2,0,1,2,0,5,1,0,0,0,761,5,40,0
1,1,2,0,5,2,2,0,2,0,214,2,50,1
0,0,0,0,0,4,1,0,0,0,837,5,63,1
0,0,1,1,6,0,1,0,0,0,920,8,43,0
1,0,0,0,1,0,0,0,0,0,516,0,7,0
1,0,1,0,1,0,5,0,0,0,561,7,57,1
0,0,0,0,0,0,0,0,0,0,545,0,5,0
2,1,1,2,5,3,0,1,1,0,148,6,64,1
0,0,0,2,0,1,1,1,0,1,1537,1,70,1
2,2,0,1,1,1,4,0,2,2,1375,4,74,1
2,0,0,0,2,1,0,0,0,0,954,3,34,0
4,1,1,0,2,2,3,0,2,1,1024,0,96,1
3,0,0,0,0,3,0,0,0,0,1267,4,57,1
5,0,2,1,2,3,0,0,2,1,544,8,88,1
1,0,0,0,0,0,0,0,0,0,540,1,3,0
1,0,0,0,1,1,1,0,0,0,500,0,26,0
3,2,2,1,6,5,1,0,2,0,319,0,62,1
0,0,0,0,0,1,0,0,0,0,255,1,3,0
1,0,0,0,2,1,0,1,0,0,863,1,48,0
1,0,0,2,0,1,0,0,0,0,1020,1,35,0
0,0,0,1,3,0,0,0,0,0,1041,0,38,0
1,0,0,0,5,1,3,1,1,0,146,7,60,1
0,0,0,0,0,0,1,0,0,0,486,0,8,0
1,0,0,0,1,1,1,0,0,0,189,0,4,0
0,0,1,2,2,5,3,0,1,0,1474,4,73,1
0,0,0,0,1,0,0,0,0,0,676,1,24,0
3,0,2,2,0,2,2,0,2,1,1034,7,71,1
1,1,2,1,5,4,4,0,1,2,1409,5,69,1
1,1,1,1,2,6,2,0,2,0,1112,8,52,1
2,1,0,2,2,1,2,1,2,0,1055,7,52,1
4,2,0,0,2,4,5,0,2,1,1206,2,96,1
1,0,2,1,0,6,3,0,2,2,185,8,73,1
0,0,0,0,1,0,0,0,0,0,442,1,13,0
1,0,0,0,1,1,1,0,0,0,324,1,14,0
3,2,0,0,5,5,3,0,2,0,1566,0,95,1
0,0,0,0,5,2,1,1,1,0,528,8,64,1
0,0,0,0,0,2,0,0,0,2,246,1,81,1
1,0,0,0,0,1,1,0,0,0,777,6,32,0
1,0,0,0,1,1,1,0,0,0,206,1,1,0
3,2,2,2,0,5,3,0,1,0,754,5,54,1
1,0,0,0,1,1,0,0,0,0,316,1,3,0
3,0,1,0,3,6,0,1,1,2,288,1,87,1
2,0,0,0,6,0,1,0,0,0,488,5,31,0
2,0,0,0,3,0,1,0,0,0,417,8,30,0
5,1,0,2,3,0,0,0,2,2,1699,0,99,1
3,0,2,0,3,2,5,1,2,0,1438,0,64,1
2,0,0,0,0,1,0,0,0,0,562,4,32,0
0,0,0,0,1,1,1,0,0,0,212,0,20,0
0,0,0,0,1,1,0,0,0,0,105,1,9,0
5,2,0,1,0,2,1,0,1,2,1295,7,99,1
1,0,0,0,0,0,0,0,0,0,242,0,29,0
4,2,0,1,3,2,5,1,0,2,1175,5,94,1
4,0,1,1,0,2,3,1,0,0,278,4,81,1
2,1,1,2,1,1,0,0,0,0,1268,2,85,1
1,1,2,2,2,4,2,1,0,2,479,6,85,1
0,0,0,0,0,0,0,0,0,0,407,0,14,0
5,1,0,1,0,4,0,0,2,2,644,8,95,1
1,0,0,0,0,1,0,0,0,0,345,0,1,0
1,0,0,0,1,1,0,0,0,0,201,0,24,0
0,0,0,2,1,6,0,0,0,0,1078,8,49,0
0,0,0,0,0,1,1,0,0,0,330,1,9,0
0,0,0,1,6,3,0,0,2,0,865,6,52,1
1,0,1,2,6,4,3,0,0,0,1326,8,57,1
1,0,0,0,3,0,1,0,0,0,167,8,36,0
0,0,0,0,0,1,1,0,0,0,502,1,10,0
2,1,2,2,2,2,3,1,1,0,1307,8,59,1
4,2,2,2,1,3,2,0,2,1,801,8,87,1
4,2,0,1,5,2,2,1,2,2,566,5,66,1
0,0,2,0,2,2,0,0,0,0,945,5,41,0
3,1,1,2,3,5,5,0,2,0,704,3,66,1
5,1,2,2,4,2,1,1,2,2,455,1,87,1
5,1,2,0,1,4,5,1,0,2,1758,7,92,1
1,0,1,1,5,2,1,1,0,0,399,4,47,0
0,0,0,1,6,4,3,0,0,0,621,7,77,1
2,2,2,1,1,2,0,1,2,0,1102,1,58,1
3,1,1,0,1,1,0,1,0,0,184,1,60,1
0,0,0,2,4,1,0,0,0,0,902,1,35,0
5,1,0,0,5,4,0,0,0,1,1378,4,95,1
1,0,0,0,1,0,1,0,0,0,665,5,36,0
0,0,0,0,0,1,0,0,0,0,275,6,30,0
0,0,0,0,0,0,1,0,0,0,597,0,26,0
0,0,0,0,1,0,0,0,0,0,570,0,12,0
0,0,0,0,1,0,0,0,0,0,344,1,22,0
3,1,0,0,0,6,0,1,2,0,1009,7,55,1
1,0,0,0,1,0,1,0,0,0,310,1,19,0
2,1,0,1,4,4,3,1,2,0,520,5,55,1
0,0,0,0,1,0,1,0,0,0,312,0,18,0
1,0,1,1,1,5,1,0,0,0,1020,3,40,0
3,0,0,2,4,1,0,1,0,0,144,6,48,0
2,1,1,0,3,3,5,1,1,0,995,4,73,1
0,0,1,1,2,3,0,0,0,0,445,3,44,0
4,2,2,0,6,0,3,1,0,0,284,2,74,1
0,0,0,0,1,0,1,0,0,0,563,0,11,0
0,0,0,1,2,0,0,0,0,0,519,4,37,0
0,0,0,0,0,0,0,0,0,0,686,0,21,0
2,0,0,1,3,0,0,0,0,0,117,3,36,0
5,0,0,0,2,6,1,0,1,2,855,2,77,1
0,0,0,0,0,0,1,0,0,0,275,1,19,0
0,0,1,0,1,0,3,0,0,0,1347,5,65,1
2,1,0,1,1,5,0,0,0,2,1341,0,73,1
1,0,0,0,0,0,1,0,0,0,571,1,8,0
3,2,2,2,3,4,3,1,2,2,1571,6,86,1
2,2,1,0,4,6,3,0,0,0,250,5,96,1
0,0,0,2,3,1,1,0,0,0,406,5,38,0
1,0,0,0,1,0,0,0,0,0,210,1,3,0
5,0,1,2,6,6,5,0,2,1,911,3,99,1
0,0,0,0,0,1,1,0,0,0,598,1,18,0
3,1,0,1,1,3,0,0,0,0,307,4,59,1
0,0,1,1,3,5,1,0,0,0,702,5,47,0
4,1,0,1,0,2,2,0,1,2,439,0,65,1
0,0,0,0,1,0,0,0,0,0,621,0,12,0
4,1,0,1,3,2,4,1,1,2,768,4,80,1
0,0,2,2,0,3,1,1,0,0,1152,0,47,0
4,2,2,2,4,0,1,1,1,2,1562,7,85,1
5,2,1,0,1,6,1,0,2,1,664,6,93,1
0,0,0,0,0,1,0,0,0,0,236,0,28,0
1,1,0,1,4,4,2,0,0,0,235,2,53,1
1,0,0,0,1,0,0,0,0,0,339,0,4,0
3,0,0,2,3,6,2,1,1,1,1281,8,86,1
2,2,2,1,4,1,5,1,2,0,563,0,70,1
3,1,1,2,2,3,5,1,0,0,1311,4,55,1
0,0,0,0,6,0,0,0,0,0,964,3,32,0
1,0,0,0,1,0,1,0,0,0,522,6,31,0
2,1,0,0,1,4,3,0,1,0,216,6,53,1
3,0,1,1,0,2,2,0,1,0,582,7,51,1
3,2,0,1,3,6,1,1,0,0,1350,2,62,1
0,0,2,1,4,3,0,0,0,0,306,1,43,0
0,0,0,0,0,1,1,0,0,0,194,0,10,0
0,0,0,0,1,0,0,0,0,0,168,1,6,0
2,0,2,2,0,0,0,1,0,0,776,1,46,0
0,0,0,0,0,0,0,0,0,0,504,0,4,0
3,0,1,2,2,4,4,0,2,0,682,2,50,1
1,0,0,0,1,0,0,0,0,0,608,0,8,0
2,0,1,1,5,1,5,1,1,1,1142,4,88,1
2,0,0,2,6,1,1,0,0,0,926,3,37,0
2,0,0,1,1,0,1,0,0,0,252,2,39,0
0,0,0,0,0,0,0,0,0,0,155,1,4,0
0,0,0,0,0,1,1,0,0,0,427,0,16,0
3,1,1,0,5,5,5,1,2,0,1069,0,91,1
1,0,1,0,2,0,0,0,0,0,616,6,46,0
1,0,0,0,1,1,1,0,0,0,560,0,23,0
2,0,2,1,5,2,0,0,0,0,107,2,41,0
1,0,0,0,0,1,1,0,0,0,251,0,32,0
0,0,0,0,1,1,0,0,0,0,284,1,17,0
0,0,0,0,1,1,1,0,0,0,272,0,4,0
1,0,0,0,0,0,0,0,0,0,440,1,13,0
3,2,2,2,4,1,3,0,1,2,1310,8,67,1
2,0,0,1,0,1,1,0,0,0,118,6,37,0
5,0,1,1,3,4,4,0,1,2,556,7,75,1
1,0,0,0,5,0,0,0,0,0,784,4,33,0
2,0,2,0,0,1,3,0,1,0,104,6,50,1
0,0,0,0,1,1,0,0,0,0,356,1,6,0
4,2,0,1,4,1,4,1,0,0,896,8,98,1
2,0,2,2,1,0,5,1,0,1,1424,3,92,1
0,0,0,2,5,2,1,1,2,0,626,6,61,1
1,0,0,0,0,0,1,0,0,0,199,1,20,0
2,0,0,2,4,0,0,0,0,0,259,1,39,0
0,0,0,0,0,1,0,0,0,0,158,1,0,0
0,0,2,2,3,4,0,0,0,0,1085,4,43,0
0,0,0,1,1,3,1,1,2,0,1965,1,100,1
0,0,0,0,0,1,0,0,0,0,298,1,8,0
5,1,0,1,6,3,3,0,2,1,534,2,96,1
1,0,0,0,0,0,1,0,0,0,670,1,24,0
2,0,2,1,1,0,0,1,0,0,485,0,49,0
2,0,2,1,5,2,3,0,1,1,274,2,73,1
0,0,0,0,0,1,1,0,0,0,666,1,12,0
0,0,0,0,1,0,1,0,0,0,649,1,15,0
0,0,0,0,0,1,0,0,0,0,812,4,37,0
1,0,1,1,6,3,0,1,0,0,253,7,48,0
2,0,0,1,3,0,0,0,0,0,391,5,39,0
0,0,0,0,0,0,1,0,0,0,216,0,23,0
1,0,0,0,2,0,0,0,0,0,690,3,33,0
0,0,0,1,2,6,4,0,2,2,1282,8,74,1
2,0,0,2,2,0,1,0,0,0,870,0,38,0
1,0,0,0,5,1,1,0,0,0,858,0,39,0
0,0,0,0,0,0,0,0,0,0,588,0,17,0
2,1,2,0,2,1,4,0,0,0,784,2,60,1
0,0,0,0,0,1,0,0,0,0,825,0,23,0
0,0,0,0,1,0,1,0,0,0,690,0,21,0
4,0,0,1,1,4,5,1,0,0,1180,4,63,1
0,0,1,2,3,4,1,0,0,0,651,3,44,0
0,0,1,2,4,3,0,0,1,2,491,4,78,1
1,0,2,2,0,5,1,0,2,0,572,3,88,1
0,0,2,1,1,1,2,0,2,0,1434,3,95,1
0,0,1,0,2,1,3,0,0,2,1427,1,91,1
2,0,1,1,5,4,1,1,0,0,512,2,47,0
1,0,0,0,1,0,0,0,0,0,601,1,26,0
1,0,0,0,2,0,1,0,0,0,574,2,35,0
0,0,0,0,1,1,0,0,0,0,311,0,7,0
0,0,0,1,2,0,1,0,0,0,887,0,36,0
4,0,2,1,2,2,5,0,1,0,511,4,60,1
3,1,0,1,1,3,1,0,0,0,1095,6,61,1
0,0,0,0,0,1,1,0,0,0,634,1,28,0
0,0,2,2,6,2,5,1,0,0,1261,1,88,1
1,0,0,0,2,0,0,0,0,0,742,7,30,0
0,0,0,1,6,5,4,1,2,1,102,7,67,1
0,0,0,0,0,1,1,0,0,0,357,1,24,0
1,1,2,2,4,4,2,0,1,1,1379,3,75,1
1,0,0,0,0,1,1,0,0,0,582,3,31,0
2,1,0,1,4,0,5,0,0,2,380,3,68,1
0,0,1,1,4,5,0,0,2,0,1223,7,52,1
1,0,2,0,1,2,0,0,1,0,1303,6,91,1
1,0,0,0,1,0,0,0,0,0,448,0,15,0
0,0,1,2,4,5,5,0,0,1,1511,4,78,1
1,0,1,0,6,3,2,0,0,2,1293,3,69,1
2,0,1,2,2,2,3,0,0,2,299,0,73,1
2,0,0,0,1,5,0,0,0,0,504,2,85,1
1,0,0,0,5,1,0,0,0,0,733,2,37,0
0,0,0,0,0,1,1,0,0,0,527,1,4,0
0,0,0,0,0,1,1,0,0,0,107,0,19,0
0,0,2,0,5,6,1,0,0,0,273,2,47,0
0,0,0,0,0,1,0,0,0,0,545,0,27,0
1,1,2,2,5,4,5,1,1,0,1797,8,89,1
4,0,1,1,1,4,3,1,1,1,1341,3,84,1
6,0,0,1,2,3,4,1,0,2,336,2,93,1
0,0,0,0,0,1,1,0,0,0,565,0,6,0
0,0,0,0,0,0,0,0,0,0,564,0,6,0
4,2,0,0,4,4,0,1,2,2,291,4,65,1
1,0,0,0,4,0,0,0,0,0,145,6,33,0
1,0,0,2,5,0,4,0,2,0,1005,1,62,1
0,0,1,0,5,2,2,0,0,0,123,0,54,1
5,2,0,2,0,0,2,0,2,2,1299,1,99,1
0,0,0,0,1,0,1,0,0,0,480,0,10,0
5,2,2,0,5,1,2,1,1,2,335,8,100,1
2,1,1,0,0,4,1,1,1,1,1169,1,82,1
0,0,0,0,1,0,1,0,0,0,488,1,19,0
1,0,0,0,1,0,0,0,0,0,406,0,5,0
1,0,0,0,0,1,1,0,0,0,425,1,0,0
1,0,0,0,1,0,1,0,0,0,486,0,11,0
1,0,0,0,1,1,0,0,0,0,429,5,30,0
0,0,1,0,6,4,3,0,2,2,180,7,84,1
1,0,0,0,0,0,1,0,0,0,408,1,6,0
2,0,2,2,6,4,1,0,0,0,648,0,79,1
1,0,0,0,1,0,0,0,0,0,367,1,15,0
1,1,1,0,4,1,3,0,2,2,231,6,82,1
0,0,0,0,1,0,0,0,0,0,813,6,34,0
5,1,2,0,4,4,5,1,1,1,424,0,79,1
1,0,0,0,6,0,1,0,0,0,839,8,31,0
1,0,1,1,0,3,0,1,1,0,898,2,55,1
2,0,1,0,1,3,0,1,0,0,796,8,45,0
1,1,0,2,0,5,0,1,1,1,942,4,87,1
2,0,0,2,6,0,0,0,0,0,848,1,37,0
1,0,2,2,4,4,0,1,0,0,779,2,47,0
0,0,0,1,5,5,0,1,0,0,519,3,59,1
1,0,0,0,0,1,1,0,0,0,825,0,26,0
1,0,0,0,0,5,4,1,2,0,1055,1,50,1
0,0,0,2,0,5,5,0,1,0,375,6,69,1
2,0,0,1,6,0,5,0,0,2,1659,8,82,1
2,1,0,1,4,6,3,0,0,0,478,3,63,1
0,0,0,0,0,1,1,0,0,0,157,0,3,0
4,0,0,2,3,2,3,1,1,2,680,1,76,1
3,0,2,2,1,3,2,1,0,0,256,4,92,1
0,0,2,2,6,4,2,0,2,1,562,3,77,1
3,1,0,2,1,6,3,0,0,0,422,3,50,1
4,2,0,0,1,3,2,1,1,1,257,1,77,1
0,0,0,0,5,1,0,0,0,0,632,8,32,0
0,0,2,0,6,6,2,0,1,0,909,6,52,1
0,0,0,2,1,3,0,0,0,0,213,8,55,1
1,0,0,0,1,1,0,0,0,0,881,0,26,0
1,0,2,1,0,2,0,0,0,0,459,3,49,0
1,0,0,0,2,0,1,0,0,0,621,8,32,0
1,0,0,0,0,1,1,0,0,0,534,0,23,0
1,1,1,2,0,0,1,1,2,0,1180,7,79,1
1,1,1,0,3,6,5,0,1,0,534,3,99,1
2,2,2,0,0,0,5,1,1,2,1521,0,82,1
0,0,2,2,5,0,2,1,2,0,132,7,77,1
2,0,0,0,6,0,1,0,0,0,874,6,32,0
4,2,1,2,2,6,4,1,0,2,705,2,98,1
2,2,1,2,4,1,1,1,2,0,702,0,68,1
4,1,2,2,6,6,1,0,0,0,478,3,98,1
0,0,0,1,3,0,1,0,0,0,737,0,37,0
3,0,1,2,0,3,3,0,2,1,456,3,71,1
2,0,0,2,1,0,1,0,0,0,786,5,39,0
1,0,2,2,6,0,2,0,1,1,1459,1,83,1
1,0,0,0,1,0,0,0,0,0,515,1,18,0
1,1,2,1,0,6,4,1,2,1,805,6,69,1
0,0,0,2,3,6,3,0,2,2,398,3,80,1
2,2,1,0,2,6,1,1,1,2,405,3,67,1
2,2,1,2,0,6,0,0,1,0,102,0,75,1
4,1,2,1,3,0,0,0,1,2,513,1,85,1
0,0,0,0,1,0,0,0,0,0,167,1,10,0
0,0,0,1,5,4,0,1,0,1,935,2,67,1
4,0,2,1,5,3,5,0,0,2,854,3,80,1
2,1,0,1,3,3,4,1,1,0,219,7,81,1
1,0,0,0,1,0,0,0,0,0,452,0,17,0
0,0,2,2,6,3,3,0,0,2,1532,1,71,1
6,1,0,1,4,5,4,1,0,0,506,3,98,1
1,0,0,1,2,5,1,0,1,0,921,1,58,1
0,0,0,0,6,1,5,0,0,0,1334,2,59,1
1,0,0,0,0,0,1,0,0,0,221,1,0,0
1,0,0,0,1,1,1,0,0,0,224,0,16,0
1,0,0,0,0,1,1,0,0,0,370,0,27,0
1,1,0,0,6,3,2,0,0,1,664,4,92,1
0,0,0,0,1,0,1,0,0,0,525,0,6,0
3,2,0,0,3,5,3,0,0,0,253,0,50,1
0,0,0,0,1,0,0,0,0,0,743,0,20,0
2,0,0,0,3,0,1,0,0,0,852,7,33,0
5,2,2,1,1,6,3,0,2,0,1895,1,100,1
1,1,1,0,2,1,4,1,2,0,1109,8,65,1
5,1,1,2,0,3,3,0,1,1,583,6,92,1
1,0,1,0,3,4,1,0,2,0,469,3,66,1
2,1,2,0,0,3,5,1,0,1,1204,7,80,1
1,0,0,0,1,0,0,0,0,0,635,0,13,0
0,0,0,0,1,1,1,0,0,0,140,1,9,0
1,0,0,0,4,1,0,0,0,0,262,2,30,0
1,0,0,0,0,0,1,0,0,0,468,1,4,0
2,2,0,1,4,2,5,0,2,0,272,4,64,1
1,0,2,2,4,3,0,0,0,0,1003,1,44,0
1,0,0,2,3,3,1,1,0,0,501,8,45,0
5,0,0,2,3,2,3,0,2,0,1573,7,98,1
4,2,1,1,4,1,4,1,2,0,1118,2,63,1
1,0,0,0,0,1,0,0,0,0,644,1,16,0
4,0,1,2,1,5,5,0,1,0,1524,4,87,1
1,0,0,0,1,1,1,0,0,0,451,1,3,0
0,0,2,0,1,2,4,0,2,1,867,4,72,1
0,0,0,0,4,1,1,0,0,0,707,6,32,0
0,0,0,0,1,1,0,0,0,0,753,0,25,0
1,1,1,0,6,1,4,0,1,1,436,4,81,1
1,0,0,0,0,1,1,0,0,0,282,1,10,0
1,0,2,0,3,4,0,0,0,0,803,8,49,0
5,1,0,0,6,4,0,1,1,1,152,7,77,1
2,1,2,1,0,4,2,1,2,1,635,3,66,1
0,0,0,0,1,0,0,0,0,0,157,1,0,0
3,0,0,0,4,6,5,1,2,0,651,0,76,1
1,0,0,0,0,1,1,0,0,0,190,1,11,0
1,0,0,0,2,1,0,0,0,0,209,3,37,0
1,1,2,0,6,3,3,0,0,1,1016,5,93,1
0,0,0,0,1,0,0,0,0,0,245,0,5,0
1,0,0,0,0,1,1,0,0,0,415,0,4,0
4,2,1,2,0,4,5,0,1,0,656,5,89,1
0,0,0,0,1,1,0,0,0,0,240,1,16,0
3,1,0,1,6,6,4,1,1,2,1005,4,71,1
0,0,0,0,3,1,1,0,0,0,858,4,38,0
2,2,2,1,2,6,2,1,0,2,363,4,69,1
0,0,2,1,2,0,1,0,0,0,419,4,78,1
1,0,2,2,1,0,0,0,0,0,337,5,47,0
0,0,0,0,2,2,1,0,0,0,134,8,40,0
1,0,0,0,0,0,1,0,0,0,410,1,26,0
4,2,1,1,4,4,5,1,0,1,554,6,66,1
3,2,1,2,3,1,5,0,0,0,850,8,57,1
5,0,1,1,1,0,4,0,0,2,1212,1,94,1
1,0,0,0,1,4,1,0,2,1,1378,1,94,1
1,0,0,0,0,0,0,0,0,0,312,1,7,0
1,0,2,2,3,2,0,0,1,0,927,8,62,1
0,0,0,0,2,3,3,1,1,2,843,8,90,1
2,1,0,1,1,6,4,0,1,0,1366,1,80,1
3,1,2,2,1,5,0,1,0,2,472,7,65,1
1,0,0,0,0,0,1,0,0,0,320,0,15,0
1,0,0,1,1,1,1,0,2,0,943,2,56,1
1,0,0,0,1,0,1,0,0,0,341,0,12,0
0,0,0,0,2,1,0,0,0,0,908,8,30,0
1,0,0,0,1,1,1,0,0,0,225,1,26,0
5,1,2,2,3,1,1,1,1,0,140,5,92,1
1,0,0,0,4,1,0,0,0,0,284,7,33,0
4,1,0,0,4,1,3,0,0,0,778,3,77,1
4,1,2,1,5,0,1,1,2,1,383,8,85,1
1,0,0,0,6,5,0,0,1,1,211,8,66,1
0,0,0,0,0,0,1,0,0,0,667,1,24,0
5,1,2,2,4,6,4,1,1,2,531,5,77,1
4,1,0,0,5,4,3,0,0,0,135,4,85,1
0,0,0,1,5,0,1,0,0,0,212,7,38,0
1,0,0,0,0,0,0,0,0,0,123,0,8,0
4,0,2,2,5,2,5,0,0,1,507,7,82,1
2,0,0,2,4,0,0,0,0,0,726,3,35,0
1,0,0,0,1,0,0,0,0,0,451,1,0,0
0,0,0,0,0,1,0,0,0,0,254,0,11,0
0,0,0,0,0,0,1,0,0,0,519,1,14,0
5,0,0,0,4,6,5,0,0,0,883,6,96,1
0,0,0,0,0,0,0,0,0,0,132,1,13,0
1,0,0,0,1,0,0,0,0,0,737,0,17,0
1,0,0,0,0,1,1,0,0,0,272,0,4,0
0,0,1,2,5,6,2,0,0,1,460,1,68,1
1,0,0,0,0,1,0,0,0,0,445,0,11,0
2,0,0,2,2,3,1,0,2,0,1534,5,73,1
2,0,1,0,6,5,0,0,0,0,539,5,44,0
1,0,0,0,0,0,0,0,0,0,564,0,16,0
1,0,0,0,0,1,1,0,0,0,662,1,18,0
2,1,1,0,1,6,0,1,0,2,419,0,69,1
1,0,0,0,0,1,0,0,0,0,470,0,18,0
1,1,1,0,1,4,4,0,1,0,274,6,61,1
0,0,0,0,1,6,2,0,1,0,754,4,54,1
0,0,0,0,0,1,0,0,0,0,355,0,20,0
0,0,0,0,1,1,1,0,0,0,677,1,15,0
3,0,1,2,0,2,1,1,0,0,861,4,47,0
1,0,1,1,6,0,1,1,1,0,989,0,54,1
0,0,0,0,0,0,0,0,0,0,139,0,14,0
1,0,0,0,0,0,1,0,0,0,304,1,3,0
0,0,0,1,4,0,4,0,2,0,1763,5,97,1
0,0,2,0,6,5,0,1,2,0,224,7,57,1
0,0,0,0,0,1,1,0,0,0,204,0,10,0
1,0,0,0,0,1,0,0,0,0,124,1,6,0
2,0,1,1,1,6,1,0,0,0,333,3,46,0
0,0,0,0,1,0,1,0,0,0,372,1,3,0
3,2,1,2,2,3,0,0,0,0,1249,0,57,1
0,0,2,0,4,3,0,0,0,0,1000,4,42,0
3,1,0,0,2,4,0,0,0,0,1072,0,55,1
0,0,0,0,1,1,1,0,0,0,317,0,4,0
1,0,0,2,4,0,0,0,0,0,914,1,39,0
1,0,0,0,1,1,0,0,0,0,567,1,6,0
0,0,0,0,1,0,0,0,0,0,520,1,4,0
0,0,0,2,5,0,2,0,0,1,1350,8,73,1
1,0,0,0,1,1,1,0,0,0,427,0,4,0
0,0,1,2,3,5,0,1,1,2,1239,4,82,1
1,0,0,0,1,0,0,0,0,0,321,1,13,0
0,0,0,1,3,1,0,0,0,0,338,2,36,0
2,1,0,0,5,5,4,1,2,2,333,7,97,1
0,0,0,0,1,0,1,0,0,0,438,0,1,0
0,0,0,0,1,0,1,0,0,0,519,0,3,0
0,0,0,0,1,0,0,0,0,0,128,1,13,0
0,0,0,0,0,1,1,0,0,0,250,0,12,0
1,0,0,0,0,1,0,0,0,0,172,1,10,0
1,0,0,0,4,0,0,0,0,0,876,1,33,0
2,2,2,2,1,4,3,1,1,0,123,8,57,1
0,0,0,0,0,1,0,0,0,0,528,1,22,0
1,0,2,0,6,6,0,0,0,0,962,3,40,0
0,0,1,2,3,0,0,0,0,0,1146,7,48,0
4,1,0,2,5,3,4,0,1,2,1640,6,86,1
3,2,2,0,2,0,4,1,0,2,341,4,74,1
1,0,0,0,0,1,1,0,0,0,145,1,11,0
1,0,1,1,5,6,5,0,1,2,872,5,70,1
1,0,0,0,1,0,1,0,0,0,146,1,13,0
5,1,2,1,3,4,1,1,2,1,152,4,89,1
2,0,0,1,0,1,4,1,0,0,890,2,57,1
1,0,0,0,0,1,1,0,0,0,655,0,20,0
0,0,0,0,1,1,0,0,0,0,414,0,0,0
1,1,1,1,1,6,4,1,2,0,1279,1,55,1
0,0,0,1,0,1,0,0,1,0,434,3,54,1
3,0,0,0,3,5,3,0,1,0,609,0,91,1
1,0,0,0,4,0,1,0,0,0,440,0,32,0
1,0,0,0,1,1,1,0,0,0,248,1,21,0
0,0,0,0,1,1,0,0,0,0,297,1,15,0
0,0,0,2,3,1,0,0,0,0,581,7,35,0
0,0,2,1,4,4,4,0,2,2,1593,0,95,1
3,2,0,0,2,0,3,1,1,0,1158,1,51,1
1,1,2,0,3,5,3,1,2,1,1362,8,100,1
1,1,2,2,4,3,2,1,2,1,1510,1,79,1
1,0,2,1,2,6,0,0,0,0,213,1,41,0
1,0,0,2,6,3,2,0,2,1,1522,0,78,1
0,0,0,1,0,3,0,0,0,0,565,8,44,0
6,2,1,0,3,2,1,1,2,2,357,1,96,1
4,1,1,1,4,0,3,1,0,0,150,4,65,1
1,0,0,0,1,0,0,0,0,0,400,1,17,0
2,0,2,2,4,3,1,1,0,0,940,0,48,0
1,0,1,0,0,6,1,0,0,0,422,6,41,0
3,0,1,1,4,0,1,1,0,0,753,3,46,0
0,0,0,0,1,0,0,0,0,0,478,1,24,0
3,0,2,0,6,3,2,1,0,0,322,6,51,1
2,2,2,1,1,0,0,1,0,0,342,2,80,1
1,0,0,0,0,1,1,0,0,0,589,1,19,0
1,0,0,0,6,1,0,0,0,0,499,0,39,0
0,0,0,0,0,1,0,0,0,0,194,1,13,0
2,2,2,2,3,0,0,0,0,0,1071,8,64,1
3,2,1,2,1,1,0,0,2,0,833,7,50,1
0,0,1,0,5,3,2,0,2,1,255,2,100,1
0,0,0,0,4,2,1,1,1,0,980,5,93,1
4,2,1,2,0,3,4,1,2,0,854,4,89,1
1,1,0,0,5,4,5,0,2,1,618,5,65,1
2,0,0,2,3,2,2,1,1,2,1056,5,96,1
1,0,0,0,1,1,1,1,1,2,1359,7,94,1
4,2,0,1,3,6,3,0,0,2,701,2,87,1
1,0,0,2,4,3,5,0,0,0,1072,5,62,1
0,0,0,2,6,3,1,0,1,1,1563,3,91,1
1,0,0,0,0,1,0,0,0,0,236,0,4,0
0,0,1,0,0,6,0,0,0,0,241,6,42,0
3,2,1,2,0,6,3,1,0,0,671,4,56,1
2,0,0,0,2,1,1,0,0,0,537,0,32,0
1,1,2,0,3,4,4,0,1,2,1231,1,68,1
1,0,0,0,0,0,0,0,0,0,374,1,1,0
4,2,1,2,5,3,4,1,2,0,1180,8,64,1
1,0,1,1,3,4,5,0,1,0,661,7,99,1
1,1,1,0,0,6,0,1,2,1,458,4,87,1
0,0,0,0,0,1,0,0,0,0,633,0,16,0
2,0,0,0,6,0,0,0,0,0,215,8,30,0
0,0,0,2,1,1,4,0,2,0,1283,8,63,1
0,0,0,0,0,0,0,0,0,0,219,0,27,0
0,0,0,0,0,0,0,0,0,0,164,1,23,0
3,1,0,0,0,4,5,1,2,0,891,1,59,1
0,0,0,0,1,0,1,0,0,0,296,0,1,0
0,0,0,2,1,1,1,0,0,0,765,3,36,0
0,0,1,1,3,6,4,0,0,1,733,6,82,1
2,2,0,0,0,1,5,0,1,1,473,0,75,1
2,0,1,2,4,3,1,0,0,0,778,0,47,0
0,0,1,2,3,3,2,0,0,0,1425,6,88,1
2,0,0,2,0,5,0,1,0,0,103,7,47,0
2,0,1,2,6,4,2,1,0,2,1359,0,69,1
1,0,1,1,4,1,1,0,0,0,873,8,47,0
4,2,2,1,1,3,4,1,0,2,579,8,92,1
0,0,2,2,5,5,3,0,1,0,162,5,55,1
3,0,1,1,6,0,4,1,1,0,1519,3,75,1
0,0,0,0,0,0,1,0,0,0,467,1,16,0
4,2,2,0,3,0,2,0,2,0,1658,5,80,1
0,0,0,0,1,1,1,0,0,0,622,1,17,0
1,0,0,0,1,1,1,0,0,0,192,0,15,0
2,1,2,0,6,0,0,0,1,0,288,6,62,1
1,0,0,0,1,0,0,0,0,0,244,1,17,0
2,0,2,0,3,0,1,0,0,0,850,4,42,0
0,0,0,0,1,1,1,0,0,0,597,0,16,0
1,0,2,0,0,6,0,0,0,0,229,5,40,0
0,0,2,0,0,5,3,0,2,0,800,6,63,1
0,0,0,1,1,0,0,0,0,0,385,7,35,0
0,0,0,0,1,1,0,0,0,0,159,0,22,0
4,2,2,0,1,5,2,1,0,0,284,2,62,1
0,0,2,1,0,3,0,0,1,0,1251,0,53,1
0,0,0,0,1,0,0,0,0,0,574,0,11,0
0,0,0,1,0,5,0,1,0,1,209,2,84,1
0,0,0,0,0,1,0,0,0,0,540,1,25,0
0,0,1,1,5,6,5,0,2,2,1708,4,87,1
2,2,1,0,6,5,1,1,1,2,1237,3,71,1
2,0,2,1,2,3,0,1,2,0,280,8,52,1
1,0,0,0,0,1,0,0,0,0,318,0,18,0
1,0,0,0,1,0,0,0,0,0,280,1,4,0
0,0,0,0,0,1,1,0,0,0,318,1,28,0
2,2,0,1,6,1,3,0,1,0,659,8,56,1
0,0,1,0,4,4,1,1,1,0,1209,8,55,1
1,0,0,0,0,1,0,0,0,0,491,1,24,0
1,0,1,1,0,3,3,1,2,0,202,6,51,1
3,0,2,1,2,0,1,1,0,0,426,3,46,0
1,0,2,0,4,2,2,0,0,1,1388,4,72,1
0,0,0,0,0,0,3,1,0,2,1506,0,93,1
1,0,0,0,1,1,1,0,0,0,155,0,18,0
0,0,0,0,1,1,0,0,0,0,422,1,21,0
0,0,0,0,5,1,1,1,1,2,831,0,89,1
0,0,0,0,1,0,0,0,0,0,263,0,1,0
0,0,2,0,2,6,1,0,0,0,1001,5,43,0
1,0,0,0,1,0,1,0,0,0,151,1,4,0
1,0,1,2,4,0,2,1,2,0,572,1,90,1
0,0,0,0,1,1,0,0,0,0,255,0,6,0
0,0,0,0,0,1,1,0,0,0,229,0,26,0
1,0,0,0,0,1,0,0,0,0,173,1,27,0
4,0,0,2,2,4,4,0,2,1,808,3,80,1
2,0,0,0,2,3,0,0,0,0,221,6,47,0
4,2,0,2,0,3,4,1,2,0,220,1,62,1
3,2,1,1,2,0,5,0,1,2,646,2,69,1
1,0,2,1,2,4,5,1,0,0,105,6,91,1
3,1,0,1,2,0,1,0,2,0,812,0,62,1
1,0,0,0,0,1,1,0,0,0,361,0,9,0
1,1,0,1,4,2,1,0,2,0,482,2,50,1
0,0,0,0,1,1,0,0,0,0,171,0,28,0
6,0,2,0,5,3,5,0,1,0,111,8,94,1
3,2,1,0,0,1,0,0,1,1,1009,3,71,1
0,0,0,0,1,1,1,0,0,0,442,1,17,0
2,0,0,0,1,4,1,0,0,0,419,2,41,0
0,0,0,1,5,6,1,0,2,0,389,7,50,1
2,0,2,0,0,2,1,1,0,0,150,2,47,0
1,0,0,0,0,0,1,0,0,0,182,0,0,0
6,2,0,0,1,3,5,0,0,2,1728,2,91,1
1,0,0,0,0,1,0,0,0,0,474,0,8,0
0,0,2,1,1,4,2,1,2,0,1227,1,55,1
4,1,2,2,3,5,3,0,2,2,292,6,93,1
4,0,2,0,6,6,2,0,1,2,1532,3,71,1
1,0,0,0,0,1,0,0,0,0,382,1,8,0
0,0,0,2,0,0,0,0,0,0,839,7,39,0
0,0,0,0,0,0,0,0,0,0,729,1,20,0
1,0,0,2,1,0,2,0,1,1,1097,4,68,1
1,0,2,2,5,0,0,1,1,2,1333,3,83,1
0,0,2,2,5,0,1,0,2,0,203,4,89,1
5,0,0,0,1,5,3,1,1,0,1524,1,91,1
1,0,0,0,5,0,0,0,0,0,895,2,31,0
0,0,1,0,3,2,3,0,0,0,217,5,64,1
6,2,0,1,3,3,2,1,2,0,1351,8,91,1
0,0,0,0,0,0,0,0,0,0,712,0,28,0
0,0,1,1,6,4,0,0,2,0,1187,3,53,1
0,0,0,0,1,0,1,0,0,0,168,1,15,0
1,0,2,0,6,6,1,0,1,0,1097,0,50,1
0,0,1,2,2,6,3,1,1,0,183,6,64,1
1,0,0,0,0,0,1,0,0,0,470,1,29,0
1,0,0,0,1,1,1,0,0,0,435,0,7,0
3,1,0,2,2,4,1,0,2,0,953,5,56,1
1,0,0,0,1,0,1,0,0,0,197,0,1,0
1,0,0,0,0,1,0,0,0,0,190,1,21,0
1,0,0,0,0,1,0,0,0,0,451,1,18,0
2,0,0,0,1,0,0,0,0,0,646,7,34,0
5,2,0,2,4,3,1,0,2,1,1556,1,76,1
4,2,2,1,2,1,1,1,0,0,1574,4,84,1
1,1,2,0,2,4,1,0,0,0,633,3,58,1
0,0,0,0,0,0,1,0,0,0,534,1,4,0
0,0,2,1,2,6,3,1,2,0,1254,4,51,1
2,1,1,2,5,5,2,1,0,0,838,3,63,1
2,2,1,1,3,3,5,1,0,0,982,3,55,1
0,0,0,0,1,1,1,0,0,0,478,0,35,0
0,0,2,1,4,0,2,0,1,2,392,5,68,1
2,2,1,1,2,6,3,0,0,0,127,7,100,1
0,0,0,0,2,0,1,0,0,0,285,6,35,0
1,0,0,0,0,1,0,0,0,0,353,0,15,0
0,0,1,1,1,5,0,1,2,0,945,3,53,1
3,0,0,2,0,0,4,0,1,2,829,2,84,1
0,0,0,0,0,1,1,0,0,0,194,1,18,0
0,0,0,1,6,5,1,0,0,0,856,2,40,0
3,1,1,2,5,5,3,0,0,0,1118,3,55,1
1,0,2,2,3,6,2,0,0,1,1047,7,82,1
1,0,0,0,1,1,1,0,0,0,292,0,16,0
0,0,1,0,5,6,0,1,0,0,999,8,59,1
0,0,0,0,1,1,0,0,0,0,137,0,8,0
1,0,0,0,0,0,0,0,0,0,416,0,19,0
1,0,2,0,0,3,0,0,0,0,718,4,40,0
0,0,0,0,0,1,0,0,0,0,606,0,29,0
0,0,0,0,0,0,1,0,0,0,418,1,4,0
2,0,0,2,6,3,0,0,0,0,154,2,44,0
3,0,1,0,5,2,4,1,2,2,536,3,73,1
0,0,0,0,0,1,0,0,0,0,730,0,18,0
4,2,0,0,2,2,3,0,1,0,364,3,66,1
3,0,2,1,0,3,3,0,0,0,1228,7,54,1
0,0,0,0,1,1,0,0,0,0,491,0,5,0
1,0,0,0,0,0,0,0,0,0,603,0,25,0
1,0,0,0,0,1,0,0,0,0,671,0,19,0
0,0,2,2,3,5,2,1,1,1,510,5,90,1
2,0,0,0,1,5,1,0,0,0,1141,0,56,1
0,0,1,0,2,4,5,0,2,2,1503,2,81,1
1,0,0,0,1,0,1,0,0,0,287,1,22,0
1,0,0,0,0,1,0,0,0,0,750,1,27,0
0,0,0,0,6,0,0,0,0,0,378,6,31,0
3,1,0,0,0,3,5,1,0,2,724,1,87,1
4,1,0,0,5,0,1,1,0,1,1453,0,83,1
2,2,1,0,4,6,5,1,2,1,890,1,65,1
2,0,1,1,0,2,1,0,0,0,357,1,40,0
0,0,0,0,1,0,1,0,0,0,374,0,22,0
1,0,0,0,1,1,1,0,0,0,117,0,9,0
3,2,0,2,2,3,4,1,1,0,223,7,73,1
0,0,0,0,0,1,0,0,0,0,322,0,0,0
0,0,2,2,3,0,1,0,0,1,250,3,85,1
1,1,2,1,3,4,4,1,1,0,1259,8,73,1
1,0,0,1,3,3,1,0,2,0,479,2,60,1
3,2,0,1,2,5,4,1,2,0,1215,6,56,1
1,0,2,0,5,5,1,0,0,0,336,1,45,0
3,1,1,0,0,4,5,1,0,0,355,2,80,1
0,0,0,0,0,0,1,0,0,0,531,0,5,0
2,1,1,1,2,4,5,1,1,1,114,0,99,1
0,0,0,0,1,1,1,0,0,0,256,1,0,0
3,1,1,1,4,3,4,1,1,0,959,3,69,1
2,0,1,2,0,2,1,0,0,0,147,6,49,0
1,0,0,0,2,0,1,0,0,0,303,0,31,0
5,1,1,2,3,4,1,1,1,0,325,5,75,1
1,0,0,0,0,1,0,0,0,0,150,1,17,0
3,2,0,0,2,2,0,0,2,0,1047,6,75,1
1,1,1,0,0,6,2,1,2,2,1246,5,86,1
3,1,1,1,5,3,1,1,1,1,698,3,78,1
2,0,0,1,6,0,1,0,0,0,726,1,39,0
1,0,2,1,2,4,3,1,0,0,652,6,50,1
0,0,0,0,4,0,0,0,0,0,329,0,33,0
2,2,1,0,4,5,3,0,2,2,1191,8,75,1
2,0,0,0,0,0,4,1,0,0,1515,2,74,1
1,0,0,0,0,1,1,0,0,0,408,1,14,0
1,0,0,0,1,1,1,0,0,0,583,0,24,0
1,0,0,0,0,2,2,1,1,1,231,2,99,1
4,0,2,0,6,0,1,1,0,0,1694,1,92,1
1,0,0,0,1,1,1,0,0,0,641,1,26,0
1,0,0,0,1,1,0,0,0,0,668,1,24,0
0,0,0,0,0,1,1,0,0,0,405,0,10,0
2,0,0,0,2,1,1,0,0,0,326,1,33,0
0,0,0,0,1,0,0,0,0,0,403,0,9,0
1,0,0,0,0,0,0,0,0,0,354,0,24,0
1,0,0,1,1,1,1,0,0,0,312,1,39,0
1,0,0,0,0,1,1,0,0,0,358,1,2,0
6,2,0,0,4,6,5,1,2,2,1937,2,100,1
2,1,2,0,1,6,5,0,2,2,1097,7,72,1
0,0,0,1,2,0,0,0,0,0,409,3,36,0
0,0,0,0,4,6,1,0,0,0,1069,0,40,0
0,0,0,0,1,1,1,0,0,0,446,0,20,0
2,2,0,0,1,1,4,0,2,0,578,0,57,1
0,0,0,0,0,1,1,0,0,0,687,0,17,0
0,0,0,0,0,0,0,0,0,0,324,0,27,0
1,0,0,0,3,1,0,0,0,0,851,1,32,0
3,1,1,0,3,6,3,0,1,2,1349,5,85,1
6,1,0,2,0,1,2,1,0,0,260,2,96,1
1,0,0,0,1,0,0,0,0,0,129,0,29,0
2,0,0,0,6,0,0,0,0,0,230,8,34,0
1,0,0,0,6,0,0,0,0,0,565,2,37,0
0,0,0,0,1,0,1,0,0,0,159,1,20,0
3,1,2,2,3,5,0,1,2,2,1515,7,92,1
1,0,1,0,4,6,0,0,0,0,1047,4,41,0
1,0,0,0,1,0,1,0,0,0,178,1,6,0
1,1,2,0,1,1,2,0,2,2,802,6,80,1
2,2,1,2,5,5,1,0,1,0,610,3,50,1
0,0,0,0,0,0,0,0,2,0,1037,8,57,1
0,0,0,0,1,1,0,0,0,0,442,0,5,0
0,0,1,2,0,6,5,0,2,0,409,5,58,1
1,0,0,0,1,0,1,0,0,0,212,1,13,0
0,0,0,0,0,0,1,0,0,0,497,1,13,0
0,0,0,0,4,1,0,0,0,0,267,0,31,0
2,0,0,0,0,3,0,1,0,0,756,4,46,0
5,1,0,0,5,5,0,0,0,1,702,4,75,1
0,0,2,2,3,4,4,1,0,0,654,7,56,1
0,0,0,0,0,1,1,0,0,0,492,1,2,0
1,0,0,0,0,1,1,0,0,0,363,0,9,0
3,2,2,0,1,4,5,1,1,0,577,4,50,1
1,0,0,0,1,1,1,0,0,0,274,0,23,0
1,0,0,1,0,3,1,0,0,0,390,2,45,0
1,0,0,0,0,0,1,0,0,0,159,0,3,0
1,0,0,0,1,4,1,0,0,0,423,6,41,0
1,0,0,0,0,1,0,0,0,0,761,1,29,0
1,0,0,0,0,0,1,0,0,0,486,0,22,0
2,0,1,2,4,0,1,0,0,0,298,3,42,0
0,0,0,0,0,0,0,0,0,0,379,0,26,0
6,0,0,2,0,1,1,0,0,0,862,4,90,1
0,0,2,0,6,3,4,1,2,1,922,4,65,1
0,0,0,0,0,1,1,0,0,0,384,0,1,0
2,0,1,0,6,6,0,0,0,0,895,2,49,0
4,1,1,2,4,3,1,1,2,1,894,6,72,1
1,0,0,2,2,0,1,0,0,0,841,2,36,0
1,0,0,0,0,0,0,0,0,0,832,1,27,0
0,0,0,0,0,0,0,0,0,0,117,1,18,0
0,0,1,0,4,2,4,0,0,1,1600,7,88,1
4,2,0,0,3,6,4,1,0,1,1304,4,65,1
4,0,2,0,4,5,1,0,2,2,140,0,73,1
1,0,0,0,1,1,0,0,0,0,855,0,28,0
0,0,0,1,1,5,1,1,0,2,911,3,90,1
0,0,0,0,1,0,1,0,0,0,283,1,12,0
2,0,0,0,1,0,1,0,0,0,666,2,31,0
1,0,0,1,3,4,5,1,0,0,1036,6,53,1
0,0,0,0,1,0,1,0,0,0,789,3,31,0
1,0,0,0,1,0,1,0,0,0,750,0,27,0
4,1,0,1,3,0,1,1,2,1,1691,1,80,1
0,0,0,0,0,0,0,0,0,0,202,0,0,0
4,0,0,2,4,6,4,0,1,0,1044,1,91,1
3,1,2,2,5,0,3,1,1,1,294,0,67,1
2,2,0,0,5,4,4,0,2,0,645,3,54,1
0,0,1,2,3,3,0,1,2,2,326,5,98,1
3,2,2,2,1,4,5,1,1,2,1118,2,75,1
5,0,2,2,1,5,3,1,1,2,1783,6,94,1
3,0,2,1,4,6,0,0,1,1,518,4,68,1
4,2,2,0,2,2,1,1,2,1,1386,0,78,1
3,2,1,0,4,6,4,0,1,1,1384,7,97,1
1,0,0,0,1,1,0,0,0,0,548,1,18,0
0,0,2,2,3,2,5,1,1,0,1245,5,62,1
4,2,1,1,2,0,4,0,2,2,719,1,87,1
3,0,1,1,4,5,2,0,1,0,1198,8,52,1
1,0,0,0,1,0,1,0,0,0,396,1,13,0
0,0,0,0,1,0,1,0,0,0,187,0,1,0
0,0,0,0,1,0,1,0,0,0,120,1,4,0
2,2,2,0,0,6,4,0,1,0,1194,4,51,1
0,0,0,0,4,4,0,0,0,0,775,7,45,0
2,0,0,2,4,0,1,0,0,0,368,1,39,0
2,1,0,0,1,3,2,0,0,0,535,0,70,1
2,2,1,2,3,0,4,1,2,0,135,5,86,1
2,0,0,2,2,6,0,1,0,0,1208,4,49,0
3,2,0,2,6,3,5,0,2,0,342,8,55,1
1,1,2,0,0,0,5,0,1,0,862,1,60,1
0,0,0,0,1,1,1,0,0,0,586,1,6,0
0,0,0,0,1,1,1,0,0,0,451,1,16,0
3,1,0,1,0,3,1,0,0,1,804,6,71,1
1,1,1,0,1,6,1,0,2,0,116,5,61,1
0,0,0,0,5,1,1,0,0,0,912,0,30,0
1,0,0,0,2,1,1,0,0,0,410,8,33,0
2,0,0,1,2,0,1,0,0,0,434,2,36,0
0,0,0,0,0,1,0,0,0,0,600,0,12,0
1,0,0,0,1,1,0,0,0,0,204,0,17,0
4,0,0,2,1,3,1,0,0,0,1568,7,89,1
2,0,0,0,1,1,1,0,0,0,260,6,30,0
2,2,2,2,5,1,4,1,2,1,1558,5,98,1
2,0,0,2,5,2,1,1,0,2,740,1,70,1
0,0,1,1,4,0,3,0,0,0,788,0,51,1
0,0,1,2,0,2,3,1,1,1,1065,3,67,1
2,2,0,1,6,1,2,1,2,2,1622,4,97,1
1,0,0,0,0,1,1,0,0,0,684,1,14,0
1,0,0,0,1,0,0,0,0,0,441,0,25,0
4,2,0,0,1,0,4,0,1,0,270,1,62,1
1,0,2,2,4,1,3,0,2,1,1136,8,88,1
0,0,0,0,1,0,1,0,0,0,656,1,22,0
0,0,0,0,1,1,0,0,0,0,423,0,25,0
0,0,0,1,5,2,1,0,0,0,434,3,40,0
2,0,0,1,6,6,0,0,0,0,203,8,41,0
0,0,1,2,3,1,2,1,1,1,279,7,72,1
3,0,2,1,4,0,2,0,0,0,911,2,56,1
4,2,1,1,5,6,3,1,1,0,1348,0,75,1
0,0,0,2,4,4,2,1,0,2,134,8,88,1
1,0,0,0,0,0,0,0,0,0,653,1,29,0
4,1,1,0,5,2,3,1,2,2,1690,8,84,1
2,0,0,2,4,1,1,0,0,0,548,2,38,0
2,1,1,2,5,4,2,0,2,2,327,0,71,1
0,0,0,0,0,1,1,0,0,0,651,0,22,0
1,0,0,0,0,1,0,0,0,0,573,0,17,0
2,0,2,1,2,2,0,0,0,0,644,3,42,0
3,0,2,1,4,0,0,0,2,0,545,0,54,1
1,0,0,0,1,0,0,0,0,0,691,0,26,0
3,2,0,1,2,4,0,0,2,2,1444,2,78,1
1,0,0,0,1,0,1,0,0,0,423,0,13,0
3,1,2,0,1,6,2,0,2,2,741,8,71,1
0,0,2,0,6,6,5,1,0,0,1478,6,68,1
0,0,0,0,0,0,0,0,0,0,105,0,2,0
1,1,1,0,5,6,2,1,0,0,973,0,68,1
0,0,2,0,6,4,5,0,0,1,771,0,73,1
1,0,0,0,0,1,0,0,0,0,510,0,17,0
2,0,2,1,1,3,1,0,0,0,386,7,43,0
0,0,0,0,1,1,0,0,0,0,314,1,10,0
2,0,0,0,0,0,1,0,0,0,657,5,30,0
6,1,0,1,5,2,3,0,0,2,784,6,96,1
1,0,2,1,4,1,1,1,0,0,336,1,48,0
2,0,0,1,5,4,0,0,0,0,1140,3,48,0
3,0,1,0,6,1,4,1,2,0,874,6,60,1
1,0,0,0,0,1,0,0,0,0,366,0,0,0
2,0,1,0,6,5,1,0,0,0,171,1,48,0
5,1,1,2,1,2,4,1,1,1,187,5,79,1
0,0,0,0,0,0,0,0,0,0,602,0,15,0
1,0,0,0,0,1,1,0,0,0,206,1,1,0
0,0,0,0,1,1,1,0,0,0,564,0,17,0
4,0,2,1,6,1,0,1,2,0,956,7,67,1
2,2,2,2,5,5,0,0,0,0,1135,8,51,1
6,1,2,2,3,6,2,1,1,0,1852,3,97,1
2,2,2,1,1,6,3,0,1,1,1919,3,98,1
1,0,0,0,0,0,1,0,0,0,529,1,2,0
5,0,0,1,1,4,4,0,2,1,520,8,99,1
3,2,2,1,4,1,5,0,0,0,928,4,60,1
3,1,0,1,0,1,5,0,2,0,1375,1,97,1
0,0,2,2,6,3,0,0,0,0,481,8,44,0
1,0,0,0,0,1,1,0,0,0,270,0,16,0
0,0,0,0,5,0,0,0,0,0,187,0,33,0
5,1,1,1,1,0,2,1,0,0,215,7,92,1
4,2,1,0,4,1,1,1,1,0,1820,8,88,1
0,0,2,1,5,4,2,0,2,0,395,4,82,1
3,0,2,2,5,4,3,0,2,1,623,6,69,1
0,0,0,0,0,1,0,0,0,0,607,1,26,0
0,0,0,0,1,0,1,0,0,0,761,0,18,0
1,0,0,0,0,0,0,0,0,0,136,0,22,0
1,0,0,2,3,0,1,0,0,0,320,0,39,0
0,0,2,1,3,5,5,0,0,0,410,0,60,1
1,0,0,0,0,1,1,0,0,0,469,0,4,0
1,0,0,0,0,1,0,0,0,0,110,1,8,0
3,2,1,0,0,0,3,0,0,0,783,0,59,1
1,0,0,0,0,1,0,0,0,0,197,0,3,0
3,0,0,0,0,1,4,1,2,0,1622,8,83,1
0,0,1,0,1,0,0,1,1,0,672,6,60,1
1,0,0,0,0,0,0,0,0,0,585,0,14,0
2,1,0,1,0,1,1,1,1,0,369,2,58,1
1,0,0,2,3,0,0,1,0,0,470,3,46,0
2,0,0,2,5,5,0,1,1,2,1013,7,75,1
1,0,0,0,0,0,0,0,0,0,530,1,23,0
0,0,0,0,3,3,0,0,0,0,767,7,40,0
2,2,2,0,5,1,2,1,2,1,1296,8,77,1
0,0,1,0,1,0,0,0,0,0,326,5,44,0
4,0,0,1,4,3,5,1,2,2,1197,6,68,1
1,0,0,0,4,1,1,0,0,0,229,3,32,0
3,0,0,2,4,2,2,1,1,0,148,8,59,1
1,1,2,2,0,4,0,0,1,1,1369,2,95,1
1,0,0,0,1,0,0,0,0,0,513,0,10,0
1,0,1,0,2,4,2,1,1,0,1019,0,50,1
1,0,0,2,4,3,2,1,1,0,483,2,64,1
6,0,0,0,1,1,5,1,2,2,403,0,91,1
2,0,0,0,6,1,0,0,0,0,142,0,45,0
4,1,0,1,5,5,3,1,0,2,327,0,70,1
0,0,0,0,0,1,0,0,0,0,307,0,0,0
0,0,0,0,1,0,0,0,0,0,171,1,2,0
1,0,0,0,1,0,1,0,0,0,109,1,25,0
2,0,0,0,6,1,1,0,0,0,364,6,38,0
0,0,0,0,0,0,1,0,0,0,800,3,31,0
1,0,0,0,0,0,0,0,0,0,556,1,31,0
0,0,0,0,1,0,1,0,0,0,365,1,12,0
1,1,0,0,1,5,2,0,0,0,843,3,64,1
0,0,1,1,3,0,1,0,0,0,429,6,41,0
4,2,1,1,4,5,2,1,1,1,403,0,73,1
0,0,0,0,0,1,0,0,0,0,242,0,12,0
4,0,0,2,1,4,3,1,0,0,900,2,88,1
1,0,0,0,0,1,1,0,0,0,452,1,4,0
1,0,0,0,0,1,0,0,0,0,521,1,17,0
0,0,0,0,1,1,0,0,0,0,108,1,20,0
0,0,0,0,0,0,1,0,0,0,209,0,11,0
3,0,2,0,6,5,2,1,2,0,687,6,87,1
0,0,0,0,0,1,0,0,0,0,324,0,14,0
1,0,0,0,3,0,0,0,0,0,187,2,33,0
1,0,1,0,0,0,5,0,0,0,1262,6,71,1
1,0,0,0,0,0,0,0,0,0,370,1,8,0
1,0,0,0,1,1,1,0,0,0,214,1,1,0
1,0,0,2,0,1,0,0,0,0,1015,2,39,0
3,0,2,1,3,6,0,0,2,0,280,5,56,1
0,0,0,0,2,1,0,0,0,0,849,4,30,0
1,1,0,1,4,3,0,1,1,0,1195,2,62,1
1,0,0,0,0,0,1,0,0,0,784,0,20,0
3,0,2,1,6,3,5,1,1,0,919,2,50,1
1,0,0,0,0,1,1,0,0,0,658,1,16,0
2,2,1,1,3,6,0,0,2,0,1408,3,65,1
0,0,0,1,0,6,1,1,0,0,717,2,46,0
0,0,0,0,1,1,0,0,0,0,414,0,16,0
2,0,0,1,5,1,0,0,0,0,1070,1,39,0
0,0,0,0,1,1,1,0,0,0,719,1,19,0
1,0,0,0,1,0,0,0,0,0,509,1,20,0
2,0,0,0,6,0,0,0,0,0,786,7,36,0
1,0,2,0,3,1,0,1,0,1,561,5,99,1
4,1,2,2,6,1,5,0,2,2,667,6,86,1
0,0,1,1,6,6,0,1,0,0,189,2,68,1
0,0,0,0,1,1,0,0,0,0,385,0,11,0
1,0,0,0,5,3,0,1,2,2,1181,6,92,1
0,0,0,0,1,0,0,0,0,0,465,1,0,0
0,0,0,0,0,0,0,0,0,0,457,0,6,0
1,0,0,0,0,0,0,0,0,0,382,0,13,0
0,0,0,0,1,1,0,0,0,0,223,0,1,0
5,1,2,0,4,6,3,1,0,2,314,6,96,1
1,0,0,0,0,1,0,0,0,0,695,1,19,0
3,2,1,1,0,5,0,0,0,1,797,3,81,1
2,0,0,2,0,0,1,0,0,0,440,8,43,0
3,2,2,0,3,1,3,0,2,0,1058,1,67,1
0,0,0,2,5,4,0,1,0,0,365,3,53,1
4,2,2,1,2,3,3,0,2,0,1093,5,86,1
0,0,0,0,1,1,0,0,0,0,107,0,29,0
2,0,0,0,5,1,1,0,0,0,576,8,36,0
0,0,0,0,0,1,1,0,0,0,199,0,4,0
1,0,0,0,0,0,0,0,0,0,500,0,27,0
3,0,2,1,6,3,1,1,0,0,1066,0,49,0
3,0,2,2,2,0,1,0,0,0,603,5,49,0
5,0,0,1,0,5,0,1,1,0,895,1,89,1
1,0,0,0,0,0,0,0,0,0,286,0,0,0
4,1,0,1,6,1,5,0,2,2,554,2,83,1
2,0,0,1,4,0,0,0,0,0,124,0,36,0
0,0,0,2,3,0,0,0,0,0,423,3,38,0
0,0,0,0,0,1,0,0,0,0,293,1,5,0
2,2,2,1,5,2,3,0,0,2,1877,5,92,1
1,0,0,0,0,0,0,0,0,0,433,0,29,0
1,0,0,0,1,1,1,0,0,0,259,1,15,0
4,1,0,1,3,1,4,1,1,0,327,2,64,1
0,0,1,1,6,0,1,0,2,1,1252,7,69,1
0,0,1,1,1,3,5,0,2,0,1325,7,64,1
0,0,0,0,1,0,0,0,0,0,402,1,20,0
2,1,1,1,3,1,0,1,0,0,1004,1,55,1
1,0,0,0,0,0,1,0,0,0,162,1,3,0
2,0,2,1,4,5,0,1,0,0,225,3,49,0
1,0,0,0,1,1,0,0,0,0,642,0,12,0
1,1,1,0,6,2,4,1,2,1,1475,2,99,1
0,0,0,2,1,2,1,1,0,0,1181,6,49,0
1,0,0,0,0,1,0,0,0,0,559,1,18,0
2,0,0,1,5,3,5,0,0,0,1079,1,54,1
1,1,0,2,4,3,3,1,2,0,833,2,90,1
1,0,0,0,1,0,1,0,0,0,787,0,27,0
2,0,0,0,4,1,0,0,0,0,280,0,33,0
2,1,0,1,0,2,0,0,1,0,1283,6,88,1
0,0,2,1,3,2,0,1,0,2,1443,5,95,1
3,0,2,1,4,4,3,1,2,0,794,5,52,1
0,0,0,0,3,0,0,0,0,0,347,8,32,0
0,0,0,0,6,0,1,0,0,0,315,6,33,0
6,0,1,2,1,1,0,0,0,2,401,7,95,1
0,0,0,0,0,1,1,0,0,0,601,1,13,0
0,0,0,1,1,0,2,0,2,2,861,1,77,1
1,0,0,2,3,0,0,0,0,0,483,2,36,0
1,0,0,0,0,0,0,0,0,0,291,0,13,0
1,0,0,0,0,0,1,0,0,0,288,1,23,0
1,0,0,0,6,0,0,0,0,0,532,8,34,0
0,0,0,0,1,1,0,0,0,0,210,0,3,0
1,1,0,1,5,0,0,1,2,0,506,3,51,1
1,0,0,0,1,0,1,0,0,0,386,1,23,0
1,0,1,0,4,2,3,1,0,2,110,8,73,1
0,0,0,0,1,1,1,0,0,0,162,0,28,0
2,0,2,2,6,4,1,0,0,0,322,3,44,0
4,0,0,1,5,1,3,0,2,0,427,1,94,1
1,0,1,2,0,2,1,0,0,0,356,6,49,0
3,1,1,2,2,6,1,1,0,2,1419,4,91,1
1,0,2,1,2,4,1,0,0,0,1027,0,45,0
4,1,1,0,3,5,3,1,1,0,144,2,64,1
0,0,0,0,0,0,0,0,0,0,184,0,5,0
0,0,1,0,4,0,2,1,2,2,170,3,98,1
0,0,0,0,1,0,0,0,0,0,311,0,22,0
0,0,0,0,0,1,0,0,0,0,120,0,0,0
2,0,1,0,0,4,0,1,0,0,680,5,47,0
5,0,0,1,4,4,4,1,2,0,1377,3,91,1
6,0,0,0,2,6,1,1,0,2,973,2,96,1
0,0,0,0,1,0,0,0,0,0,164,1,0,0
2,0,0,2,0,3,2,1,1,2,1331,2,96,1
0,0,0,0,0,0,1,0,0,0,305,0,7,0
1,0,0,0,1,1,1,0,0,0,384,0,9,0
0,0,0,0,1,0,1,0,0,0,195,0,8,0
2,2,0,2,1,1,3,1,0,0,569,1,57,1
2,0,2,1,1,3,2,1,1,0,409,8,61,1
3,1,1,0,1,5,0,1,0,1,1669,3,80,1
0,0,0,0,0,1,1,0,0,0,170,1,3,0
0,0,0,0,0,0,0,0,0,0,281,0,7,0
1,0,0,1,0,2,0,0,0,0,385,1,42,0
0,0,0,2,6,0,4,1,1,2,1044,2,74,1
1,0,0,0,4,0,1,0,0,0,809,4,33,0
0,0,0,0,0,0,1,0,0,0,429,0,16,0
1,0,1,2,3,3,0,1,1,2,882,3,75,1
0,0,0,0,0,1,1,0,0,0,197,1,26,0
0,0,1,1,5,4,5,1,1,1,217,8,79,1
2,0,2,1,5,4,0,0,0,0,451,5,42,0
3,2,1,0,3,6,1,0,2,2,645,6,89,1
1,0,1,1,1,6,5,1,2,0,864,1,61,1
4,1,0,2,1,1,1,1,0,0,1192,2,100,1
3,0,0,1,3,1,1,0,0,0,615,2,45,0
0,0,0,0,1,2,0,1,2,2,458,0,82,1
0,0,1,0,6,5,3,0,0,1,916,0,100,1
1,0,0,0,6,0,1,0,0,0,540,3,33,0
0,0,0,0,1,1,0,0,0,0,119,0,23,0
0,0,2,0,4,1,1,1,0,2,1368,2,78,1
0,0,0,0,1,1,0,0,0,0,188,0,17,0
0,0,2,0,3,0,0,1,0,0,1095,0,48,0
1,0,1,1,0,5,1,0,0,0,950,0,41,0
3,0,1,1,1,5,4,1,0,0,130,5,60,1
1,0,0,0,0,0,1,0,0,0,533,0,29,0
3,2,0,0,5,0,1,0,1,0,334,0,56,1
4,1,1,2,0,3,2,0,0,2,303,6,82,1
1,0,1,0,5,1,1,0,0,0,465,7,44,0
3,2,1,1,3,6,0,1,2,0,526,4,60,1
2,0,2,0,6,2,3,0,1,1,796,1,77,1
4,1,0,0,6,6,3,0,0,1,474,0,65,1
1,0,0,0,0,1,1,0,0,0,373,1,21,0
1,0,0,0,0,0,1,0,0,0,453,1,9,0
2,0,2,1,4,2,3,0,0,1,1890,4,99,1
4,1,2,0,3,6,1,1,2,2,184,4,98,1
3,0,0,2,3,5,5,1,0,2,124,0,88,1
2,0,2,1,5,2,3,1,0,0,900,4,76,1
1,0,0,0,6,0,0,0,0,0,695,3,30,0
4,0,1,2,3,0,2,1,2,0,1400,6,61,1
0,0,0,1,4,4,2,1,0,1,204,6,94,1
3,0,2,1,6,5,2,1,1,1,1838,7,93,1
1,0,0,0,0,1,0,0,0,0,476,1,16,0
0,0,2,2,4,4,0,0,0,1,1073,2,88,1
0,0,2,1,2,0,5,1,2,2,888,0,73,1
0,0,0,1,3,1,0,0,0,0,445,0,37,0
0,0,0,0,1,1,1,0,0,0,706,0,29,0
0,0,0,0,1,1,1,0,0,0,781,0,27,0
1,0,0,0,1,0,0,0,0,0,193,0,2,0
3,1,2,2,2,6,0,0,2,0,1025,8,53,1
4,1,1,0,4,6,2,0,1,1,1638,3,82,1
3,0,1,2,6,1,5,1,1,0,744,5,73,1
1,0,0,0,0,0,0,0,0,0,455,1,2,0
1,0,0,0,1,0,1,0,0,0,449,1,7,0
1,0,0,0,1,0,0,0,0,0,529,0,3,0
0,0,0,2,5,0,3,0,2,2,463,8,97,1
0,0,1,0,4,1,3,1,0,0,1049,1,78,1
0,0,1,2,2,1,3,1,0,0,161,3,58,1
5,2,2,2,5,1,0,0,1,1,1507,0,91,1
1,0,0,0,1,1,1,0,0,0,127,1,14,0
1,0,2,1,6,4,3,0,0,1,629,8,76,1
1,0,0,0,0,1,0,0,0,0,155,0,20,0
6,2,2,2,0,3,5,0,1,1,1128,0,100,1
3,0,2,1,5,1,0,1,0,0,1180,0,49,0
1,0,0,0,1,0,0,0,0,0,436,0,13,0
1,0,0,0,0,0,1,0,0,0,155,0,25,0
2,0,1,0,1,0,4,0,2,0,234,7,52,1
1,0,0,0,0,0,1,0,0,0,663,0,20,0
2,1,2,1,6,0,5,0,1,0,1157,8,83,1
4,1,2,0,5,5,3,1,0,0,958,8,84,1
1,0,0,0,0,1,0,0,0,0,187,1,0,0
3,0,0,2,0,4,1,0,0,0,345,7,51,1
0,0,0,0,1,0,1,0,0,0,243,1,7,0
1,0,0,0,1,0,1,0,0,0,442,1,27,0
0,0,0,0,0,0,1,0,0,0,438,0,0,0
0,0,0,2,2,0,1,0,0,0,710,0,38,0
0,0,0,1,2,1,0,0,2,1,1267,7,74,1
0,0,2,1,5,6,3,0,0,0,701,3,51,1
2,0,0,2,2,0,1,1,0,0,555,6,48,0
2,0,0,0,6,0,1,0,0,0,908,5,32,0
2,2,0,0,6,3,5,1,2,2,400,1,99,1
3,0,1,0,4,2,1,1,0,0,941,2,45,0
0,0,0,0,0,1,0,0,0,0,490,1,25,0
3,1,2,0,1,2,4,1,2,0,1092,2,59,1
0,0,0,0,1,0,1,0,0,0,288,0,17,0
1,0,1,1,3,0,3,1,0,0,487,5,52,1
1,0,2,2,4,6,0,0,0,0,756,8,48,0
3,1,2,2,3,5,3,1,2,0,862,6,94,1
1,0,0,0,0,0,1,0,0,0,368,0,1,0
1,0,0,0,0,0,1,0,0,0,202,0,6,0
4,0,0,0,3,0,0,0,0,1,709,0,97,1
5,2,1,1,1,6,4,0,1,2,1435,3,83,1
1,0,0,0,0,0,1,0,0,0,160,0,4,0
1,0,0,0,1,0,1,0,0,0,235,0,26,0
4,2,1,2,2,6,5,1,1,0,1620,2,75,1
0,0,0,1,4,0,0,0,0,0,631,2,37,0
1,0,0,0,0,0,1,0,0,0,536,1,29,0
0,0,2,2,3,1,4,0,2,1,923,8,77,1
0,0,0,0,0,1,1,0,0,0,351,0,16,0
3,1,0,2,3,4,2,1,0,0,694,0,57,1
0,0,0,1,3,1,0,0,0,0,827,2,39,0
0,0,0,2,1,3,1,0,0,0,970,6,40,0
0,0,0,0,0,1,1,0,0,0,607,0,12,0
1,0,1,1,0,1,3,0,2,2,467,0,82,1
1,0,0,0,0,0,1,0,0,0,298,0,18,0
0,0,1,2,1,6,2,1,1,0,1018,4,58,1
4,0,1,1,3,0,3,1,0,0,745,1,70,1
1,0,0,0,1,1,0,0,0,0,498,0,0,0
3,2,0,2,4,6,2,0,1,2,589,2,100,1
4,1,0,1,2,3,1,1,0,2,250,8,68,1
0,0,1,1,4,5,0,0,0,0,757,7,45,0
1,0,0,0,5,1,1,0,0,0,354,1,33,0
0,0,1,0,0,2,0,0,0,0,737,5,50,1
0,0,0,2,2,0,0,0,0,0,718,8,39,0
0,0,0,0,0,0,0,0,0,0,702,1,19,0
1,0,0,2,2,6,4,1,2,0,670,0,50,1
3,2,2,0,1,3,2,0,2,2,792,1,84,1
2,0,2,1,5,4,0,0,0,0,584,5,48,0
3,0,0,0,1,4,3,1,1,0,1130,8,92,1
1,0,0,0,1,0,1,0,0,0,121,0,6,0
0,0,0,0,0,1,0,0,0,0,140,0,5,0
0,0,0,0,1,1,0,0,0,0,198,1,25,0
2,2,1,2,0,2,1,1,0,0,1447,1,68,1
1,0,0,0,0,1,1,0,0,0,262,0,14,0
1,0,0,0,0,1,0,0,0,0,343,1,2,0
1,0,0,0,5,1,1,0,0,0,591,0,34,0
1,0,0,1,6,0,2,1,2,0,1364,5,68,1
1,1,1,1,6,3,3,0,1,0,608,5,93,1
4,1,0,1,1,0,1,1,0,2,1194,4,89,1
0,0,0,0,1,1,1,0,0,0,103,0,2,0
3,0,0,1,6,0,1,0,0,0,185,6,49,0
1,1,0,1,0,1,5,0,2,0,978,4,50,1
0,0,0,0,0,0,0,0,0,0,403,0,1,0
0,0,0,0,0,0,0,0,0,0,473,0,21,0
1,0,0,0,1,0,0,0,0,0,492,1,2,0
2,2,1,2,4,2,1,0,2,2,1788,2,96,1
0,0,2,2,4,3,0,0,1,0,814,7,50,1
2,0,0,1,2,1,0,0,0,0,144,5,37,0
2,0,0,2,4,1,1,0,0,0,437,3,36,0
0,0,2,0,5,4,0,1,1,2,817,8,65,1
1,0,0,0,1,1,1,0,0,0,515,0,27,0
1,0,0,0,0,0,1,0,0,0,731,1,21,0
1,0,0,0,1,1,0,0,0,0,220,1,6,0
1,0,0,0,0,1,1,0,0,0,131,1,13,0
1,0,0,0,1,0,1,0,0,0,307,0,1,0
0,0,0,0,1,0,1,0,0,0,616,1,16,0
0,0,0,0,1,0,0,0,0,0,134,1,3,0
0,0,0,0,1,1,0,0,0,0,423,1,29,0
1,0,0,0,1,0,1,0,0,0,166,0,6,0
1,0,0,0,0,0,0,0,0,0,704,5,32,0
1,0,0,2,2,0,1,0,0,0,370,5,39,0
0,0,0,0,1,1,0,0,0,0,426,1,27,0
0,0,0,0,1,1,1,0,0,0,514,0,15,0
2,1,0,2,1,1,2,1,1,0,1245,7,54,1
0,0,2,1,0,6,1,0,2,0,1079,7,50,1
0,0,0,0,6,5,0,0,0,0,1335,5,93,1
3,0,0,0,6,6,1,1,0,0,372,3,55,1
3,1,1,0,1,6,4,0,1,0,435,6,72,1
3,2,2,2,1,2,1,1,1,0,584,2,58,1
1,0,0,0,0,0,0,0,0,0,344,0,28,0
0,0,0,0,1,0,0,0,0,0,316,0,2,0
0,0,0,0,1,1,0,0,0,0,317,1,29,0
0,0,2,0,6,5,3,1,1,0,272,5,63,1
2,0,0,0,2,0,1,0,0,0,158,7,34,0
1,0,2,2,4,4,0,0,0,0,306,8,41,0
0,0,0,0,0,0,1,0,0,0,907,1,28,0
0,0,0,0,5,0,0,0,0,0,892,6,31,0
5,0,0,1,3,3,3,0,0,0,948,8,80,1
0,0,1,1,5,3,0,1,0,0,1243,5,89,1
0,0,0,0,1,0,1,0,0,0,414,1,6,0
1,0,0,0,0,1,0,0,0,0,138,1,21,0
2,2,0,0,3,2,0,1,1,1,1136,2,90,1
3,1,0,1,4,0,3,0,0,0,181,3,54,1
3,0,2,2,2,5,3,1,1,2,245,4,90,1
3,1,1,2,3,5,4,0,0,2,545,7,73,1
4,2,2,1,6,4,0,1,2,2,1136,6,95,1
1,0,0,0,1,0,1,0,0,0,405,0,4,0
1,0,0,0,1,1,0,0,0,0,230,0,18,0
1,1,1,0,1,0,1,0,2,0,774,4,95,1
2,0,1,0,0,5,0,0,2,1,994,2,71,1
0,0,0,0,1,1,1,0,0,0,276,0,17,0
1,0,2,1,5,4,1,0,0,0,231,8,43,0
4,2,0,0,1,3,4,1,0,1,1446,8,99,1
0,0,0,1,4,0,1,0,0,0,814,1,37,0
1,1,2,2,2,3,2,1,2,2,1327,8,93,1
1,0,0,0,0,1,1,0,0,0,803,7,34,0
2,2,1,0,5,4,1,0,2,1,415,3,79,1
0,0,2,0,4,1,3,0,1,0,920,2,50,1
0,0,0,0,1,1,1,0,0,0,263,1,0,0
4,1,1,1,3,5,4,1,1,1,1639,5,87,1
2,0,0,1,3,3,2,0,0,0,207,6,63,1
3,1,2,1,6,4,1,1,2,0,831,1,67,1
3,1,1,1,0,1,1,1,1,0,632,1,53,1
4,2,2,1,2,0,1,0,0,2,932,8,98,1
0,0,1,1,6,0,5,0,1,0,140,3,54,1
1,0,2,1,6,2,1,0,2,0,942,0,52,1
0,0,0,0,1,0,0,0,0,0,131,1,22,0
0,0,1,2,4,0,4,1,2,0,1786,7,95,1
3,2,1,0,6,2,2,0,2,1,324,3,76,1
3,0,2,1,4,0,1,1,0,0,186,7,46,0
1,0,0,0,1,1,1,0,0,0,621,0,26,0
2,1,2,2,1,4,2,0,1,2,1386,8,73,1
0,0,0,0,1,0,0,0,0,0,467,1,5,0
0,0,0,0,5,0,0,0,0,0,192,5,34,0
4,0,1,2,2,4,0,1,0,1,414,0,67,1
0,0,0,0,1,1,1,0,0,0,392,1,29,0
2,2,1,0,5,2,0,1,2,0,647,8,58,1
1,0,0,2,4,6,5,0,2,1,1711,8,92,1
2,0,2,1,1,1,5,0,0,0,979,0,50,1
5,1,2,2,3,5,4,1,0,1,960,7,94,1
2,0,0,0,0,1,0,0,0,0,816,0,37,0
3,0,0,2,1,5,0,1,0,0,288,8,49,0
0,0,2,2,1,2,1,1,1,1,1253,4,97,1
0,0,0,0,1,3,5,0,0,0,1070,1,53,1
0,0,0,0,3,5,4,0,0,0,977,5,57,1
2,0,0,0,4,1,0,0,0,0,787,8,34,0
1,0,0,1,4,1,1,0,0,0,172,7,35,0
3,1,1,0,4,4,0,0,1,0,530,7,53,1
0,0,2,0,2,3,4,0,2,2,719,5,65,1
4,2,2,1,1,3,4,0,2,1,1227,8,65,1
3,0,2,0,6,1,0,1,1,0,262,2,56,1
2,0,0,0,3,0,0,0,0,0,217,0,30,0
2,2,0,2,6,4,0,0,2,2,1205,8,80,1
3,2,0,2,6,1,0,1,0,1,894,0,82,1
0,0,0,0,1,0,0,0,0,0,592,0,15,0
4,0,1,2,4,1,1,1,2,2,1457,6,75,1
2,2,1,0,1,5,2,0,1,1,771,7,84,1
4,1,2,2,6,1,1,1,1,2,1013,0,65,1
3,0,2,0,6,1,5,0,0,0,761,5,62,1
2,0,0,2,6,6,1,0,0,0,1001,0,43,0
1,0,2,0,4,3,0,1,0,0,673,4,45,0
1,0,0,0,1,0,0,0,0,0,139,1,5,0
1,0,0,0,1,0,0,0,0,0,256,0,8,0
2,0,0,1,4,3,0,1,2,1,1690,8,82,1
0,0,2,2,3,6,3,1,2,0,391,3,77,1
2,2,1,1,3,4,2,1,1,1,1276,4,81,1
0,0,0,0,1,1,1,0,0,0,516,0,3,0
1,0,0,0,0,0,1,0,0,0,591,0,8,0
3,2,2,0,6,0,2,1,1,1,1546,2,97,1
5,2,0,2,3,1,0,1,2,2,526,0,76,1
0,0,0,0,1,1,1,0,0,0,267,0,17,0
0,0,0,0,1,0,1,0,0,0,854,1,29,0
1,0,0,0,1,0,1,0,0,0,498,0,8,0
1,1,1,1,6,3,5,1,1,0,461,1,59,1
2,0,2,2,2,4,1,0,0,0,268,7,44,0
2,0,0,0,4,0,1,0,0,0,165,7,34,0
1,0,0,0,0,0,0,0,0,0,139,0,0,0
0,0,0,0,6,6,2,1,2,0,1082,6,51,1
0,0,2,0,5,3,3,1,0,2,363,2,89,1
3,1,2,2,1,1,0,0,1,2,812,0,68,1
4,1,2,0,0,4,1,1,1,1,1041,1,73,1
5,1,1,1,3,0,0,0,1,2,907,3,76,1
0,0,0,0,1,0,0,0,0,0,796,3,35,0
2,0,0,0,4,0,0,0,0,0,313,7,34,0
1,1,1,1,4,5,0,0,1,0,1026,1,54,1
0,0,2,1,2,6,1,0,0,0,223,4,41,0
0,0,0,2,1,0,0,0,0,0,895,5,37,0
1,0,0,0,1,1,1,0,0,0,544,1,8,0
1,0,0,0,0,0,1,0,0,0,352,1,17,0
1,1,0,0,4,4,2,1,2,2,785,5,96,1
1,0,1,2,3,3,2,0,1,2,192,0,74,1
1,0,0,0,0,0,1,0,0,0,451,0,27,0
5,0,1,1,5,2,4,1,1,0,469,8,93,1
1,0,1,1,6,1,1,0,1,1,665,6,68,1
5,2,0,1,5,3,2,0,0,1,290,1,93,1
2,0,0,0,6,1,1,0,0,0,703,5,33,0
0,0,0,0,0,0,1,0,0,0,114,1,27,0
0,0,0,1,3,1,1,0,0,0,197,8,36,0
0,0,0,0,1,0,0,0,0,0,202,1,24,0
0,0,0,0,2,0,0,0,0,0,432,1,31,0
1,0,0,0,0,1,1,0,0,0,522,0,8,0
0,0,1,2,0,4,3,0,0,2,1475,6,80,1
4,1,1,1,1,2,3,0,1,2,1222,0,80,1
1,0,0,0,0,0,0,0,0,0,481,1,18,0
0,0,0,0,0,1,0,0,0,0,154,0,22,0
0,0,0,0,0,1,1,0,0,0,762,1,24,0
0,0,0,0,2,5,0,0,1,0,155,6,89,1
3,0,0,1,0,2,2,0,0,0,295,6,52,1
1,0,2,2,1,1,1,0,1,0,176,0,54,1
0,0,2,0,1,5,0,0,0,0,148,5,40,0
1,0,2,0,0,5,0,0,0,0,333,3,48,0
2,0,0,0,2,0,0,0,0,0,689,1,32,0
0,0,0,0,0,1,0,0,0,0,629,1,24,0
0,0,0,0,0,0,1,0,0,0,443,1,14,0
2,1,0,0,2,1,4,1,1,1,1348,7,86,1
0,0,1,2,4,3,3,0,1,0,456,0,54,1
6,2,1,0,3,6,3,1,2,0,666,8,93,1
5,1,0,2,3,6,1,1,1,0,785,2,81,1
3,0,1,1,4,6,0,1,0,0,1099,6,49,0
1,0,0,0,0,0,1,0,0,0,526,1,20,0
1,0,0,0,1,1,0,0,0,0,355,1,13,0
2,0,1,1,6,2,3,1,2,1,1465,3,74,1
0,0,2,2,5,5,1,0,0,0,360,8,43,0
2,0,0,0,2,1,1,0,0,0,1111,2,43,0
0,0,0,1,3,0,0,0,0,0,756,7,38,0
5,1,0,2,5,4,1,1,1,0,1450,4,82,1
2,2,2,1,1,5,4,0,1,0,307,6,52,1
4,0,1,2,3,4,5,0,2,2,1640,8,93,1
5,0,1,0,2,6,1,0,0,1,1936,8,100,1
1,1,0,0,1,0,3,0,1,0,877,0,83,1
1,0,0,1,4,4,3,1,2,0,139,8,60,1
1,0,0,0,1,0,0,0,0,0,234,0,17,0
1,0,0,0,4,1,1,0,0,0,506,2,36,0
2,0,1,0,5,4,0,0,0,0,497,4,41,0
1,0,0,0,4,0,1,0,0,0,384,4,44,0
0,0,0,0,1,1,0,0,0,0,441,0,1,0
1,0,0,0,1,1,1,0,0,0,190,1,23,0
0,0,2,2,1,1,2,0,2,0,327,0,57,1
1,0,0,0,0,0,1,0,0,0,684,0,13,0
1,0,0,0,0,1,0,0,0,0,183,0,14,0
0,0,0,0,1,1,0,0,0,0,587,1,28,0
1,1,2,0,2,0,4,1,0,0,227,1,61,1
3,2,0,0,0,2,4,0,0,0,920,0,55,1
2,0,0,2,5,0,0,0,0,0,148,4,36,0
1,0,0,2,4,6,3,1,0,1,1214,0,83,1
0,0,0,1,1,0,1,1,2,2,774,4,95,1
2,0,0,0,2,1,0,1,0,2,1079,1,70,1
4,0,0,2,3,0,0,1,1,0,302,1,62,1
0,0,0,2,0,4,5,1,0,0,377,4,63,1
0,0,2,2,6,5,0,1,0,0,344,2,59,1
3,2,1,1,1,3,5,0,2,0,993,7,68,1
2,1,1,1,6,3,1,0,0,2,263,0,65,1
3,1,2,0,5,3,0,1,0,0,1413,2,81,1
1,0,0,0,1,0,0,0,0,0,343,0,15,0
0,0,1,0,3,4,1,0,0,0,479,6,42,0
1,0,0,0,1,1,1,0,0,0,271,1,8,0
1,0,0,0,1,0,0,0,0,0,242,1,22,0
1,0,0,2,6,0,1,0,0,0,697,8,36,0
5,2,1,2,4,2,3,1,2,1,1137,3,76,1
0,0,0,0,1,0,1,0,0,0,321,1,7,0
2,0,1,0,2,2,1,0,0,0,398,2,44,0
0,0,0,1,3,1,5,1,1,0,851,0,57,1
1,0,0,0,6,0,1,0,0,0,123,0,33,0
1,0,0,0,1,0,0,0,0,0,105,1,10,0
3,0,1,0,6,5,4,1,0,0,107,6,65,1
0,0,0,1,1,4,1,0,1,0,934,2,52,1
0,0,0,0,0,1,0,0,0,0,243,0,24,0
0,0,0,0,0,0,0,0,0,0,390,0,18,0
2,1,1,0,4,1,2,1,0,0,658,1,68,1
1,0,0,0,1,0,0,0,0,0,290,0,4,0
0,0,1,2,0,6,2,0,1,1,398,2,90,1
5,2,2,0,6,0,3,1,0,2,1534,5,98,1
4,0,2,1,4,1,0,0,2,0,135,1,62,1
1,0,0,0,0,1,1,0,0,0,224,1,3,0
1,0,0,0,0,0,1,0,0,0,394,1,9,0
3,1,1,2,5,1,4,0,0,0,1413,8,71,1
4,2,0,0,3,1,2,1,2,2,1554,0,86,1
1,1,2,2,6,0,5,0,0,0,1787,7,86,1
0,0,0,0,6,1,0,0,0,0,426,5,32,0
2,1,1,1,4,4,2,0,2,1,482,0,70,1
3,2,2,0,5,2,2,0,2,0,1212,6,53,1
1,0,0,0,0,0,1,0,0,0,269,1,1,0
1,0,1,1,2,3,0,0,1,0,751,2,58,1
3,0,0,1,5,4,0,1,2,0,1230,0,56,1
1,0,0,0,0,0,1,0,0,0,299,1,17,0
3,2,2,0,5,4,3,1,1,1,1041,7,92,1
1,0,0,0,0,1,0,0,0,0,346,0,23,0
0,0,0,0,1,1,0,0,0,0,885,0,32,0
0,0,0,1,5,0,1,0,0,0,213,5,35,0
0,0,1,2,0,2,1,0,0,0,745,7,43,0
2,0,0,0,3,0,1,0,0,0,676,6,36,0
0,0,0,0,1,0,1,0,0,0,331,0,1,0
0,0,0,0,1,0,1,0,0,0,791,4,30,0
1,0,0,0,2,5,0,1,0,0,563,0,45,0
0,0,0,0,4,1,1,0,0,0,288,1,35,0
1,0,1,1,1,4,1,0,0,0,718,1,56,1
3,2,0,0,2,5,1,0,1,0,883,3,52,1
0,0,0,0,6,2,0,0,0,0,572,2,60,1
0,0,2,1,0,1,1,0,1,0,295,0,64,1
0,0,0,0,0,0,1,0,0,0,331,1,13,0
3,0,2,0,0,0,5,0,0,2,1291,5,77,1
0,0,0,0,6,2,3,1,2,0,1108,1,55,1
2,1,2,1,0,5,3,0,0,0,685,5,65,1
6,0,0,2,1,0,3,1,1,2,1673,1,93,1
1,0,0,1,2,1,1,0,0,0,957,3,36,0
0,0,2,1,6,2,1,0,0,0,1024,7,56,1
3,2,1,1,0,2,1,1,2,0,956,1,54,1
0,0,0,0,0,0,1,0,0,0,588,0,16,0
0,0,0,0,1,0,5,0,1,0,1079,8,52,1
3,0,1,2,6,3,5,1,0,1,603,2,87,1
0,0,0,0,1,0,1,0,0,0,699,0,19,0
0,0,0,0,1,1,1,0,0,0,524,0,9,0
0,0,1,0,4,2,1,0,0,0,159,3,63,1
2,0,2,2,4,5,1,0,2,0,249,3,58,1
1,0,0,0,1,1,1,0,0,0,489,0,18,0
1,0,0,0,1,0,1,0,0,0,667,0,16,0
3,1,1,2,0,2,1,0,0,0,301,4,87,1
0,0,1,0,5,3,3,1,0,1,1011,3,85,1
0,0,0,1,1,2,1,1,0,0,551,3,47,0
2,2,1,1,6,3,4,1,1,0,632,8,62,1
2,2,1,0,1,2,4,1,2,0,852,1,56,1
1,0,0,0,1,0,1,0,0,0,102,1,2,0
1,1,1,1,4,2,0,0,2,0,963,2,74,1
3,1,2,1,1,4,1,1,2,0,1357,7,96,1
1,1,2,1,6,1,0,0,2,0,716,6,74,1
5,1,0,0,1,6,1,1,1,1,1226,0,100,1
1,0,0,1,5,1,0,0,0,0,482,1,36,0
2,2,2,0,3,0,1,0,2,2,1184,2,66,1
1,0,0,0,1,0,0,0,0,0,297,1,11,0
5,0,2,0,4,5,5,1,1,0,1569,6,82,1
3,2,1,0,3,1,3,0,2,0,387,8,62,1
1,0,0,0,1,6,1,0,0,0,1160,4,54,1
2,0,1,1,6,6,4,0,0,0,535,6,64,1
3,0,2,0,5,4,4,1,1,0,275,3,57,1
0,0,1,2,5,2,1,1,0,0,372,0,48,0
2,1,1,2,5,6,0,0,0,0,635,5,71,1
6,0,2,0,2,0,5,0,0,0,1940,5,97,1
1,0,0,0,3,1,0,0,0,0,653,0,37,0
0,0,0,0,1,1,0,0,0,0,162,1,27,0
1,0,0,0,0,0,1,0,0,0,307,1,7,0
2,0,2,0,6,2,1,0,1,2,1422,3,65,1
2,1,1,1,4,0,1,0,2,0,1409,0,61,1
1,0,0,0,1,1,1,0,0,0,558,0,13,0
3,2,1,0,0,4,0,0,1,0,310,6,62,1
4,2,2,2,5,1,3,0,1,0,318,5,77,1
3,1,2,1,0,0,4,1,1,1,829,8,66,1
0,0,0,0,0,1,0,0,0,0,587,0,25,0
2,0,1,2,1,2,1,1,1,2,1204,1,92,1
2,1,1,1,5,1,4,1,0,1,590,3,75,1
4,2,0,1,1,3,3,0,0,1,1534,7,74,1
2,0,0,0,5,2,1,0,0,0,971,6,42,0
3,2,0,0,6,6,1,0,0,2,798,3,70,1
1,0,0,0,0,1,1,0,0,0,540,0,20,0
1,0,0,0,0,1,0,0,0,0,268,5,32,0
1,0,0,0,1,1,0,0,0,0,344,0,16,0
3,0,0,2,4,3,1,0,2,1,558,8,69,1
6,0,1,1,3,3,5,0,0,2,699,2,91,1
0,0,2,2,3,5,1,0,0,0,303,0,40,0
4,0,0,1,0,1,0,0,0,2,1856,4,99,1
0,0,0,0,1,1,1,0,0,0,321,0,18,0
2,0,2,1,6,6,1,0,0,0,1061,1,44,0
4,2,1,0,5,4,4,1,0,1,847,6,96,1
1,0,1,1,3,2,0,0,0,0,873,8,44,0
0,0,0,0,2,1,0,0,0,0,117,5,30,0
0,0,0,0,1,0,1,0,0,0,473,0,19,0
3,2,0,2,1,1,0,0,1,0,1377,0,99,1
0,0,2,1,3,5,1,1,0,0,333,5,58,1
4,0,0,1,0,5,5,0,0,0,241,6,63,1
6,0,1,0,0,4,0,0,1,1,1247,3,90,1
2,1,1,2,3,6,4,0,0,1,691,8,85,1
1,1,1,0,4,1,0,1,2,0,925,7,64,1
0,0,1,0,5,4,3,1,1,2,591,2,72,1
0,0,0,0,0,1,0,0,0,0,518,1,2,0
2,0,2,0,2,3,4,1,1,0,440,7,54,1
1,1,0,0,6,0,5,0,0,2,901,0,85,1
1,0,0,0,1,0,1,0,0,0,188,0,11,0
2,1,0,0,3,0,3,0,2,0,1420,3,71,1
1,0,0,0,3,0,1,0,0,0,712,3,30,0
0,0,0,0,0,0,0,0,0,0,401,0,1,0
4,2,0,0,4,3,4,0,2,0,734,8,67,1
0,0,0,0,0,1,1,0,0,0,133,1,5,0
4,0,2,2,0,4,5,0,0,1,551,7,69,1
3,0,0,1,3,1,4,0,2,0,268,2,53,1
1,0,0,0,0,1,1,0,0,0,569,1,17,0
3,0,1,2,1,0,0,0,1,2,1223,3,98,1
5,0,0,2,3,3,1,1,2,2,694,2,86,1
0,0,0,0,1,0,1,0,0,0,338,1,12,0
2,2,0,2,0,3,3,1,1,0,301,8,52,1
3,1,0,2,4,4,1,1,0,0,985,8,63,1
2,0,0,2,5,3,5,0,1,1,452,2,67,1
1,0,0,0,1,1,1,0,0,0,627,0,23,0
1,1,2,1,0,3,2,0,0,2,1412,8,72,1
0,0,1,2,4,1,2,0,0,1,799,7,77,1
3,0,1,1,4,6,3,1,1,0,151,8,61,1
1,0,0,0,0,1,0,0,0,0,174,1,24,0
1,0,0,0,0,1,1,0,0,0,594,0,15,0
0,0,2,1,6,3,2,0,2,2,1003,1,73,1
0,0,2,1,0,0,5,1,0,0,1571,2,82,1
1,0,0,0,4,0,1,0,0,0,674,7,33,0
2,0,1,0,5,1,0,0,0,0,389,3,44,0
0,0,0,0,0,0,1,0,0,0,424,0,2,0
1,0,0,0,0,1,1,0,0,0,275,0,8,0
2,0,0,0,1,6,1,1,2,0,531,1,51,1
4,0,1,0,0,0,3,0,0,0,635,2,81,1
3,0,0,1,5,6,1,1,0,0,589,7,49,0
5,1,0,2,6,2,3,0,2,1,724,6,94,1
4,1,1,2,6,3,2,0,2,1,1211,7,84,1
1,1,2,1,2,2,1,1,1,2,234,4,100,1
3,0,2,2,5,6,1,1,0,0,1152,3,48,0
5,1,2,0,6,2,4,0,2,1,1441,8,85,1
1,1,1,0,3,3,2,1,0,0,415,0,54,1
3,1,1,2,3,0,4,1,0,0,1683,6,84,1
6,2,2,0,5,6,5,1,1,0,1884,6,98,1
5,1,2,0,2,0,5,1,1,0,839,0,76,1
1,1,1,1,1,5,0,0,1,0,674,2,76,1
4,0,2,0,5,3,3,0,2,1,390,5,97,1
2,0,0,0,6,1,0,0,0,0,347,8,34,0
0,0,0,0,1,0,1,0,0,0,386,1,3,0
1,0,0,0,0,0,0,0,0,0,407,1,14,0
0,0,0,0,0,1,0,0,0,0,275,0,2,0
0,0,0,0,1,1,0,0,0,0,329,1,8,0
2,0,0,2,5,0,0,0,0,2,822,0,79,1
0,0,0,1,2,0,1,0,0,0,936,4,35,0
1,0,0,0,1,0,1,0,0,0,213,0,19,0
2,1,0,2,1,4,5,1,1,1,800,1,67,1
2,0,0,0,6,1,0,0,0,0,917,1,33,0
1,1,0,0,3,5,2,1,1,1,1501,3,74,1
3,2,0,1,1,3,1,0,1,1,509,3,88,1
2,1,0,0,6,0,5,1,1,0,867,6,56,1
5,2,0,1,2,0,1,1,0,2,627,8,92,1
1,0,0,0,1,0,0,0,0,0,703,0,15,0
1,0,2,1,1,0,1,1,0,0,992,7,54,1
1,0,0,0,1,0,1,0,0,0,469,0,7,0
1,0,0,0,1,0,0,0,0,0,277,0,16,0
0,0,0,2,4,0,1,0,0,0,614,5,35,0
1,0,0,0,0,0,0,0,0,0,478,0,11,0
2,1,0,2,1,4,1,0,0,0,604,4,51,1
1,0,0,0,1,1,1,0,0,0,487,1,16,0
0,0,0,0,0,1,1,0,0,0,704,0,23,0
2,2,1,0,0,4,5,0,2,1,609,6,95,1
2,0,0,0,5,5,1,1,1,0,1488,1,78,1
0,0,1,0,5,4,0,0,0,0,1071,7,41,0
1,1,1,0,3,1,1,0,1,0,1503,1,77,1
0,0,0,2,1,1,0,0,1,2,254,5,95,1
1,1,1,1,0,6,0,1,0,0,1256,8,56,1
3,1,0,1,5,2,2,0,1,0,215,4,87,1
1,0,0,0,0,0,0,0,0,0,234,6,35,0
6,2,0,2,3,4,4,0,0,2,734,5,95,1
0,0,0,0,1,1,1,0,0,0,489,1,7,0
0,0,0,0,0,1,0,0,0,0,409,0,6,0
1,0,0,0,5,1,1,0,0,0,404,1,34,0
1,0,1,2,4,0,0,0,0,2,1461,2,68,1
1,0,0,1,0,1,1,1,1,0,223,1,57,1
2,0,0,0,0,1,4,0,1,0,455,0,69,1
4,2,0,2,5,0,5,1,2,0,1582,6,98,1
1,0,0,0,0,0,0,0,0,0,764,1,28,0
2,0,0,0,3,0,1,0,0,0,867,8,31,0
5,1,2,1,3,3,1,0,0,0,824,2,75,1
1,0,0,0,0,0,1,0,0,0,109,1,10,0
1,0,0,0,0,1,1,0,0,0,128,1,14,0
0,0,0,0,0,1,0,0,0,0,641,1,13,0
0,0,0,0,0,1,1,0,0,0,470,1,10,0
3,0,2,1,1,4,1,1,0,0,793,6,46,0
0,0,0,0,1,1,1,0,0,0,180,0,14,0
3,2,2,0,5,6,5,1,0,0,971,3,56,1
2,1,0,0,5,3,3,1,2,0,151,5,74,1
3,0,0,1,0,1,1,1,0,0,195,2,46,0
1,0,2,2,5,6,2,1,0,1,708,6,93,1
1,0,1,1,1,5,0,0,0,0,707,1,48,0
1,0,0,0,1,0,1,0,0,0,278,0,9,0
1,0,1,2,1,0,1,1,0,0,524,6,47,0
1,0,0,0,0,1,1,0,0,0,420,6,33,0
4,1,2,2,3,0,1,1,2,2,573,0,68,1
1,0,0,0,0,1,0,0,0,0,305,0,3,0
0,0,2,0,5,1,5,0,2,2,443,7,88,1
1,0,0,0,1,0,1,0,0,0,132,0,7,0
0,0,0,0,3,0,0,0,0,0,183,8,33,0
1,0,2,0,2,3,0,0,0,0,279,8,57,1
1,0,0,0,1,0,1,0,0,0,442,1,14,0
4,2,2,2,5,2,4,1,1,2,1358,7,67,1
4,0,1,0,6,1,0,1,0,0,671,8,79,1
2,1,1,2,5,0,4,0,0,0,986,1,52,1
1,1,1,0,0,3,1,0,0,0,1321,7,63,1
2,0,1,0,5,6,1,0,0,0,957,4,46,0
3,0,1,2,4,0,0,0,2,2,1555,0,77,1
1,0,0,0,5,6,0,1,0,0,972,7,50,1
0,0,2,2,1,0,1,0,0,0,554,3,44,0
0,0,0,1,4,6,4,1,1,0,1284,0,53,1
6,0,1,2,4,6,0,0,1,2,434,5,96,1
2,1,2,1,4,1,2,1,0,2,1324,8,95,1
6,0,0,1,6,2,5,0,2,2,415,2,97,1
1,0,0,1,6,2,0,0,0,0,953,2,41,0
2,0,0,2,5,6,1,0,0,0,952,7,41,0
1,0,2,0,5,1,3,0,0,0,1210,6,53,1
1,0,0,0,1,1,0,0,0,0,312,1,29,0
0,0,0,1,3,1,0,0,0,0,717,3,40,0
1,0,0,0,1,1,0,0,0,0,433,1,1,0
5,1,1,2,4,3,1,1,2,0,1251,2,89,1
0,0,1,2,6,1,2,0,1,1,1140,1,89,1
0,0,0,0,0,1,0,0,0,0,539,1,8,0
1,0,0,0,0,0,1,0,0,0,436,0,3,0
2,0,2,0,2,1,5,0,2,0,1605,4,90,1
0,0,0,0,0,1,0,0,0,0,289,0,12,0
2,1,0,0,4,0,5,1,1,0,649,2,55,1
2,0,0,1,1,0,0,0,0,0,809,4,37,0
1,0,0,0,0,1,1,0,0,0,521,5,31,0
0,0,2,2,4,3,5,0,1,1,661,0,89,1
4,1,0,1,3,2,1,0,0,1,179,5,78,1
2,0,0,0,2,1,0,0,0,0,800,0,39,0
1,1,0,2,6,6,0,0,2,0,751,6,65,1
2,0,1,0,5,4,0,0,0,0,136,2,40,0
1,0,0,0,3,1,1,0,0,0,697,6,30,0
1,0,2,1,1,1,4,1,0,2,612,1,76,1
0,0,0,0,0,0,1,0,0,0,229,1,8,0
5,0,1,0,3,3,5,0,2,2,484,4,83,1
1,0,1,2,4,4,4,0,0,0,627,3,52,1
2,0,2,2,3,3,4,1,2,0,176,8,60,1
2,1,0,1,1,5,4,0,1,0,373,8,55,1
1,0,0,1,2,1,1,0,0,0,144,5,42,0
1,0,0,0,1,1,0,0,0,0,354,1,20,0
3,1,1,0,2,4,0,1,1,1,191,4,77,1
0,0,0,0,6,4,4,1,1,0,379,8,58,1
3,0,1,1,5,5,4,1,2,1,1157,6,65,1
3,2,2,2,4,2,3,0,1,0,318,7,55,1
5,0,1,2,0,0,2,1,0,0,153,3,89,1
2,2,1,0,2,3,3,1,1,1,767,0,67,1
2,0,2,2,4,3,0,0,1,1,1456,4,83,1
2,0,0,0,5,0,0,0,0,0,390,3,33,0
3,0,2,2,2,0,1,1,0,0,134,5,47,0
3,1,2,2,6,1,3,1,1,0,377,4,100,1
1,0,0,0,0,1,0,0,0,0,439,1,22,0
1,0,0,0,0,0,1,0,0,0,157,0,15,0
2,2,1,1,5,1,3,1,2,0,1388,6,68,1
6,0,2,2,2,4,1,1,2,0,1474,6,97,1
1,0,0,0,1,0,0,0,0,0,837,0,25,0
0,0,0,0,0,1,1,0,0,0,407,1,2,0
0,0,0,0,0,1,1,0,0,0,250,1,10,0
2,2,1,1,0,1,3,1,1,0,400,0,58,1
1,0,0,0,0,1,1,0,0,0,796,1,24,0
1,0,0,0,1,1,0,0,0,0,338,0,27,0
0,0,0,0,2,3,5,1,0,1,197,7,68,1
0,0,0,0,1,1,1,0,0,0,465,1,28,0
3,0,2,1,1,3,1,1,1,0,1202,5,59,1
0,0,1,1,6,3,2,1,2,1,1431,3,89,1
2,0,0,2,2,0,1,0,0,0,968,3,36,0
3,1,0,0,3,3,3,1,2,0,1073,4,57,1
1,0,0,0,0,0,1,0,0,0,315,1,3,0
0,0,1,2,3,2,0,1,0,0,280,1,45,0
1,0,0,2,6,1,0,0,0,0,736,0,40,0
0,0,2,1,5,0,3,1,1,1,1586,8,100,1
0,0,0,0,1,1,1,0,0,0,350,1,19,0
5,1,1,0,2,1,1,0,1,1,165,0,83,1
1,0,0,0,1,0,0,0,0,0,135,0,4,0
1,1,2,2,2,6,3,0,0,2,1511,8,94,1
4,2,1,1,0,0,4,0,2,1,1128,3,72,1
3,1,1,1,0,2,5,1,1,1,970,1,95,1
3,2,1,2,0,2,5,1,2,2,942,6,65,1
5,1,2,0,5,4,0,1,2,0,855,6,85,1
2,0,2,1,0,4,0,0,0,0,665,2,43,0
1,0,0,2,1,4,5,0,1,1,685,0,89,1
1,0,1,2,1,4,1,0,0,0,278,2,40,0
1,0,0,0,0,1,0,0,0,0,321,0,8,0
3,1,0,1,3,2,3,0,0,2,1309,1,68,1
1,0,0,0,5,1,0,0,0,0,367,7,32,0
1,0,0,0,0,0,1,0,0,0,720,4,38,0
0,0,0,0,5,0,0,0,0,0,901,8,36,0
1,1,0,2,5,5,5,1,1,0,735,7,61,1
2,0,0,0,1,2,0,0,0,0,389,5,61,1
2,0,1,1,6,2,4,0,1,0,1373,8,65,1
4,1,2,0,5,0,3,1,1,2,1752,0,99,1
4,1,2,2,6,0,1,1,1,1,1162,1,73,1
3,0,1,2,1,1,0,0,0,0,551,4,48,0
4,0,2,2,6,0,5,0,0,2,233,4,68,1
1,0,1,0,5,4,0,1,0,0,421,1,49,0
4,1,2,1,5,6,1,0,2,2,308,2,88,1
1,0,0,0,0,1,0,0,0,0,402,0,8,0
1,0,0,0,1,0,0,0,0,0,355,0,11,0
2,0,1,1,1,6,0,0,0,0,228,5,42,0
0,0,0,0,0,0,1,0,0,0,403,0,28,0
3,2,0,2,5,0,0,1,1,0,1224,4,57,1
2,1,1,1,5,6,5,1,0,2,1738,4,84,1
1,0,0,2,5,1,0,0,0,0,244,6,41,0
4,1,1,0,0,3,2,0,2,2,310,0,78,1
0,0,2,1,5,4,0,0,0,0,1178,2,53,1
1,0,0,0,0,0,1,0,0,0,648,0,20,0
1,0,2,0,5,6,3,1,2,0,923,2,53,1
3,2,2,1,1,0,4,0,2,1,1116,1,83,1
0,0,1,2,1,1,5,1,1,0,1656,2,95,1
3,0,2,0,1,1,0,0,2,2,1048,4,70,1
2,2,1,2,1,2,1,1,0,0,1349,5,71,1
1,0,0,0,1,0,0,0,0,0,439,0,11,0
1,1,0,1,0,2,4,0,0,0,636,0,90,1
2,1,1,1,3,6,3,1,0,0,1286,0,53,1
0,0,0,0,5,1,1,0,0,0,501,4,32,0
0,0,0,0,0,1,1,0,0,0,742,1,26,0
1,0,2,2,3,4,4,1,2,0,880,5,55,1
1,0,0,1,5,0,3,0,0,0,147,1,54,1
0,0,0,0,1,0,1,0,0,0,593,1,12,0
3,0,2,2,0,1,4,0,0,1,348,4,85,1
4,1,2,0,4,1,5,1,1,0,1306,1,66,1
1,0,0,0,6,0,1,0,0,0,338,4,33,0
1,0,2,1,0,5,3,1,0,0,215,5,56,1
1,0,2,2,3,3,0,1,2,2,927,8,93,1
6,1,1,1,5,5,1,0,1,2,1456,8,95,1
1,0,2,0,5,4,0,0,2,0,415,3,84,1
1,0,0,1,4,4,1,1,0,0,1196,4,47,0
3,1,1,2,3,4,0,1,1,1,1741,8,87,1
1,0,0,0,1,1,1,0,0,0,688,1,28,0
0,0,0,0,2,5,0,0,0,0,266,7,42,0
1,0,2,2,2,4,0,0,0,0,1045,8,41,0
4,1,1,2,5,3,2,0,2,0,1545,4,89,1
3,2,0,1,3,2,0,0,2,2,1109,6,67,1
1,0,0,0,1,1,1,0,0,0,464,5,32,0
1,0,0,0,1,1,0,0,0,0,512,1,9,0
4,1,0,2,0,6,0,0,1,2,1132,2,67,1
0,0,0,0,1,0,0,0,0,0,143,1,7,0
3,2,2,0,1,2,1,0,2,1,1208,3,73,1
2,0,0,2,1,1,1,0,0,0,520,8,39,0
1,0,0,0,1,0,0,0,0,0,511,0,6,0
0,0,0,0,1,1,0,0,0,0,173,5,35,0
1,0,0,0,0,1,1,0,0,0,509,1,28,0
1,0,0,0,1,1,1,0,0,0,526,0,13,0
0,0,2,0,3,0,1,0,0,0,1092,4,44,0
6,1,2,2,1,3,1,0,2,1,1634,3,95,1
2,2,2,0,0,4,5,0,2,0,1186,5,50,1
3,2,2,2,1,6,4,1,2,0,187,2,52,1
1,0,0,0,1,0,0,0,0,0,120,1,10,0
2,1,2,0,0,1,3,0,1,0,632,3,58,1
2,1,1,2,4,2,2,1,0,1,1249,0,77,1
2,0,2,2,5,4,0,0,1,0,1089,5,61,1
0,0,0,2,5,5,1,1,0,0,296,4,47,0
1,1,0,2,0,3,2,0,2,2,600,8,77,1
5,1,2,2,3,2,3,1,1,1,876,5,99,1
0,0,0,1,2,2,5,1,2,2,530,4,74,1
1,0,0,0,1,1,0,0,0,0,444,1,28,0
1,0,2,0,6,4,2,0,1,1,1521,3,72,1
0,0,0,1,1,1,1,0,0,0,577,1,38,0
0,0,0,0,0,0,1,0,0,0,429,1,6,0
3,0,1,2,2,1,5,0,2,0,637,8,59,1
1,0,1,1,3,4,2,1,1,0,312,3,61,1
1,0,2,2,5,3,1,0,0,0,295,6,43,0
2,2,1,1,1,4,5,1,0,0,396,8,68,1
2,0,1,2,0,6,1,1,0,0,717,7,46,0
0,0,2,1,3,0,0,1,0,0,340,3,46,0
1,0,0,2,5,5,5,1,1,0,103,4,52,1
1,0,0,0,0,1,1,0,0,0,513,1,2,0
5,0,1,2,3,5,4,1,2,2,602,4,81,1
1,0,0,0,1,1,0,0,0,0,630,0,15,0
2,1,2,1,0,0,3,0,0,0,1346,6,63,1
0,0,0,0,0,1,1,0,0,0,131,0,12,0
0,0,2,0,3,3,4,1,2,0,1101,8,97,1
1,1,1,2,0,3,5,0,0,0,847,3,55,1
4,2,1,1,3,5,1,1,0,1,1096,3,85,1
2,0,2,2,4,3,0,1,0,0,218,7,47,0
0,0,0,0,0,1,0,0,0,0,318,0,16,0
0,0,0,2,0,0,1,0,0,0,488,0,44,0
3,1,0,1,5,2,4,0,1,1,1477,3,77,1
1,0,2,2,4,3,1,0,0,0,887,1,40,0
2,2,0,0,5,6,5,0,2,0,1034,3,88,1
3,0,1,2,6,1,1,0,0,0,1151,2,46,0
0,0,2,1,1,5,1,0,0,0,641,1,43,0
1,0,0,0,1,0,0,0,0,0,229,0,18,0
0,0,0,0,0,1,0,0,0,0,430,0,25,0
0,0,0,2,3,6,0,1,0,0,726,6,48,0
6,1,1,1,5,5,2,1,1,2,539,2,97,1
2,0,1,1,0,0,0,1,0,0,274,3,47,0
3,0,0,2,0,5,1,0,0,0,218,3,48,0
4,0,2,2,1,3,5,1,2,1,304,8,70,1
2,1,0,1,3,5,1,0,0,0,634,8,99,1
0,0,0,0,1,1,1,0,0,0,161,1,31,0
0,0,0,0,1,0,0,0,0,0,498,0,14,0
0,0,0,0,1,1,1,0,0,0,579,1,25,0
0,0,0,0,1,1,1,0,0,0,155,0,5,0
3,1,0,2,4,2,0,1,1,2,1088,1,99,1
3,0,0,1,1,0,2,1,2,0,1445,4,81,1
1,0,0,0,0,0,0,0,0,0,265,1,13,0
2,0,0,1,6,1,1,0,0,0,729,6,38,0
2,0,2,2,0,3,0,1,2,0,572,0,59,1
2,0,2,0,4,5,1,0,0,0,569,4,49,0
1,0,0,0,0,1,0,0,0,0,226,0,16,0
6,1,2,2,0,1,3,0,2,1,1051,0,94,1
2,0,0,1,1,0,4,0,2,0,915,2,59,1
6,1,0,1,6,0,1,0,0,1,1270,0,99,1
4,1,1,1,4,0,1,0,0,1,1216,3,70,1
4,1,0,2,6,4,5,0,0,1,841,7,96,1
1,0,0,0,6,0,1,0,0,0,418,5,30,0
1,0,0,0,4,0,1,0,0,0,225,0,32,0
0,0,0,0,1,0,0,0,0,0,254,0,20,0
0,0,0,0,1,1,1,0,0,0,679,0,24,0
1,0,0,0,1,0,1,0,0,0,604,0,28,0
0,0,0,1,3,4,3,0,2,0,721,1,62,1
1,0,0,0,1,0,1,0,0,0,195,1,16,0
2,0,0,0,6,0,1,0,0,0,313,3,32,0
3,2,1,0,6,4,3,1,1,0,1051,6,57,1
0,0,0,0,1,1,0,0,0,0,258,1,7,0
5,2,2,1,5,5,5,0,0,2,1661,7,83,1
1,0,0,0,1,2,4,1,2,2,1585,7,97,1
1,0,1,1,0,6,0,0,0,0,718,8,42,0
2,0,0,0,4,1,1,0,0,0,842,3,35,0
0,0,0,0,1,1,0,0,0,0,449,1,14,0
1,0,0,0,0,1,1,0,0,0,693,1,20,0
3,0,0,0,0,3,4,1,1,0,728,7,61,1
2,0,2,2,2,3,1,1,0,0,406,8,46,0
3,0,0,1,5,4,1,1,2,1,649,0,72,1
1,0,2,2,2,5,3,1,2,1,123,6,97,1
1,0,2,2,6,3,0,0,0,0,1163,2,48,0
3,0,2,1,3,3,3,1,1,0,183,3,52,1
4,1,0,1,1,3,3,0,2,1,242,1,72,1
1,0,0,0,0,1,0,0,0,0,166,1,7,0
0,0,0,0,0,1,0,0,0,0,394,0,22,0
0,0,0,0,0,0,0,0,0,0,246,0,20,0
4,0,1,1,3,0,3,0,1,2,629,3,78,1
0,0,2,1,5,1,1,1,1,2,902,5,87,1
1,1,0,0,4,2,1,1,2,0,167,6,99,1
1,0,0,0,4,1,1,0,0,0,644,7,33,0
2,0,0,0,4,5,4,0,1,0,841,5,99,1
0,0,0,2,6,0,1,0,0,0,353,7,39,0
2,0,1,1,6,0,3,1,2,0,1185,7,52,1
3,0,2,0,0,1,5,0,0,0,610,1,69,1
0,0,2,2,2,4,3,1,0,0,1312,2,61,1
3,2,2,1,1,4,3,0,2,0,615,2,69,1
2,0,0,1,6,1,0,0,0,0,690,1,39,0
4,1,1,1,0,3,0,0,0,0,474,8,60,1
4,0,1,0,0,2,0,0,0,2,1098,4,71,1
2,0,0,0,0,1,0,0,0,0,107,1,43,0
3,1,1,1,2,0,3,1,2,1,1368,2,92,1
5,0,0,1,3,3,1,1,1,2,1614,0,84,1
0,0,0,1,5,5,4,1,1,1,449,0,99,1
1,0,0,0,0,1,1,0,0,0,399,0,29,0
0,0,0,0,1,1,0,0,0,0,343,0,25,0
0,0,0,0,6,2,2,1,2,0,414,3,50,1
1,0,0,0,1,0,1,0,0,0,644,1,17,0
0,0,0,0,2,0,5,0,2,0,985,7,64,1
3,2,0,0,4,1,2,0,2,0,194,1,77,1
1,1,0,0,1,5,1,1,0,1,1278,3,71,1
3,2,1,2,1,4,0,1,2,2,861,5,96,1
0,0,0,0,1,0,1,0,0,0,185,1,15,0
1,0,1,1,6,3,2,0,1,0,712,8,76,1
1,1,0,1,1,2,4,0,2,0,1217,3,59,1
0,0,1,2,4,6,3,1,0,2,989,7,88,1
1,1,1,0,5,2,1,1,1,0,1375,7,61,1
3,0,2,1,2,3,0,1,1,2,729,3,66,1
0,0,2,2,0,6,1,1,2,2,138,4,66,1
1,0,0,0,1,1,0,0,0,0,131,0,16,0
2,0,2,0,3,5,2,1,0,1,950,2,72,1
0,0,0,1,3,0,0,0,0,0,474,4,36,0
1,0,0,1,6,4,1,0,2,0,1570,4,76,1
0,0,2,1,1,3,1,0,2,0,1640,7,80,1
0,0,0,0,1,1,0,0,0,0,364,1,23,0
1,0,2,0,0,5,0,0,0,0,644,2,42,0
1,0,1,2,4,5,2,1,1,0,423,8,78,1
1,1,2,1,5,3,5,1,1,0,822,3,81,1
0,0,0,1,6,1,5,1,1,2,583,6,76,1
0,0,0,2,1,1,0,0,0,0,688,0,41,0
5,0,1,1,6,3,3,0,2,1,716,2,90,1
3,0,2,2,2,2,2,0,2,0,681,2,57,1
1,0,1,2,3,4,1,0,2,1,1007,5,82,1
2,0,0,0,1,0,1,0,0,0,336,6,34,0
0,0,1,0,5,6,5,0,2,1,457,8,75,1
4,2,0,1,3,1,1,0,0,0,604,0,60,1
1,1,1,0,5,6,5,0,0,0,470,3,61,1
2,0,0,0,2,6,3,1,0,0,1267,8,54,1
1,0,2,1,1,0,0,0,0,0,810,0,47,0
0,0,1,0,1,1,0,0,0,0,434,1,41,0
1,0,0,0,0,1,1,0,0,0,266,1,3,0
1,0,0,0,0,1,0,0,0,0,177,1,6,0
1,0,1,0,0,4,0,0,0,0,860,5,43,0
0,0,0,0,1,0,0,0,0,0,597,0,11,0
0,0,2,1,0,2,5,0,2,2,735,4,75,1
0,0,0,1,5,3,2,1,1,0,1931,6,97,1
1,0,2,2,5,1,2,1,0,0,135,6,55,1
1,0,0,0,0,0,1,0,0,0,542,0,15,0
0,0,0,0,3,3,0,0,0,0,420,0,40,0
0,0,0,0,2,1,1,0,0,0,783,6,37,0
3,1,0,1,1,5,1,1,0,2,186,0,76,1
0,0,0,0,0,1,1,0,0,0,198,0,13,0
1,0,1,2,4,4,4,0,2,2,524,0,93,1
1,0,0,2,0,1,0,0,0,0,668,8,35,0
1,0,0,0,1,1,0,0,0,0,640,1,14,0
0,0,2,0,5,4,3,1,1,0,1240,8,53,1
1,1,1,0,4,0,0,1,0,2,1099,2,97,1
0,0,0,0,1,1,0,0,0,0,423,0,0,0
1,1,1,1,0,3,4,0,2,0,158,8,58,1
0,0,0,0,1,1,1,0,0,0,205,1,28,0
1,0,2,2,1,3,1,0,0,0,262,4,44,0
3,0,1,2,0,3,1,1,0,0,1020,5,49,0
1,0,0,0,1,0,0,0,0,0,535,1,8,0
3,0,0,1,5,4,1,1,0,0,524,4,45,0
0,0,0,0,4,0,1,0,0,0,314,2,31,0
0,0,0,0,0,1,1,0,0,0,319,1,2,0
6,0,0,1,5,3,3,0,0,2,509,1,97,1
3,0,2,2,3,0,0,1,0,0,320,5,48,0
2,0,0,1,5,0,0,0,0,0,972,1,36,0
1,0,0,0,0,0,1,0,0,0,397,1,18,0
0,0,2,0,2,2,0,0,0,0,619,0,41,0
4,2,2,0,4,6,3,1,2,1,585,8,85,1
3,0,1,1,0,3,1,0,0,1,609,8,65,1
0,0,0,0,0,0,0,0,0,0,398,0,28,0
0,0,2,1,4,1,0,0,0,0,603,4,40,0
1,0,0,0,1,1,1,0,0,0,523,1,13,0
1,0,0,0,0,1,0,0,0,0,634,1,19,0
0,0,0,0,1,0,1,0,0,0,435,1,20,0
0,0,0,0,0,0,0,0,0,0,119,0,7,0
1,0,0,0,0,1,1,0,0,0,861,1,28,0
0,0,1,0,5,2,4,0,1,0,309,8,57,1
1,0,1,0,3,3,3,0,2,2,335,2,80,1
0,0,0,0,1,1,1,0,0,0,597,0,27,0
4,1,0,1,0,2,1,1,1,2,761,8,74,1
1,0,0,1,1,0,0,0,0,0,263,4,36,0
4,0,1,2,4,6,3,0,2,0,600,7,88,1
1,0,0,0,0,1,1,0,0,0,142,3,30,0
0,0,0,0,0,0,1,0,0,0,489,0,9,0
0,0,0,0,4,0,1,0,0,0,106,6,33,0
0,0,0,0,1,1,0,0,0,0,613,0,10,0
0,0,0,0,1,1,0,0,0,0,411,1,13,0
1,1,0,0,1,2,0,1,0,0,505,1,52,1
0,0,2,2,0,2,0,1,0,2,574,2,66,1
2,0,0,1,6,4,0,0,0,0,417,4,40,0
0,0,1,0,4,5,2,0,1,0,1028,1,57,1
2,0,0,2,3,0,0,0,0,0,122,3,37,0
1,0,0,0,1,1,1,0,0,0,422,1,13,0
0,0,0,0,1,1,1,0,0,0,714,1,16,0
1,0,0,0,1,0,0,0,0,0,209,1,6,0
1,0,0,0,4,1,0,0,0,0,718,3,33,0
2,0,0,0,0,0,1,0,0,0,865,4,31,0
0,0,0,0,1,1,0,0,0,0,104,1,11,0
0,0,0,0,0,1,1,0,0,0,279,0,2,0
0,0,0,0,1,1,1,0,0,0,347,0,8,0
0,0,0,2,4,3,5,1,1,1,1711,1,87,1
1,0,0,0,0,1,0,0,0,0,497,1,21,0
0,0,0,0,1,1,1,0,0,0,366,1,2,0
2,2,1,2,5,4,4,1,2,0,616,8,59,1
1,0,0,0,0,0,1,0,0,0,209,0,8,0
1,0,0,0,1,0,0,0,0,0,327,1,6,0
6,0,2,1,2,4,2,0,0,0,1009,8,97,1
0,0,0,0,0,1,0,0,0,0,687,1,13,0
0,0,0,0,1,0,0,0,0,0,572,0,6,0
1,0,0,0,2,0,1,0,0,0,442,6,34,0
2,0,0,0,5,5,4,1,2,0,1256,6,57,1
2,1,0,0,4,0,3,0,0,2,579,5,89,1
0,0,0,0,6,0,1,0,0,0,732,2,31,0
3,0,1,0,5,3,0,1,0,0,1034,3,49,0
1,0,0,0,0,1,1,0,0,0,258,1,13,0
3,2,2,0,1,6,5,1,2,0,870,5,64,1
1,0,1,2,6,3,4,1,2,0,634,1,84,1
1,0,0,0,4,0,0,0,0,0,883,7,30,0
3,1,0,1,0,2,2,0,1,0,754,7,77,1
1,0,2,0,3,1,2,0,1,2,1303,8,77,1
1,1,1,1,2,3,1,1,0,0,706,5,78,1
3,0,0,0,4,5,0,1,0,0,370,7,46,0
0,0,1,2,4,1,2,1,0,2,1807,0,89,1
0,0,2,0,3,0,0,0,0,0,198,1,42,0
6,0,2,2,0,0,2,1,0,1,244,7,100,1
1,0,0,0,1,0,0,0,0,0,189,0,24,0
0,0,0,0,0,0,1,0,0,0,440,1,0,0
4,0,2,2,5,6,4,1,1,0,502,3,73,1
0,0,0,0,1,1,0,0,0,0,605,1,9,0
1,1,1,1,5,3,0,0,0,0,1681,8,80,1
1,0,0,1,1,6,0,1,1,0,1084,6,70,1
0,0,0,0,0,0,0,0,0,0,523,1,8,0
0,0,2,0,3,4,1,1,2,2,1310,1,97,1
3,1,1,0,6,1,1,0,2,0,238,3,52,1
1,1,0,2,1,5,3,1,0,0,879,3,84,1
2,2,2,2,2,6,1,0,1,0,478,6,59,1
2,1,1,2,4,2,1,1,2,2,1210,6,97,1
0,0,0,1,6,1,1,0,1,0,627,0,64,1
5,2,0,1,4,3,3,0,1,1,1538,5,77,1
5,2,2,0,6,5,3,0,1,2,1080,0,76,1
1,0,0,0,0,0,0,0,0,0,372,1,21,0
1,0,0,0,1,0,1,0,0,0,282,6,30,0
0,0,0,0,2,4,2,0,2,0,113,2,50,1
2,1,2,2,4,4,3,1,0,2,1032,3,79,1
2,1,2,1,6,2,0,0,1,2,1024,4,77,1
0,0,0,1,5,1,3,1,0,0,1555,8,87,1
1,1,1,2,3,6,3,0,0,0,428,5,54,1
2,2,0,0,1,0,0,0,1,1,610,0,71,1
4,2,0,2,1,5,2,0,2,1,557,2,95,1
0,0,0,0,1,0,0,0,0,0,275,1,14,0
1,0,0,0,1,1,1,0,0,0,252,0,29,0
1,0,0,0,0,0,0,0,0,0,415,1,0,0
1,0,0,0,0,1,1,0,0,0,524,0,2,0
1,1,2,2,3,6,1,1,1,0,235,2,55,1
5,2,1,1,2,0,5,0,0,1,265,0,79,1
0,0,2,2,6,2,5,0,0,1,454,3,65,1
0,0,0,1,0,3,1,0,0,1,178,2,88,1
5,2,0,0,5,1,5,1,2,0,1896,4,95,1
1,0,0,0,1,0,0,0,0,0,545,0,25,0
0,0,1,2,3,1,0,1,1,2,889,8,71,1
2,0,0,0,6,0,2,1,1,0,617,1,60,1
1,0,0,0,0,1,1,0,0,0,235,1,2,0
0,0,0,0,1,1,1,0,0,0,382,0,0,0
1,0,0,0,0,1,1,0,0,0,406,0,12,0
3,2,0,2,0,4,1,1,0,0,834,0,74,1
0,0,2,2,6,3,1,0,0,0,201,3,40,0
1,0,0,0,0,1,1,0,0,0,263,0,15,0
1,0,2,2,0,2,4,0,1,2,1011,4,89,1
1,0,0,0,2,0,1,0,0,0,608,6,30,0
1,0,0,0,0,1,0,0,0,0,209,0,22,0
1,0,0,0,0,1,1,0,0,0,618,1,14,0
1,0,0,0,1,0,1,0,0,0,141,0,23,0
1,0,0,0,1,0,0,0,0,0,120,1,10,0
0,0,2,2,3,0,1,0,0,0,733,2,45,0
0,0,0,0,1,1,1,0,0,0,776,1,22,0
1,0,1,2,6,2,4,1,1,1,1011,7,76,1
4,0,0,2,1,6,3,0,0,2,725,5,76,1
3,0,1,1,2,6,5,0,0,0,896,0,59,1
4,1,2,2,3,0,0,1,2,0,471,1,70,1
1,0,1,2,4,4,3,0,0,2,500,4,99,1
3,2,2,0,1,5,4,0,0,0,1115,4,58,1
0,0,2,0,5,1,1,0,0,0,1055,1,49,0
2,2,1,0,6,6,1,0,2,2,1094,8,81,1
2,0,2,1,5,5,4,1,2,2,314,8,66,1
6,1,0,2,3,3,5,0,0,2,1962,0,98,1
0,0,0,1,4,2,4,1,1,1,1047,4,82,1
1,0,0,0,6,0,1,0,0,0,512,2,39,0
3,0,1,2,6,2,2,0,1,1,1800,5,95,1
0,0,0,2,2,1,2,0,2,2,774,0,72,1
3,1,2,1,3,4,1,1,1,0,953,8,59,1
1,0,0,0,1,1,0,0,0,0,413,0,9,0
1,0,1,2,5,0,5,1,1,0,894,1,62,1
5,0,1,2,0,5,5,0,1,2,1194,3,87,1
1,0,0,0,1,5,1,1,0,0,127,3,49,0
1,0,0,0,1,0,1,0,0,0,798,0,24,0
1,0,0,0,6,5,3,1,0,0,1039,3,93,1
2,0,2,2,2,6,0,0,0,0,391,7,40,0
1,0,0,0,0,0,0,0,0,0,231,0,19,0
1,0,0,0,3,0,1,0,0,0,534,5,34,0
0,0,0,0,1,1,1,0,0,0,276,1,4,0
0,0,0,0,0,0,1,0,0,0,158,1,5,0
0,0,0,0,1,1,1,0,0,0,371,5,32,0
2,1,1,0,6,1,0,0,2,2,290,2,72,1
0,0,1,0,3,5,3,0,0,0,445,2,61,1
1,0,1,1,2,2,3,1,0,2,108,4,69,1
2,0,1,1,4,2,0,0,0,0,935,3,47,0
2,1,0,1,3,3,4,1,0,0,1423,2,90,1
3,0,2,2,4,0,2,1,0,0,159,8,62,1
0,0,0,0,1,1,0,0,0,0,534,0,22,0
0,0,0,0,0,0,1,0,0,0,483,1,23,0
0,0,0,1,6,4,0,1,2,1,148,1,86,1
2,0,0,0,0,0,0,0,0,0,527,4,43,0
2,0,0,0,3,1,1,0,0,0,1015,2,39,0
1,0,0,0,0,0,0,0,0,0,343,0,14,0
5,2,0,2,4,1,4,1,2,2,400,1,75,1
1,0,0,0,0,0,1,0,0,0,143,0,0,0
1,0,0,0,0,0,0,0,0,0,248,0,22,0
3,1,2,1,1,3,0,1,1,2,1246,5,83,1
4,2,1,0,4,1,0,1,0,0,408,2,62,1
5,2,2,2,5,0,0,0,1,2,1233,0,88,1
1,0,0,1,5,1,1,0,0,0,615,5,37,0
1,0,0,0,1,1,0,0,0,0,681,1,17,0
0,0,1,1,1,5,5,1,1,0,840,7,88,1
1,0,0,0,1,1,1,0,0,0,606,1,27,0
1,0,0,0,0,1,1,0,0,0,262,1,1,0
3,0,1,0,1,4,4,1,0,0,1217,4,59,1
1,0,0,0,0,0,0,0,0,0,510,0,19,0
5,1,1,0,3,0,0,1,0,1,252,8,90,1
0,0,1,2,5,3,4,0,0,0,252,6,54,1
2,0,1,2,6,2,0,0,0,0,1054,8,48,0
0,0,0,0,0,1,0,0,0,0,670,1,24,0
1,0,0,0,5,1,0,0,0,0,508,0,30,0
0,0,0,0,1,0,1,0,0,0,102,0,10,0
0,0,1,0,2,1,0,1,1,0,311,0,60,1
2,0,1,0,1,3,4,1,2,0,1006,6,60,1
1,1,1,0,5,0,2,0,0,0,171,0,57,1
1,0,0,0,0,0,1,0,0,0,384,1,6,0
0,0,0,0,0,1,0,0,0,0,176,1,3,0
2,2,1,0,5,6,5,0,2,2,1365,2,85,1
0,0,0,0,0,0,1,0,0,0,286,1,4,0
2,0,0,0,3,1,0,0,0,0,988,6,34,0
2,0,2,1,5,2,1,0,0,0,951,2,41,0
0,0,1,2,5,5,1,0,0,0,439,0,44,0
0,0,0,1,2,0,1,0,0,0,897,3,36,0
2,0,2,1,0,1,1,1,2,0,570,7,56,1
3,2,2,2,4,3,3,0,2,0,871,0,54,1
2,1,1,0,6,6,3,1,2,2,195,5,67,1
2,2,2,1,4,4,0,1,1,2,1353,0,66,1
0,0,1,2,3,1,2,0,2,1,1009,4,65,1
1,0,0,0,0,1,0,0,0,0,287,4,33,0
1,0,1,0,3,5,0,0,0,0,338,1,47,0
0,0,2,0,4,2,3,1,2,2,1234,5,88,1
1,0,0,0,2,6,4,1,0,2,1463,3,76,1
1,0,0,0,0,1,0,0,0,0,549,0,6,0
0,0,0,0,1,1,0,0,0,0,454,1,19,0
1,0,1,1,2,4,1,1,2,0,1570,2,84,1
1,0,0,0,1,1,1,0,0,0,557,1,8,0
0,0,1,0,4,1,1,0,0,0,1086,8,49,0
2,0,0,0,3,0,0,0,0,0,368,6,32,0
1,0,0,0,0,1,1,0,0,0,648,0,10,0
1,0,0,0,6,0,0,0,0,0,533,7,34,0
3,2,2,2,3,3,2,1,1,0,774,8,54,1
1,0,0,0,6,1,0,0,0,0,341,4,33,0
0,0,0,0,0,0,1,0,0,0,101,1,0,0
3,0,2,1,2,5,0,0,1,1,610,8,77,1
0,0,0,1,6,4,2,1,1,2,596,6,77,1
6,2,1,1,0,0,2,1,2,1,378,2,92,1
1,0,1,0,5,3,2,1,2,0,747,3,89,1
1,0,0,0,0,0,0,0,0,0,560,1,13,0
0,0,0,0,0,0,1,0,0,0,791,2,30,0
5,1,0,2,3,5,5,0,1,1,1035,5,83,1
1,0,0,0,5,0,1,0,1,0,1215,2,53,1
3,2,0,1,3,0,2,1,1,2,1145,5,71,1
3,1,0,1,3,2,5,1,0,2,158,2,65,1
4,2,2,0,2,1,0,0,2,2,1543,8,80,1
3,0,2,0,2,6,1,1,0,0,1177,4,48,0
0,0,0,0,1,1,0,0,0,0,436,0,22,0
0,0,0,0,0,0,0,0,0,0,517,1,5,0
0,0,0,0,0,0,0,0,0,0,312,1,11,0
3,0,1,0,6,3,1,1,0,0,378,6,48,0
2,0,1,0,4,3,5,1,0,2,598,2,69,1
1,0,0,0,1,0,1,0,0,0,324,0,0,0
0,0,0,2,4,1,1,1,2,2,810,5,95,1
1,1,1,0,1,5,1,1,1,0,174,0,61,1
1,0,0,0,1,1,1,0,0,0,822,7,32,0
0,0,0,0,0,1,0,0,0,0,863,0,27,0
1,0,0,0,1,0,1,0,0,0,267,1,21,0
0,0,0,0,1,1,1,0,0,0,248,1,5,0
4,2,2,2,1,4,3,1,2,0,700,1,66,1
1,0,0,0,1,0,1,0,0,0,531,1,13,0
3,0,2,1,6,6,2,1,2,0,120,4,51,1
2,0,0,2,2,1,1,0,0,0,864,3,35,0
0,0,0,0,0,0,0,0,0,0,390,1,26,0
3,0,2,1,0,0,1,0,0,0,589,4,45,0
2,0,2,2,6,2,0,0,0,0,531,4,40,0
1,0,0,0,1,0,1,0,0,0,205,0,4,0
0,0,0,0,0,0,0,0,0,0,623,0,10,0
0,0,2,2,3,0,3,0,2,0,607,5,88,1
0,0,2,0,0,4,5,0,0,0,849,3,54,1
1,0,0,0,1,0,1,0,0,0,513,1,26,0
0,0,0,0,1,1,0,0,0,0,361,1,2,0
1,0,0,0,1,1,1,0,0,0,476,1,9,0
4,2,1,1,3,2,4,1,2,2,859,5,89,1
1,0,0,0,1,0,1,0,0,0,168,0,3,0
0,0,2,1,6,2,0,0,2,0,806,2,56,1
2,0,2,2,2,1,0,1,2,2,1421,8,88,1
0,0,0,0,1,1,0,0,0,0,168,0,20,0
1,0,0,0,1,1,1,0,0,0,402,1,11,0
0,0,0,0,0,0,0,0,0,0,584,1,19,0
4,1,1,0,0,4,5,0,1,0,486,5,97,1
1,0,2,0,6,1,5,1,1,0,1608,2,87,1
1,1,0,1,5,6,0,1,0,0,1567,1,74,1
0,0,2,2,1,2,3,1,2,2,225,0,70,1
1,0,0,2,2,0,0,0,0,0,919,3,36,0
1,0,0,0,1,1,0,0,0,0,188,0,19,0
0,0,1,2,5,1,2,1,1,0,513,3,100,1
5,2,1,2,1,3,3,1,0,0,1110,3,76,1
0,0,0,0,6,0,0,0,0,0,126,2,37,0
0,0,2,0,1,0,0,1,2,1,1247,0,79,1
0,0,0,0,0,1,1,0,0,0,409,1,20,0
0,0,0,0,0,0,0,0,0,0,625,0,20,0
0,0,0,0,0,1,1,0,0,0,311,0,8,0
1,0,1,2,3,3,0,1,2,0,241,7,56,1
0,0,0,0,0,0,0,0,0,0,618,1,10,0
0,0,0,1,6,0,0,0,0,0,344,3,37,0
1,0,0,1,6,2,4,1,1,0,1109,1,100,1
2,0,0,0,3,1,1,0,0,0,159,7,32,0
2,2,0,1,5,6,5,1,0,0,563,1,58,1
1,0,0,1,0,6,0,1,0,0,1131,1,48,0
0,0,0,0,1,1,0,0,0,0,292,1,11,0
1,0,1,1,6,3,0,0,1,2,1344,4,98,1
3,1,2,2,1,6,5,0,0,0,546,7,51,1
0,0,0,0,1,0,1,0,0,0,367,0,7,0
0,0,0,1,5,0,4,1,0,0,473,3,100,1
0,0,0,0,6,1,1,0,0,0,1010,8,38,0
3,1,1,2,4,5,4,0,2,2,450,3,99,1
2,2,2,0,6,4,3,0,0,0,1174,5,59,1
1,1,2,1,5,2,2,1,0,0,1370,1,69,1
3,0,0,1,4,6,1,0,1,1,1211,8,73,1
1,0,0,0,0,1,0,0,0,0,248,0,26,0
0,0,1,2,1,3,2,1,1,2,737,6,68,1
2,2,1,2,3,5,2,0,1,0,572,7,53,1
0,0,0,1,1,0,3,1,1,0,1277,7,98,1
3,0,0,1,2,4,2,0,2,0,311,1,61,1
6,1,1,0,2,3,1,0,2,1,1556,3,95,1
3,0,0,1,4,3,0,0,1,1,163,3,89,1
0,0,0,2,4,1,1,0,0,0,781,5,48,0
2,0,2,1,3,2,1,0,0,0,459,6,43,0
1,1,2,1,6,6,1,1,1,0,283,4,64,1
0,0,0,0,1,1,1,0,0,0,243,1,3,0
2,2,1,1,0,0,1,0,0,0,1330,6,72,1
1,0,1,0,1,4,3,1,1,2,357,1,82,1
5,1,2,0,3,6,4,0,2,1,1447,0,83,1
2,2,2,1,0,6,4,0,1,0,1566,1,74,1
2,0,2,0,0,1,3,1,0,0,592,4,52,1
2,2,1,0,6,5,3,1,0,0,960,2,67,1
4,1,2,2,4,2,5,0,1,0,471,5,62,1
1,0,0,0,4,1,1,0,0,0,689,5,32,0
0,0,0,0,5,1,1,0,0,0,965,6,37,0
1,0,0,0,1,0,0,0,0,0,112,0,16,0
0,0,0,1,2,3,4,1,2,0,753,2,53,1
1,0,0,0,0,1,0,0,0,0,664,0,29,0
1,0,0,0,1,1,0,0,0,0,799,0,20,0
0,0,0,0,1,0,1,0,0,0,384,0,6,0
1,0,0,0,1,1,1,0,0,0,176,0,16,0
1,0,0,0,1,1,0,0,0,0,457,1,5,0
0,0,0,0,1,1,0,0,0,0,654,0,22,0
1,1,0,2,4,6,3,1,1,2,1107,8,81,1
0,0,0,0,0,0,1,0,0,0,433,1,15,0
2,0,0,1,5,1,0,0,0,0,947,1,35,0
2,0,2,0,5,5,0,0,0,0,1059,0,43,0
4,2,1,0,5,0,3,0,0,1,344,1,86,1
1,0,0,1,2,1,0,0,0,0,205,8,38,0
0,0,0,0,6,1,1,0,0,0,919,4,30,0
1,0,0,0,1,0,1,0,0,0,827,0,22,0
1,0,0,0,5,1,1,0,0,0,672,7,30,0
0,0,1,2,4,0,5,0,1,0,596,2,58,1
0,0,0,0,6,5,0,0,0,0,434,2,42,0
3,2,2,0,4,3,5,1,1,0,139,2,51,1
3,1,2,0,4,1,4,1,1,0,939,4,69,1
1,0,2,0,6,0,1,1,0,0,143,7,51,1
0,0,0,0,1,0,1,0,0,0,570,1,5,0
6,2,0,0,0,3,5,0,2,2,580,4,96,1
2,2,0,2,5,5,3,1,2,0,723,8,64,1
3,2,0,2,3,2,0,1,1,0,650,5,56,1
2,1,0,1,3,3,2,1,0,0,1144,2,50,1
0,0,2,1,3,3,4,1,0,0,182,3,64,1
1,0,0,0,6,0,0,0,0,0,290,6,39,0
1,0,0,0,0,0,0,0,0,0,228,1,22,0
2,1,0,1,3,1,1,0,2,2,1654,0,84,1
2,0,2,1,1,2,0,1,2,0,802,2,59,1
1,1,1,1,5,3,2,0,0,1,1550,8,82,1
1,0,0,0,0,0,1,0,0,0,314,1,25,0
6,1,2,0,1,1,3,1,0,0,628,2,92,1
1,0,0,0,1,0,0,0,0,0,576,0,19,0
6,0,1,2,1,1,2,0,0,0,577,3,100,1
3,2,2,2,0,0,4,1,0,2,525,4,91,1
0,0,0,0,1,0,1,0,0,0,201,0,4,0
0,0,0,0,0,0,1,0,0,0,475,1,29,0
0,0,1,2,3,4,5,0,1,1,548,7,81,1
1,0,0,0,0,1,1,0,0,0,494,0,12,0
5,1,1,1,6,5,2,1,1,2,1515,2,83,1
1,0,0,0,1,0,1,0,0,0,261,1,12,0
0,0,0,1,1,0,1,0,0,0,302,6,37,0
4,1,2,0,2,5,1,0,2,2,177,3,66,1
3,2,2,1,5,5,4,0,2,0,264,5,77,1
0,0,0,0,0,0,1,0,0,0,487,1,2,0
1,0,0,2,5,5,0,0,0,0,361,5,44,0
1,0,0,0,1,1,1,0,0,0,426,0,1,0
3,0,1,1,3,3,0,1,2,0,1189,6,51,1
0,0,0,0,4,1,0,0,0,0,848,0,31,0
1,0,0,0,0,1,0,0,0,0,580,1,29,0
0,0,0,0,0,1,1,0,0,0,679,1,21,0
2,0,0,0,3,1,0,0,0,0,686,6,30,0
1,0,0,0,1,1,0,0,0,0,305,1,29,0
2,0,1,1,2,3,1,0,0,0,303,1,41,0
0,0,0,0,0,1,5,0,0,0,399,7,60,1
1,0,0,0,1,0,0,0,0,0,459,1,26,0
3,0,2,2,6,1,1,0,1,2,1025,4,84,1
1,0,1,2,3,0,0,0,0,2,121,4,72,1
4,1,1,2,5,0,5,1,0,2,415,6,70,1
1,0,0,1,6,0,1,0,0,0,626,5,39,0
2,2,1,0,3,3,0,0,2,0,1115,1,78,1
2,2,2,2,2,5,4,0,0,0,684,5,53,1
3,0,2,1,3,3,4,1,1,1,1723,3,96,1
1,1,2,0,5,6,5,1,0,2,1272,0,88,1
2,1,1,1,0,4,1,1,2,1,1615,7,84,1
0,0,1,1,1,6,2,1,0,0,925,8,56,1
2,0,0,2,0,3,0,0,0,0,864,5,40,0
0,0,0,0,0,0,1,0,0,0,243,1,7,0
5,0,1,0,2,6,1,1,1,2,930,5,77,1
0,0,0,0,0,0,1,0,0,0,498,0,22,0
2,0,0,0,3,0,0,0,0,0,633,8,30,0
0,0,0,0,1,1,1,0,0,0,418,1,5,0
3,0,0,1,4,6,0,0,0,0,1076,6,48,0
1,0,0,0,2,1,1,0,0,0,852,1,33,0
5,0,1,0,1,1,0,1,0,0,1588,6,84,1
2,1,2,1,5,4,5,0,2,2,1408,0,89,1
1,0,0,0,0,1,0,0,0,0,210,0,5,0
1,0,2,1,5,5,1,0,0,0,305,3,47,0
2,1,2,0,6,6,0,0,2,1,1086,3,65,1
0,0,0,0,1,6,2,1,1,0,1209,1,66,1
0,0,1,2,5,6,0,1,0,0,337,3,47,0
2,0,1,1,0,4,0,0,2,0,943,8,51,1
0,0,2,1,0,3,0,0,2,0,737,2,56,1
1,0,2,2,6,6,2,0,1,2,307,6,76,1
0,0,0,0,0,0,0,0,0,0,176,0,10,0
2,0,0,1,1,0,0,0,0,0,676,4,35,0
0,0,0,0,0,1,0,0,0,0,575,1,5,0
2,2,2,1,3,1,5,1,1,0,1207,0,63,1
3,0,0,0,5,1,1,0,0,0,167,3,49,0
1,0,0,0,1,0,1,0,0,0,262,1,7,0
0,0,0,0,4,3,0,0,2,0,348,2,86,1
5,2,0,2,4,6,4,0,0,0,472,5,85,1
3,0,2,2,1,0,1,0,0,0,552,1,45,0
2,0,0,1,4,1,0,0,0,0,966,0,36,0
3,2,0,2,6,3,4,0,1,1,163,5,74,1
0,0,0,0,0,0,0,0,0,0,322,1,20,0
0,0,0,0,1,1,0,0,0,0,452,0,0,0
1,0,0,0,5,1,0,0,0,0,654,1,32,0
4,1,0,1,0,6,4,0,1,1,1254,5,88,1
1,0,0,0,4,1,0,0,0,0,939,6,33,0
1,0,0,0,0,1,0,0,0,0,454,1,1,0
1,0,0,0,3,1,0,0,0,0,800,8,33,0
2,0,2,0,3,2,0,0,0,0,661,1,44,0
0,0,0,2,4,0,1,0,0,0,735,5,39,0
3,1,0,1,6,1,5,1,1,0,931,6,58,1
0,0,0,0,0,3,2,1,0,2,1390,6,77,1
1,0,0,0,1,1,1,0,0,0,696,0,15,0
1,0,0,0,0,1,1,0,0,0,186,0,17,0
3,1,0,2,4,3,3,0,0,1,1322,8,97,1
1,0,0,0,1,1,1,0,0,0,147,0,16,0
2,1,0,1,5,3,5,1,0,0,423,1,50,1
3,0,0,0,0,5,0,1,0,0,403,4,46,0
0,0,0,0,1,0,1,0,0,0,499,0,22,0
1,0,0,0,1,1,0,0,0,0,331,0,0,0
1,0,0,0,0,1,0,0,0,0,108,1,13,0
1,1,0,0,1,5,0,1,1,1,134,5,93,1
4,0,1,2,1,1,1,0,2,2,1556,1,78,1
0,0,0,0,0,1,1,0,0,0,481,0,0,0
0,0,2,2,6,0,2,0,2,1,1148,3,92,1
2,0,0,0,6,0,1,0,0,0,954,7,33,0
4,0,2,1,0,6,1,0,0,1,1187,2,75,1
0,0,0,0,0,1,0,0,0,0,614,0,29,0
0,0,2,2,3,1,2,0,1,1,1048,8,83,1
4,1,0,2,2,2,4,1,1,1,1689,5,98,1
1,0,0,0,0,1,0,0,0,0,300,1,16,0
1,1,1,1,5,1,1,1,0,1,339,1,80,1
1,0,1,0,1,2,2,1,0,0,1234,8,59,1
1,0,0,0,0,0,1,0,0,0,551,1,23,0
3,1,1,2,0,4,1,1,1,0,757,8,60,1
0,0,0,2,3,2,1,0,2,0,540,6,57,1
2,2,0,0,2,6,5,0,1,0,295,0,71,1
2,2,0,1,6,2,1,0,2,0,349,0,61,1
0,0,1,1,2,1,1,1,0,0,821,7,49,0
1,0,0,0,1,0,1,0,0,0,199,1,39,0
2,0,0,0,2,6,4,1,0,2,985,7,87,1
0,0,0,0,0,0,0,0,0,0,505,1,3,0
1,0,0,0,1,1,1,0,0,0,856,1,28,0
3,2,0,2,4,4,4,0,1,2,926,0,70,1
6,0,0,1,4,4,1,1,2,1,545,7,90,1
1,0,1,1,4,6,0,0,0,0,340,2,55,1
0,0,0,0,0,1,1,0,0,0,670,0,21,0
0,0,1,0,5,0,2,0,1,0,1237,7,56,1
1,0,0,1,5,1,1,0,0,0,106,7,39,0
0,0,0,0,1,1,1,0,0,0,490,1,2,0
0,0,2,1,3,5,1,0,2,0,416,1,51,1
0,0,0,0,0,0,1,0,0,0,650,0,23,0
4,1,1,0,3,2,5,0,2,0,521,3,61,1
1,0,0,0,1,1,0,0,0,0,439,0,1,0
3,2,1,0,2,4,2,0,0,0,472,3,51,1
2,0,0,0,2,0,1,0,0,0,633,4,32,0
4,0,0,2,5,2,3,1,0,0,635,2,74,1
0,0,0,0,1,0,1,0,0,0,670,0,15,0
0,0,2,2,5,1,3,1,2,0,1183,1,60,1
1,0,0,0,1,1,1,0,0,0,481,1,10,0
0,0,0,0,0,1,0,0,0,0,206,0,21,0
6,1,0,2,3,2,4,1,0,1,918,7,97,1
3,1,1,1,4,1,2,1,0,0,527,4,54,1
1,0,0,0,1,0,1,0,0,0,325,0,11,0
4,1,0,1,6,3,1,0,0,2,1342,0,70,1
3,1,0,1,6,0,0,0,0,0,558,1,86,1
1,0,2,0,2,2,0,0,0,0,507,6,42,0
1,0,0,0,4,0,0,0,0,0,367,0,32,0
0,0,0,0,1,0,1,0,0,0,356,1,11,0
4,0,1,2,6,5,4,0,1,1,559,8,90,1
0,0,1,2,4,3,3,0,1,1,471,0,84,1
3,0,0,0,6,1,3,0,1,1,558,2,74,1
1,0,0,0,1,1,0,0,0,0,558,1,7,0
3,0,0,2,6,6,1,1,0,0,1009,3,46,0
1,0,0,0,1,0,0,0,0,0,218,1,20,0
2,0,0,2,0,1,1,0,0,0,310,2,39,0
6,1,0,2,3,4,2,1,2,2,1508,8,93,1
5,2,1,0,0,6,4,1,2,2,1071,3,82,1
2,0,1,1,6,6,1,0,0,0,535,3,44,0
2,1,1,0,1,3,1,0,1,0,910,7,52,1
3,1,2,1,6,6,2,1,2,1,1443,6,84,1
2,0,2,2,2,3,0,1,0,0,824,3,49,0
1,0,0,1,6,1,0,0,0,0,834,2,35,0
0,0,0,0,6,1,0,0,0,0,553,7,32,0
0,0,0,0,1,1,1,0,0,0,332,1,21,0
0,0,0,1,6,6,1,0,0,0,672,8,42,0
1,0,0,0,0,1,0,0,0,0,372,0,4,0
1,0,0,0,1,0,0,0,0,0,838,0,25,0
1,0,0,0,4,1,1,0,0,0,858,8,31,0
1,0,0,0,0,1,0,0,0,0,334,0,5,0
1,0,0,0,0,1,0,0,0,0,469,1,7,0
0,0,0,0,1,0,1,0,0,0,205,0,27,0
1,1,1,2,1,6,4,1,2,2,984,3,94,1
1,0,0,0,1,1,1,0,0,0,763,1,25,0
2,0,0,0,6,1,1,0,0,0,863,0,34,0
0,0,0,0,6,0,1,0,0,0,301,7,31,0
0,0,0,0,2,0,0,0,0,0,825,4,33,0
0,0,0,0,0,0,0,0,0,0,600,1,8,0
1,0,0,0,0,1,0,0,0,0,300,1,5,0
2,2,1,1,4,5,3,0,2,0,583,0,66,1
0,0,1,0,2,3,5,1,1,0,1068,8,54,1
1,1,0,1,5,6,5,0,1,0,480,7,75,1
1,0,0,0,1,1,1,0,0,0,487,1,3,0
1,0,0,0,0,0,0,0,0,0,407,0,7,0
2,0,0,0,3,0,0,0,0,0,683,1,30,0
0,0,0,0,1,1,1,0,0,0,472,1,16,0
0,0,0,1,3,4,3,0,1,2,1134,0,86,1
4,0,0,2,6,6,3,1,0,0,161,6,62,1
0,0,0,0,3,0,1,0,0,0,640,3,34,0
4,2,2,1,3,4,5,1,2,0,1749,0,97,1
1,0,0,0,1,1,0,0,0,0,543,1,29,0
2,2,2,0,6,2,2,0,1,0,1152,0,84,1
0,0,0,1,4,6,4,0,2,1,624,3,78,1
0,0,1,2,4,2,5,1,1,1,185,8,94,1
4,1,2,2,1,0,1,0,2,0,1044,5,71,1
0,0,0,1,4,4,0,0,2,0,840,2,55,1
0,0,0,0,0,1,1,0,0,0,300,0,26,0
0,0,0,0,0,1,1,0,0,0,280,1,2,0
0,0,0,0,0,1,0,0,0,0,280,1,0,0
0,0,0,0,1,0,0,0,0,0,113,0,7,0
1,0,0,0,0,0,1,0,0,0,104,0,18,0
0,0,0,0,0,0,0,0,0,0,876,6,37,0
1,0,1,2,6,0,5,0,2,0,214,5,66,1
2,0,0,1,5,1,0,0,0,0,1037,8,38,0
3,0,1,2,3,1,0,1,0,0,774,5,45,0
2,0,0,0,6,0,1,0,0,0,186,8,30,0
1,0,0,0,0,0,0,0,0,0,547,1,20,0
1,0,0,0,0,1,0,0,0,0,471,1,16,0
3,2,1,2,6,4,5,0,1,1,1311,0,82,1
0,0,0,0,4,0,1,0,0,0,845,5,31,0
1,0,0,2,4,1,1,0,0,0,205,5,38,0
1,0,0,0,1,0,1,0,0,0,477,0,1,0
4,0,2,1,2,3,5,1,0,0,780,0,65,1
3,2,1,1,6,2,4,0,1,0,781,8,56,1
0,0,2,2,1,5,1,1,1,1,714,7,65,1
6,1,2,1,3,2,2,0,1,1,1900,1,98,1
0,0,0,0,1,0,1,0,0,0,700,0,16,0
4,1,2,0,0,3,0,1,1,0,845,4,61,1
2,2,2,2,3,3,2,0,1,1,371,3,70,1
4,1,1,2,6,3,0,0,1,1,1300,3,86,1
0,0,0,1,3,3,1,0,0,0,142,6,43,0
0,0,0,0,6,0,1,0,0,0,251,7,38,0
2,0,0,1,6,2,0,0,1,0,311,7,50,1
0,0,1,1,2,2,4,0,1,1,828,5,81,1
3,0,0,0,3,4,0,0,0,0,863,7,46,0
3,1,2,0,4,6,4,1,0,1,1745,1,89,1
1,0,0,0,0,1,0,0,0,0,140,1,3,0
1,0,0,0,1,1,1,0,0,0,262,0,11,0
5,2,1,2,1,1,3,1,0,2,1496,3,80,1
1,0,0,0,0,1,0,0,0,0,190,0,8,0
2,0,2,0,4,0,0,0,0,0,856,3,47,0
0,0,0,0,0,1,1,0,0,0,149,0,22,0
5,0,2,2,5,1,5,0,2,1,597,7,78,1
0,0,0,2,5,1,4,1,2,0,1441,1,75,1
4,2,0,2,2,2,3,0,1,1,985,6,71,1
2,0,0,0,2,0,0,0,0,0,656,3,31,0
2,0,0,2,0,0,1,0,0,0,290,6,38,0
2,1,1,0,5,6,3,1,1,0,161,4,55,1
1,0,1,2,6,3,3,0,1,0,1316,5,59,1
0,0,1,1,2,4,4,0,1,1,1178,7,66,1
0,0,1,1,6,4,1,1,0,0,1759,5,84,1
1,0,1,1,5,1,0,0,0,0,671,0,42,0
1,0,0,0,0,1,1,0,0,0,703,1,19,0
3,0,2,2,0,0,0,0,0,0,398,3,49,0
5,2,2,0,2,3,4,1,0,0,207,3,85,1
1,0,1,2,4,6,2,0,1,0,231,3,59,1
3,1,1,2,4,2,3,0,0,1,775,5,65,1
3,2,1,2,6,3,5,1,2,2,861,7,74,1
3,2,2,0,0,2,2,0,2,0,369,6,64,1
5,1,2,1,2,5,2,1,0,1,559,2,81,1
0,0,1,0,2,3,2,0,1,0,618,2,59,1
0,0,0,0,1,0,0,0,0,0,450,1,5,0
2,1,2,0,6,2,1,0,0,0,767,1,56,1
4,0,2,2,2,5,5,0,1,1,866,1,80,1
0,0,0,0,2,1,0,0,0,0,656,1,30,0
2,0,0,0,5,4,4,1,1,1,1554,3,80,1
1,0,0,0,0,1,0,0,0,0,312,0,23,0
0,0,1,0,5,6,4,0,2,1,188,0,70,1
1,0,0,2,0,4,1,1,0,0,1040,4,46,0
3,1,2,2,0,2,1,1,0,2,469,5,74,1
4,1,0,0,6,2,1,1,2,0,191,4,78,1
1,0,0,0,1,1,0,0,0,0,213,0,0,0
0,0,2,0,1,0,3,1,1,0,794,3,54,1
0,0,1,0,6,1,0,1,0,0,269,2,58,1
2,0,0,0,3,3,3,1,1,0,188,2,56,1
0,0,0,0,1,0,1,0,0,0,464,1,28,0
0,0,0,1,3,2,2,1,0,1,1035,2,65,1
0,0,0,0,1,1,0,0,0,0,173,1,6,0
2,0,0,0,2,5,5,1,2,1,185,6,92,1
0,0,1,0,6,0,1,0,2,2,287,6,74,1
1,0,0,1,6,6,1,0,2,0,573,0,58,1
2,1,2,1,5,4,5,1,0,1,777,7,80,1
1,0,0,0,1,0,0,0,0,0,540,0,7,0
4,0,0,0,2,1,3,1,1,2,1182,5,90,1
5,1,2,0,4,0,1,0,1,0,1686,1,80,1
2,0,1,2,4,0,1,0,0,0,200,0,41,0
1,0,1,1,6,2,5,0,0,1,515,3,77,1
1,0,0,0,1,1,1,0,0,0,199,1,0,0
0,0,2,2,2,0,3,1,0,1,1019,0,89,1
5,0,0,1,0,6,5,1,1,0,327,2,81,1
2,0,2,2,1,4,0,0,0,0,534,7,43,0
1,0,0,0,1,1,0,0,0,0,564,1,11,0
3,1,0,1,4,0,3,0,2,2,589,0,77,1
5,0,0,2,2,5,2,0,1,2,1675,8,97,1
0,0,0,0,0,1,0,0,0,0,484,1,24,0
3,0,2,2,5,6,2,1,0,1,817,4,82,1
1,0,2,1,4,1,1,1,0,0,143,7,45,0
2,0,0,2,2,3,0,0,0,0,1060,8,48,0
2,1,0,2,5,1,3,0,2,2,427,6,82,1
0,0,0,0,1,0,0,0,0,0,387,1,3,0
0,0,0,2,6,1,3,0,2,2,239,4,65,1
0,0,2,1,0,0,1,0,1,2,931,2,73,1
0,0,2,2,5,4,3,1,1,1,201,1,67,1
2,0,0,2,3,0,1,0,0,0,618,2,35,0
0,0,0,0,1,1,1,0,0,0,413,1,12,0
1,0,0,0,1,0,1,0,0,0,404,1,3,0
0,0,2,0,1,0,1,0,0,0,519,5,49,0
1,1,1,2,4,6,5,0,1,0,191,0,51,1
2,0,1,1,5,2,5,1,2,0,1068,3,63,1
0,0,2,0,5,0,1,1,0,0,636,8,46,0
2,1,1,2,1,2,4,1,2,0,1226,4,57,1
0,0,0,0,1,1,1,0,0,0,869,0,27,0
1,0,0,0,0,0,0,0,0,0,726,0,22,0
1,0,0,0,1,1,0,0,0,0,176,1,7,0
0,0,2,1,4,4,1,0,1,0,589,0,62,1
0,0,0,0,0,1,0,0,0,0,140,1,27,0
3,2,0,2,6,5,5,1,1,0,582,5,82,1
0,0,1,2,1,0,0,0,0,0,666,8,42,0
2,1,2,0,0,1,4,0,1,0,1310,3,62,1
2,0,0,1,0,1,0,0,0,0,684,2,37,0
0,0,0,0,0,0,1,0,0,0,571,1,16,0
0,0,0,2,5,2,1,0,0,0,864,0,42,0
1,0,1,2,5,3,1,0,0,0,899,1,40,0
2,0,0,0,5,2,1,1,2,0,753,3,58,1
0,0,2,2,0,0,1,0,0,0,1113,5,44,0
0,0,0,0,1,0,0,0,0,0,416,1,4,0
0,0,1,2,5,6,2,1,2,1,955,2,65,1
2,0,0,2,0,3,4,1,1,0,1166,8,78,1
1,0,0,1,4,6,1,0,0,0,333,4,40,0
0,0,0,0,0,0,0,0,0,0,407,2,34,0
4,1,1,2,1,2,2,0,0,0,102,1,62,1
0,0,2,2,5,0,1,0,2,2,602,5,67,1
2,0,2,1,6,4,5,0,0,0,282,5,57,1
3,0,0,1,3,2,3,0,2,0,1814,6,91,1
2,0,0,0,3,0,1,0,0,0,952,5,36,0
1,0,1,0,0,1,0,0,0,0,950,3,41,0
2,0,1,1,4,5,0,0,0,0,395,3,43,0
2,0,1,0,6,3,1,1,0,1,888,6,72,1
1,0,0,0,1,1,0,0,0,0,469,0,7,0
0,0,2,2,6,0,0,1,2,0,832,1,53,1
1,1,0,0,2,5,5,0,2,0,463,0,50,1
0,0,0,0,1,0,1,0,0,0,446,1,21,0
1,0,0,0,0,1,1,0,0,0,359,0,8,0
2,1,0,0,1,5,1,1,1,1,125,2,67,1
2,2,0,1,3,5,2,0,1,2,1354,1,66,1
2,2,1,2,1,4,0,1,0,2,1744,4,85,1
1,0,0,2,6,0,5,0,2,1,427,4,75,1
0,0,0,1,0,6,0,0,2,0,841,6,64,1
4,0,2,0,2,6,1,1,1,0,111,1,73,1
0,0,0,0,0,1,1,0,0,0,143,0,20,0
1,0,0,0,1,1,1,0,0,0,306,1,6,0
2,2,0,2,4,1,3,0,2,0,606,6,79,1
2,2,0,1,2,2,5,0,1,0,491,2,58,1
0,0,0,0,1,0,4,1,0,0,309,5,92,1
1,0,1,0,4,2,5,0,2,0,356,2,51,1
5,1,1,0,3,3,0,0,0,0,385,5,92,1
1,0,0,0,1,0,1,0,0,0,551,0,31,0
3,1,0,1,6,1,4,0,2,0,1308,8,57,1
3,2,1,1,2,0,4,1,1,0,374,1,63,1
1,0,0,0,1,0,1,0,0,0,531,0,5,0
0,0,0,0,0,0,1,0,0,0,137,0,2,0
5,2,2,1,1,2,3,0,1,1,474,6,88,1
1,0,0,1,5,6,0,0,0,0,464,7,44,0
1,1,2,0,1,4,5,0,2,0,446,8,55,1
1,1,2,0,5,5,1,1,2,2,973,8,73,1
1,0,0,0,0,1,0,0,0,0,433,0,2,0
3,0,2,0,0,4,1,0,0,0,244,1,45,0
3,2,2,2,1,5,0,0,1,0,739,7,92,1
0,0,0,1,6,5,0,1,1,1,112,8,92,1
2,2,1,2,4,4,4,1,0,1,1034,6,70,1
3,2,1,0,6,0,1,0,1,0,1285,5,64,1
1,0,0,0,1,1,1,0,0,0,275,0,9,0
2,0,1,0,1,6,0,0,0,0,770,1,47,0
1,0,0,2,3,1,1,0,0,0,324,1,44,0
1,0,0,0,1,1,1,0,0,0,154,0,3,0
1,1,1,2,4,0,2,0,1,0,232,7,54,1
1,0,0,0,1,0,0,0,0,0,367,2,30,0
3,2,1,0,5,1,5,0,0,0,1216,1,53,1
0,0,0,0,1,0,0,0,0,0,461,1,17,0
3,2,2,2,2,1,0,0,0,1,1634,5,86,1
3,0,1,0,0,0,2,0,0,0,133,8,74,1
3,0,0,0,6,3,5,1,2,0,631,0,64,1
0,0,0,0,0,0,0,0,0,0,460,1,3,0
2,0,0,1,5,0,0,0,0,0,1039,0,38,0
0,0,0,0,0,1,0,0,0,0,358,0,16,0
0,0,0,0,4,2,3,0,1,2,1226,7,69,1
3,2,2,0,1,6,0,1,2,2,1275,7,68,1
0,0,0,0,0,0,1,0,0,0,196,1,1,0
3,1,0,2,1,2,2,0,0,0,942,5,85,1
0,0,0,0,0,1,1,0,0,0,101,0,8,0
1,0,0,0,0,0,0,0,0,0,220,1,1,0
2,0,2,1,4,2,0,0,0,0,1067,2,46,0
5,0,2,0,4,2,3,1,0,2,274,7,87,1
0,0,2,2,6,6,1,1,0,0,1105,6,48,0
3,1,0,0,4,3,3,0,0,0,536,8,60,1
0,0,0,0,1,0,0,0,0,0,384,1,10,0
0,0,0,0,1,1,0,0,0,0,701,1,28,0
1,0,2,2,3,4,0,0,0,0,760,7,40,0
1,1,0,2,4,5,0,1,2,2,924,4,92,1
5,0,0,2,5,6,0,1,1,1,1144,5,93,1
1,0,2,2,2,1,5,1,2,0,167,5,79,1
1,0,0,2,1,0,0,0,0,0,558,1,35,0
4,1,1,0,3,1,4,1,1,1,117,2,86,1
1,0,0,0,0,1,0,0,0,0,334,1,6,0
0,0,0,0,1,1,1,0,0,0,836,1,23,0
1,1,1,1,6,6,0,1,2,2,1315,6,96,1
3,2,2,2,4,6,4,0,2,0,377,1,58,1
0,0,1,0,5,5,0,1,0,2,735,7,97,1
0,0,0,1,3,0,5,1,1,2,1107,8,97,1
0,0,0,0,5,2,4,1,1,1,267,8,88,1
2,1,0,1,1,6,2,1,1,0,221,4,53,1
4,1,1,0,0,6,0,0,2,1,1054,0,72,1
0,0,0,0,0,1,1,0,0,0,895,0,29,0
2,2,1,0,6,6,0,1,0,0,730,6,88,1
3,2,2,2,6,3,5,1,2,2,222,3,84,1
0,0,0,2,0,6,3,1,2,2,1616,8,81,1
4,0,1,1,6,4,1,1,1,0,678,8,75,1
0,0,0,0,0,0,0,0,0,0,623,1,15,0
2,0,0,0,0,6,2,1,2,1,1770,5,98,1
0,0,0,0,0,1,1,0,0,0,182,1,12,0
0,0,0,0,0,1,0,0,0,0,562,1,7,0
0,0,0,0,5,0,1,0,0,0,1009,6,34,0
3,1,0,2,2,1,3,0,1,0,1429,2,87,1
0,0,0,0,0,1,1,0,0,0,211,0,26,0
0,0,0,0,0,0,1,0,0,0,111,1,14,0
0,0,0,0,1,0,0,0,0,0,133,1,13,0
0,0,0,0,0,1,1,0,0,0,267,1,16,0
3,2,0,2,6,2,1,1,2,0,747,6,100,1
0,0,0,0,1,0,1,0,0,0,684,1,15,0
2,0,0,0,1,1,0,0,0,0,646,4,34,0
1,0,0,1,6,6,1,0,0,0,415,6,42,0
1,1,0,2,0,2,4,1,0,0,492,2,67,1
1,0,0,0,1,0,1,0,0,0,623,0,24,0
1,1,2,0,4,4,0,1,0,1,747,0,88,1
4,0,2,2,5,6,3,0,1,0,630,4,63,1
1,0,0,0,0,1,1,0,0,0,604,1,16,0
2,1,1,2,3,2,4,0,0,0,726,6,61,1
0,0,0,0,3,0,1,0,0,0,681,8,36,0
1,1,1,2,3,1,5,1,1,1,525,7,65,1
1,1,2,1,5,6,3,0,2,0,306,2,59,1
0,0,0,0,1,0,1,0,0,0,260,1,15,0
1,0,0,0,5,0,1,0,0,0,144,1,32,0
3,0,2,2,6,6,1,0,2,2,617,7,96,1
1,0,0,0,0,1,0,0,0,0,284,0,3,0
3,1,0,0,5,3,0,0,0,1,220,3,90,1
5,2,2,1,1,5,5,1,1,0,1041,8,95,1
2,0,2,0,3,0,3,1,2,1,1586,4,73,1
1,0,2,2,5,2,1,0,0,0,1034,8,43,0
0,0,0,0,1,0,0,0,0,0,604,1,14,0
5,2,0,1,5,0,4,0,0,0,1498,4,87,1
0,0,0,0,0,0,1,0,0,0,541,0,3,0
3,0,1,1,6,2,5,0,2,0,666,0,60,1
2,0,0,1,2,1,0,0,0,0,182,2,35,0
3,0,2,0,0,0,2,0,0,2,368,8,70,1
4,0,0,1,6,5,2,1,2,1,447,8,91,1
1,1,1,1,3,6,2,0,0,2,530,5,91,1
2,0,0,2,3,1,5,0,2,1,1165,3,89,1
3,2,2,0,0,6,2,0,0,0,382,6,77,1
1,0,0,0,1,0,0,0,0,0,231,0,0,0
5,1,2,2,3,4,5,1,1,0,1117,1,80,1
2,0,1,0,0,0,1,0,0,0,108,8,46,0
4,0,0,2,3,1,0,1,0,1,1375,3,72,1
1,0,0,0,1,0,0,0,0,0,233,1,29,0
1,0,0,0,0,1,1,0,0,0,152,0,24,0
5,1,2,1,4,5,5,0,2,0,943,8,87,1
0,0,2,0,3,1,1,0,2,2,1386,7,91,1
0,0,0,0,0,1,1,0,0,0,284,0,10,0
5,2,1,2,3,6,0,0,0,0,254,5,76,1
4,2,2,1,2,0,3,1,1,2,160,3,79,1
0,0,0,0,0,0,1,0,0,0,103,1,21,0
1,0,0,0,1,0,0,0,0,0,386,0,8,0
0,0,0,0,0,1,1,0,0,0,605,1,28,0
3,1,1,2,4,2,0,1,2,0,721,5,66,1
1,0,0,0,1,0,0,0,0,0,300,1,5,0
2,2,1,0,3,1,4,1,1,0,1206,1,79,1
2,0,0,0,0,1,0,0,0,0,766,8,36,0
2,0,0,0,2,0,1,0,0,0,510,2,34,0
1,0,0,0,1,1,0,0,0,0,402,0,13,0
2,0,1,2,6,3,3,1,0,1,1238,8,73,1
5,1,2,2,5,6,5,1,2,1,1014,4,86,1
0,0,0,1,5,6,3,1,2,0,978,4,79,1
1,0,0,0,0,1,1,0,0,0,321,1,11,0
0,0,0,1,4,1,0,1,2,0,644,5,60,1
5,2,2,0,2,1,3,0,1,1,105,4,86,1
1,0,0,0,0,1,1,0,0,0,134,1,5,0
3,0,2,0,3,5,0,0,0,0,551,2,47,0
1,1,1,0,1,2,3,1,0,0,248,2,60,1
0,0,0,0,0,1,1,0,0,0,775,8,31,0
2,2,0,1,1,1,5,1,0,1,895,6,73,1
0,0,0,0,0,1,1,0,0,0,515,0,2,0
0,0,0,0,2,0,1,1,1,0,487,2,52,1
4,1,1,2,4,2,4,1,2,1,156,7,75,1
1,0,0,0,0,0,1,0,0,0,239,1,5,0
1,0,0,0,0,0,1,0,0,0,132,0,12,0
2,2,2,0,5,6,5,1,1,1,503,6,100,1
3,0,2,2,5,6,3,0,2,2,1038,6,71,1
0,0,0,0,1,1,1,0,0,0,408,0,23,0
2,1,1,2,3,3,0,0,1,2,1583,7,94,1
0,0,0,1,1,1,1,0,0,0,1003,3,39,0
0,0,0,2,5,4,4,1,0,1,524,4,80,1
4,0,0,2,1,1,1,0,2,2,1740,8,87,1
0,0,0,0,1,0,0,0,0,0,572,0,20,0
0,0,0,0,0,1,1,0,0,0,623,1,27,0
2,1,1,1,0,2,5,1,0,2,1051,6,99,1
0,0,1,1,3,4,0,0,0,0,302,6,49,0
5,1,1,1,5,3,3,1,1,1,1772,7,87,1
3,1,1,1,3,3,0,1,0,0,1124,5,92,1
1,1,1,1,2,1,0,1,1,0,688,8,82,1
3,2,0,2,4,4,3,0,1,1,712,4,66,1
0,0,0,0,0,1,0,0,0,0,667,1,18,0
0,0,2,0,4,6,4,1,2,0,1421,8,88,1
2,0,0,1,6,3,1,1,1,0,984,3,55,1
0,0,0,0,2,1,0,0,0,2,1526,3,74,1
1,0,0,0,0,0,4,1,2,0,920,5,72,1
2,0,0,0,4,1,1,0,0,0,635,7,32,0
1,0,0,2,2,2,0,0,0,0,683,6,40,0
1,0,0,0,0,1,0,0,0,0,521,1,13,0
1,0,0,0,3,0,1,0,0,0,174,7,32,0
4,0,2,2,3,5,0,0,1,1,913,6,73,1
3,0,2,0,6,6,4,1,2,2,1200,6,79,1
2,0,1,2,4,1,2,1,0,2,351,1,85,1
6,2,1,0,2,6,3,1,2,1,962,2,99,1
1,1,2,2,2,1,3,1,0,1,1308,7,75,1
1,0,0,0,1,0,0,0,0,0,104,0,24,0
3,0,2,0,5,6,4,1,2,2,1484,2,83,1
0,0,0,0,1,0,0,0,0,0,165,0,1,0
6,1,2,0,4,0,5,1,1,2,1731,6,99,1
1,0,0,0,1,1,0,0,0,0,254,0,21,0
1,0,0,0,1,1,1,0,0,0,322,0,12,0
1,1,0,2,1,2,1,0,1,0,761,3,77,1
4,0,1,0,1,0,5,1,1,1,1319,8,86,1
0,0,0,2,2,0,0,0,0,0,244,4,36,0
2,0,1,0,3,2,2,0,2,2,534,3,67,1
0,0,0,0,1,0,0,0,0,0,371,1,23,0
1,0,0,0,0,0,0,0,0,0,417,0,0,0
3,0,2,2,1,1,5,1,2,0,594,2,59,1
6,1,1,2,5,1,3,1,1,1,626,7,96,1
0,0,0,1,2,3,1,1,1,0,734,8,50,1
1,0,0,0,1,0,0,0,0,0,498,1,13,0
0,0,2,0,4,1,4,0,2,0,645,2,54,1
0,0,0,1,0,5,0,0,1,0,555,3,59,1
0,0,0,1,4,6,5,1,2,0,689,7,72,1
1,0,2,2,0,6,1,0,0,0,1021,1,60,1
4,0,0,1,2,4,1,1,1,1,1467,1,88,1
0,0,0,0,6,0,1,0,0,0,789,2,36,0
0,0,0,0,1,1,0,0,0,0,146,0,22,0
2,1,0,1,2,1,3,1,1,1,530,2,91,1
6,2,1,2,0,2,1,0,2,2,115,0,95,1
1,0,1,1,5,4,1,1,0,0,1045,8,59,1
1,0,0,0,1,1,0,0,0,0,128,0,6,0
1,0,0,0,0,0,0,0,0,0,144,0,24,0
1,0,0,0,0,0,1,0,0,0,363,1,7,0
3,1,1,1,3,2,4,1,0,1,439,8,82,1
2,1,2,0,1,2,2,1,2,0,551,2,84,1
2,1,1,2,6,6,5,1,2,1,1784,1,91,1
1,0,2,1,5,1,1,0,0,0,347,7,42,0
1,0,0,1,6,0,1,0,0,0,210,7,40,0
3,1,2,2,2,4,3,1,1,0,125,0,50,1
5,0,2,0,3,5,2,0,0,2,1826,6,100,1
2,2,1,2,1,0,0,0,0,0,767,1,94,1
2,1,1,1,4,5,2,0,1,2,367,3,93,1
3,1,0,1,0,2,1,1,1,0,538,0,62,1
1,0,0,0,0,0,0,0,0,0,598,0,23,0
0,0,0,0,0,0,0,0,0,0,470,0,22,0
2,0,0,0,4,0,0,0,0,0,721,5,39,0
0,0,0,0,1,1,0,0,0,0,385,1,4,0
1,0,0,0,1,1,0,0,0,0,408,0,3,0
3,2,0,2,5,2,3,1,1,2,1377,0,69,1
1,0,0,0,0,1,1,0,0,0,304,1,6,0
3,2,1,2,4,1,3,0,2,0,733,3,50,1
3,2,0,2,5,2,5,0,2,1,786,2,66,1
2,0,1,0,4,3,0,0,0,0,872,6,42,0
1,0,0,1,3,5,1,1,0,2,722,6,72,1
4,2,0,1,0,5,5,1,1,0,494,3,69,1
2,0,0,0,2,1,1,0,0,0,507,1,32,0
1,0,0,0,0,1,1,0,0,0,144,0,5,0
3,0,0,2,6,4,1,1,0,0,446,4,48,0
2,0,0,0,2,0,0,0,0,0,796,5,32,0
1,0,0,0,1,1,0,0,0,0,335,1,10,0
0,0,0,0,6,0,0,0,0,0,989,1,34,0
1,0,0,1,4,5,1,1,1,1,1299,1,69,1
0,0,0,0,1,1,0,0,0,0,746,0,17,0
0,0,0,0,0,0,0,0,0,0,494,0,11,0
1,0,0,0,0,0,0,0,0,0,256,0,12,0
0,0,0,0,0,1,1,1,2,2,544,1,74,1
0,0,0,2,4,0,0,0,0,0,271,7,37,0
0,0,0,0,0,0,1,0,0,0,347,0,5,0
0,0,0,0,0,1,0,0,0,0,559,0,4,0
1,0,0,0,1,1,1,0,0,0,114,0,12,0
0,0,2,2,5,6,5,0,1,1,801,3,89,1
1,1,1,2,1,2,1,1,0,1,248,5,96,1
2,0,0,1,2,1,0,0,0,0,216,7,36,0
0,0,0,0,3,1,4,0,0,1,209,0,80,1
1,0,2,2,1,2,5,0,0,0,443,1,79,1
0,0,0,1,6,4,0,0,0,0,643,1,48,0
1,0,2,2,6,2,1,1,1,0,839,2,69,1
0,0,0,0,0,0,3,1,2,1,1585,4,83,1
0,0,0,0,0,1,1,0,0,0,795,0,21,0
0,0,0,0,1,1,0,0,0,0,215,1,12,0
3,2,0,2,0,1,2,0,1,0,486,8,59,1
2,0,1,1,1,6,0,0,0,0,183,4,50,1
1,0,0,0,1,0,0,0,0,0,389,0,10,0
1,0,0,2,4,2,0,0,0,0,801,0,46,0
2,1,0,2,2,4,2,0,2,0,696,6,57,1
3,0,0,1,4,2,3,1,2,0,1107,0,62,1
0,0,0,2,3,3,2,1,0,1,1144,3,93,1
1,0,2,0,0,3,0,0,0,0,552,2,41,0
3,0,2,0,4,1,4,0,0,0,1220,3,58,1
0,0,0,0,1,0,0,0,0,0,261,0,16,0
1,0,0,0,0,1,0,0,0,0,492,0,24,0
0,0,0,0,1,0,0,0,0,0,410,0,9,0
2,0,0,2,3,5,5,1,1,0,259,1,51,1
0,0,1,2,2,6,3,1,2,0,1238,6,58,1
0,0,0,0,0,1,0,0,0,0,558,0,24,0
2,0,0,1,4,0,0,0,0,0,655,8,39,0
0,0,0,0,0,0,1,0,0,0,443,1,15,0
3,1,1,1,0,4,2,0,1,0,1256,6,63,1
0,0,1,0,4,1,0,1,1,1,778,1,94,1
3,0,0,0,5,1,4,0,1,0,816,3,61,1
1,0,0,2,6,0,1,0,0,0,571,2,39,0
0,0,2,0,0,4,1,0,0,0,751,2,41,0
2,2,2,2,3,6,1,1,2,2,1121,2,68,1
1,0,0,2,5,2,5,1,2,0,132,2,58,1
2,0,2,0,4,4,3,1,0,2,1341,8,89,1
1,0,0,1,4,1,1,0,0,0,238,7,39,0
2,0,0,0,4,0,1,0,0,0,840,6,31,0
2,0,2,0,4,0,4,1,2,1,929,2,86,1
1,1,0,1,6,1,1,1,0,1,1391,2,100,1
0,0,0,0,1,1,0,0,0,0,225,1,7,0
0,0,1,2,1,0,2,1,2,0,623,5,99,1
1,0,0,0,0,1,0,0,0,0,640,1,22,0
0,0,0,0,0,1,1,0,0,0,132,1,23,0
1,0,0,1,2,0,1,0,0,0,308,4,35,0
0,0,0,0,0,0,1,0,0,0,447,4,37,0
2,1,2,1,3,5,2,0,0,2,1235,8,73,1
2,0,2,1,3,1,4,0,1,0,430,1,91,1
1,0,0,0,1,1,0,0,0,0,357,1,15,0
0,0,0,2,4,1,0,0,0,0,359,7,36,0
1,1,0,2,4,4,4,1,1,2,1267,1,93,1
1,0,0,0,3,2,0,1,0,0,854,1,46,0
1,1,1,2,1,5,1,0,1,1,1242,2,67,1
1,0,0,0,5,0,0,0,0,0,126,8,33,0
0,0,0,0,1,1,1,0,0,0,344,1,11,0
3,0,1,0,5,0,5,0,1,2,951,0,68,1
3,2,2,2,3,0,5,0,1,0,946,3,54,1
3,1,2,0,6,1,0,1,2,2,1387,0,95,1
2,0,0,1,0,6,1,1,0,0,271,5,49,0
0,0,0,0,2,0,1,0,0,1,190,0,74,1
0,0,0,0,1,1,0,0,0,0,671,8,32,0
1,0,0,0,0,4,3,0,1,0,1222,4,53,1
1,0,0,0,0,1,1,0,0,0,489,1,18,0
2,0,0,0,5,0,2,0,1,0,652,2,64,1
1,0,0,0,0,1,0,0,0,0,962,7,32,0
0,0,0,0,1,0,1,0,0,0,692,1,21,0
1,0,0,0,1,1,1,0,0,0,775,1,21,0
3,0,1,2,6,4,4,0,2,0,158,5,89,1
1,0,1,2,3,5,0,0,0,0,499,7,40,0
0,0,1,2,5,0,0,1,2,0,547,4,55,1
5,2,0,1,0,6,2,0,2,0,584,5,93,1
0,0,2,1,6,4,5,1,2,0,884,6,55,1
0,0,0,1,2,5,3,1,0,1,768,1,91,1
0,0,0,0,0,0,1,0,0,0,232,1,21,0
0,0,0,0,1,1,1,0,0,0,206,0,21,0
1,1,1,2,2,0,4,1,2,2,579,5,100,1
2,0,1,0,6,2,5,0,1,0,1028,5,51,1
1,0,0,0,1,1,1,0,0,0,334,0,4,0
2,2,2,2,2,5,5,0,1,0,255,2,62,1
1,0,0,0,1,1,1,0,0,0,706,0,21,0
1,0,0,0,1,0,0,0,0,0,591,0,10,0
2,2,2,1,2,1,1,1,1,1,1489,0,79,1
0,0,0,0,0,1,1,0,0,0,138,1,18,0
0,0,0,0,1,0,1,0,0,0,392,0,0,0
1,0,0,0,0,1,1,0,0,0,581,1,16,0
1,0,0,0,0,0,1,0,0,0,484,0,28,0
0,0,2,1,3,0,1,0,0,0,367,6,42,0
1,0,1,0,4,2,1,0,1,0,518,4,95,1
0,0,2,2,3,4,3,0,1,0,394,8,52,1
1,0,0,0,1,0,0,0,0,0,808,0,22,0
0,0,0,2,4,0,1,0,0,0,187,6,36,0
0,0,0,0,0,0,0,0,0,0,358,1,6,0
1,0,0,0,4,1,0,0,0,0,529,6,37,0
0,0,0,0,0,0,0,0,0,0,213,1,6,0
4,0,2,0,5,0,0,0,1,1,946,7,70,1
3,1,0,1,2,6,3,1,1,0,831,5,58,1
1,0,0,2,0,0,1,0,0,0,1021,8,38,0
1,0,0,0,1,0,1,0,0,0,213,0,14,0
0,0,0,0,1,0,1,0,0,0,290,0,6,0
0,0,0,0,4,0,0,0,0,0,807,3,30,0
0,0,0,0,0,1,0,0,0,0,418,1,24,0
2,0,0,1,0,1,1,0,0,0,612,0,43,0
1,1,0,1,3,2,5,0,1,0,352,4,55,1
2,0,0,1,3,0,0,0,0,0,1054,6,39,0
2,0,0,0,5,1,0,0,0,0,564,7,36,0
0,0,0,0,1,1,0,0,0,0,547,5,31,0
1,1,0,2,0,1,1,1,2,0,1369,3,61,1
3,0,0,1,4,1,4,1,2,0,1245,1,58,1
5,2,2,1,6,4,2,0,1,2,1585,5,75,1
4,0,2,2,5,4,2,1,1,2,700,4,79,1
2,1,0,0,6,4,0,0,1,0,248,5,55,1
1,0,0,0,0,1,1,0,0,0,651,1,21,0
1,0,1,0,6,0,1,0,0,0,1099,5,42,0
0,0,2,1,3,3,0,0,1,1,393,5,97,1
0,0,0,0,0,0,1,0,0,0,441,0,5,0
3,2,0,2,3,1,2,1,0,0,608,1,59,1
0,0,2,1,0,5,3,0,2,0,279,6,52,1
1,0,0,0,3,1,0,0,0,0,599,5,34,0
2,0,0,0,5,0,0,0,0,0,878,8,36,0
3,1,2,2,2,0,2,0,1,1,1167,8,96,1
1,0,0,0,1,1,0,0,0,0,432,1,8,0
3,0,1,1,4,4,2,0,2,0,590,6,53,1
1,1,1,1,5,0,2,1,1,0,1524,6,95,1
0,0,0,0,0,0,1,0,0,0,525,0,14,0
0,0,0,0,1,1,0,0,0,0,623,0,23,0
3,0,2,1,0,4,0,0,0,0,397,6,47,0
3,2,1,2,6,6,5,1,2,1,1233,4,72,1
3,2,2,2,4,3,5,0,0,2,970,3,67,1
1,0,0,0,0,1,0,0,0,0,233,0,7,0
1,0,0,1,6,4,0,1,0,0,612,2,49,0
0,0,0,0,0,0,1,0,0,0,388,6,30,0
5,0,0,1,3,1,0,0,2,2,970,3,75,1
0,0,2,1,1,6,3,0,1,0,407,2,59,1
0,0,0,0,1,0,1,0,0,0,527,1,24,0
1,0,0,0,1,1,1,0,0,0,500,1,26,0
1,0,0,0,0,0,1,0,0,0,108,0,21,0
0,0,0,0,1,0,0,0,0,0,323,0,27,0
2,0,0,0,5,1,1,0,0,0,985,6,39,0
1,0,0,0,0,0,1,0,0,0,523,0,26,0
0,0,0,0,0,0,0,0,0,0,539,1,14,0
3,0,2,0,4,2,1,0,2,0,310,1,64,1
1,0,1,1,6,4,0,0,2,1,968,6,83,1
1,1,2,2,4,2,3,0,2,0,250,3,50,1
1,0,0,0,1,1,1,0,0,0,110,0,20,0
1,0,0,0,0,0,1,0,0,0,131,0,25,0
2,0,1,2,5,1,5,0,2,0,511,2,62,1
2,2,1,0,6,5,3,1,1,1,1800,1,90,1
2,0,2,0,0,2,3,1,2,0,1034,1,74,1
1,0,0,0,1,0,1,0,0,0,737,1,16,0
4,0,2,1,1,6,5,0,2,2,446,0,69,1
0,0,0,1,4,3,3,1,1,1,1276,1,91,1
1,0,0,0,5,0,1,0,0,0,460,7,31,0
2,0,2,0,1,5,3,0,2,0,771,4,52,1
4,2,0,0,4,2,4,1,2,1,488,4,90,1
6,1,1,1,6,6,3,1,0,2,1905,3,94,1
4,1,1,2,2,0,5,0,2,2,285,5,69,1
2,2,1,2,3,4,1,0,0,2,1527,5,76,1
4,0,1,0,0,4,2,0,0,2,1041,0,96,1
3,0,2,1,5,1,3,0,2,0,1187,7,53,1
0,0,0,0,5,1,0,0,2,2,539,8,68,1
0,0,0,0,6,4,4,1,1,1,977,3,70,1
1,0,0,2,3,1,2,1,2,0,558,6,56,1
3,0,1,0,3,5,0,0,0,0,811,6,46,0
2,1,1,0,4,3,3,1,0,1,633,6,84,1
1,0,0,1,2,5,4,0,2,0,799,4,57,1
3,2,0,2,5,0,2,1,2,0,355,0,54,1
1,0,0,0,0,0,0,0,0,0,703,0,20,0
3,0,1,1,3,6,4,0,2,0,166,5,54,1
0,0,0,0,6,2,3,0,1,2,1056,0,66,1
0,0,0,0,0,0,0,0,0,0,330,0,5,0
4,1,1,1,3,6,5,0,2,1,1116,4,66,1
1,0,0,0,6,0,0,0,0,0,667,4,31,0
0,0,0,0,0,1,1,0,0,0,609,0,13,0
1,0,0,0,0,2,2,0,2,2,1405,4,67,1
5,0,1,2,0,0,0,0,0,1,1331,4,83,1
0,0,0,2,4,2,0,0,1,2,1018,0,95,1
5,0,0,0,4,4,5,1,2,1,1058,6,93,1
0,0,0,2,4,4,2,0,0,0,734,0,55,1
1,1,2,0,4,3,2,1,2,2,1436,3,82,1
0,0,0,0,0,1,0,0,0,0,182,0,2,0
4,2,1,2,0,1,3,1,0,2,441,0,81,1
0,0,1,2,0,4,2,0,0,0,557,1,60,1
1,0,0,0,1,0,1,0,0,0,548,1,9,0
3,1,0,2,1,5,5,0,0,0,566,0,51,1
1,0,0,0,1,1,1,0,0,0,134,1,19,0
4,0,0,2,6,0,1,1,0,0,874,7,64,1
4,1,0,2,6,5,1,1,2,0,1066,2,62,1
2,0,1,1,0,1,1,1,0,0,948,7,48,0
2,0,0,0,2,0,1,0,0,0,423,3,33,0
2,0,1,1,5,2,2,0,1,0,385,6,57,1
4,2,0,2,0,6,4,1,0,0,329,5,83,1
3,1,0,0,4,6,2,0,1,1,976,4,94,1
3,1,0,2,2,0,5,1,2,0,1346,8,94,1
0,0,0,0,0,0,1,0,0,0,544,1,25,0
0,0,1,1,4,3,0,0,2,1,1628,5,89,1
1,0,2,0,6,1,0,0,0,0,715,5,48,0
1,0,0,0,1,1,0,0,0,0,447,0,17,0
1,0,2,1,6,4,0,0,0,0,512,3,40,0
4,0,2,0,6,1,2,0,1,0,873,1,68,1
4,2,2,1,6,1,5,1,2,1,1606,4,85,1
3,2,0,0,5,3,0,0,2,0,1239,5,61,1
2,1,2,1,6,6,5,0,1,2,296,3,83,1
0,0,0,0,0,1,0,0,0,0,279,0,15,0
0,0,0,0,1,0,1,0,0,0,346,1,17,0
0,0,1,1,2,2,0,0,1,2,1185,3,93,1
1,0,0,0,0,0,0,0,0,0,455,1,10,0
0,0,0,0,0,0,0,0,0,0,541,1,28,0
1,0,0,0,1,0,1,0,0,0,557,1,24,0
3,0,0,1,6,6,1,0,0,0,289,3,46,0
1,0,0,0,0,1,0,0,0,0,652,1,18,0
2,1,1,2,1,2,3,1,0,2,1492,8,68,1
1,0,0,2,1,6,2,1,0,2,1324,4,68,1
3,2,0,1,1,0,3,0,0,0,133,8,50,1
1,0,0,0,0,1,0,0,0,0,862,6,37,0
0,0,0,0,0,0,1,0,0,0,419,0,19,0
2,2,1,1,4,0,5,0,1,0,620,3,65,1
0,0,0,0,5,5,0,1,1,0,1674,6,87,1
1,0,2,1,2,6,2,1,0,0,694,0,55,1
2,1,2,1,1,1,4,1,0,0,1398,0,68,1
2,2,1,0,0,3,5,1,2,0,1451,0,65,1
1,0,0,0,0,1,1,0,0,0,705,0,23,0
0,0,1,2,5,2,1,0,2,1,374,4,81,1
0,0,0,0,3,1,1,0,0,0,658,8,35,0
1,0,0,1,6,0,0,0,0,0,1030,1,36,0
2,0,0,2,2,1,1,0,1,0,644,4,55,1
1,0,0,0,0,0,0,0,0,0,451,1,1,0
1,1,0,0,1,5,5,0,1,2,1634,0,96,1
3,1,0,1,4,2,1,0,2,0,507,1,54,1
0,0,1,2,6,2,2,1,2,0,235,2,63,1
4,2,0,1,6,6,4,0,0,0,468,8,72,1
4,0,1,2,1,0,4,1,0,0,1002,6,85,1
0,0,0,1,4,3,1,1,0,1,216,7,70,1
1,0,1,2,4,0,1,1,0,0,605,2,94,1
0,0,2,0,3,2,1,0,0,0,590,8,46,0
1,0,0,0,1,0,0,0,0,0,593,1,29,0
2,0,0,2,4,4,1,0,0,0,829,8,45,0
0,0,0,0,0,0,1,0,0,0,427,1,2,0
1,0,0,0,1,0,0,0,0,0,147,1,12,0
1,0,0,0,0,1,1,0,0,0,438,0,2,0
2,0,0,1,0,4,0,0,0,0,532,7,42,0
1,0,0,2,0,3,2,1,1,0,1063,3,62,1
0,0,1,0,3,2,5,0,0,0,1554,4,72,1
3,0,2,2,4,5,1,1,0,0,774,7,45,0
1,1,1,1,4,3,3,1,0,1,376,3,96,1
3,2,0,1,6,6,3,1,0,0,403,0,50,1
0,0,0,1,4,4,1,0,1,0,1192,4,71,1
1,0,0,0,0,0,1,0,0,0,159,1,0,0
0,0,0,0,1,1,1,0,0,0,325,1,2,0
1,0,0,0,1,1,0,0,0,0,322,0,16,0
1,1,1,2,0,3,2,0,1,0,1233,1,54,1
1,0,0,0,1,1,1,0,0,0,374,2,31,0
4,0,2,0,0,1,4,1,0,2,850,2,78,1
5,1,0,2,5,4,2,0,0,2,1750,8,94,1
1,1,2,0,0,0,2,1,2,0,723,7,59,1
1,0,2,1,1,5,1,0,0,0,1048,0,42,0
2,0,0,2,0,1,1,0,0,0,646,1,35,0
2,1,1,1,4,3,3,0,2,1,292,0,77,1
1,1,0,1,3,1,3,0,0,2,1627,0,84,1
0,0,0,2,5,1,1,0,0,0,539,4,37,0
0,0,0,0,1,0,0,0,0,0,801,1,27,0
3,0,2,2,3,4,4,0,1,1,1136,7,84,1
0,0,0,0,1,0,1,0,0,0,171,0,23,0
1,0,0,0,1,1,1,0,0,0,330,0,4,0
1,0,0,0,1,1,0,0,0,0,662,0,18,0
1,0,0,1,6,4,4,1,2,0,628,1,70,1
3,0,2,2,2,0,5,1,2,2,785,5,79,1
1,0,0,0,0,0,1,0,0,0,319,1,24,0
1,0,2,1,2,4,3,1,0,0,1109,1,53,1
2,1,2,2,6,0,2,1,0,0,109,0,55,1
5,1,0,1,2,3,0,0,0,0,204,6,95,1
0,0,0,1,6,1,0,0,0,0,698,6,39,0
1,0,2,2,4,5,2,1,0,1,522,4,67,1
2,0,0,0,5,1,0,0,0,0,984,5,33,0
1,0,0,0,0,1,1,0,0,0,429,1,14,0
2,2,1,2,5,5,5,0,2,0,1091,1,57,1
1,0,0,0,0,0,1,0,0,0,431,0,7,0
3,1,0,2,2,1,5,1,0,0,318,7,55,1
0,0,0,2,0,1,0,0,0,0,1046,2,37,0
1,0,0,0,2,0,0,0,0,0,303,6,44,0
3,1,1,1,1,3,0,1,0,0,1017,7,87,1
1,0,0,0,1,0,1,0,0,0,109,1,13,0
2,0,2,1,1,4,5,0,2,1,531,8,97,1
0,0,2,1,3,3,1,0,1,0,394,5,70,1
0,0,0,0,3,0,0,0,0,0,426,8,39,0
1,0,0,1,3,0,1,0,0,0,528,0,39,0
1,0,0,1,4,0,0,0,0,0,798,3,36,0
0,0,2,0,2,5,5,1,0,0,478,6,55,1
0,0,0,0,1,0,1,0,0,0,331,0,8,0
0,0,0,0,0,1,1,0,0,0,549,1,17,0
2,1,2,0,2,1,5,0,1,0,421,1,51,1
3,2,1,0,2,1,5,0,2,2,989,1,88,1
0,0,2,0,1,4,0,1,1,0,559,2,59,1
0,0,0,0,1,1,1,0,0,0,403,1,14,0
1,0,0,1,0,2,0,0,0,0,161,7,42,0
1,0,0,0,1,1,0,0,0,0,286,0,1,0
2,0,2,1,4,3,2,1,0,0,1681,3,79,1
2,0,2,2,6,6,1,0,0,0,454,5,43,0
3,2,0,1,1,2,3,0,0,1,1427,2,71,1
2,0,1,0,2,0,1,0,0,0,1014,5,42,0
0,0,0,0,1,1,1,0,0,0,323,0,9,0
1,0,0,0,0,1,1,0,0,0,442,0,22,0
0,0,1,2,1,0,1,1,1,0,912,4,85,1
3,0,1,0,5,6,3,1,0,0,1763,2,87,1
1,0,0,0,1,0,0,0,0,0,102,0,16,0
2,0,0,0,5,0,0,0,0,0,696,7,34,0
1,0,0,0,0,1,0,0,0,0,558,1,9,0
0,0,1,2,0,3,4,0,0,2,129,8,70,1
1,0,0,0,0,1,0,0,0,0,379,0,2,0
0,0,0,0,1,0,1,0,0,0,829,0,34,0
0,0,2,2,0,5,0,0,0,0,794,6,43,0
1,1,2,2,5,6,5,1,2,2,177,2,90,1
0,0,0,0,0,0,1,0,0,0,524,1,13,0
0,0,2,0,1,2,3,1,1,0,628,2,53,1
0,0,2,2,5,5,2,0,1,0,425,0,64,1
2,2,2,2,6,6,2,1,2,0,253,2,58,1
0,0,2,0,0,1,0,0,0,0,631,6,49,0
3,0,2,1,3,5,0,1,0,0,900,5,47,0
4,2,0,0,0,2,4,1,0,0,720,3,62,1
4,2,1,1,5,0,3,1,1,0,180,8,64,1
1,0,2,2,4,2,0,0,0,0,360,3,49,0
1,0,0,0,0,1,1,0,0,0,297,1,2,0
0,0,0,0,1,0,0,0,0,0,472,1,12,0
2,1,2,1,0,4,5,0,2,0,761,8,62,1
0,0,0,0,1,0,0,0,0,0,477,1,25,0
2,0,2,2,3,4,4,1,2,2,1144,1,81,1
1,0,1,2,3,2,3,0,0,1,1460,6,75,1
1,0,0,0,1,0,0,0,0,0,345,1,18,0
1,0,0,1,2,1,2,0,2,0,1355,5,68,1
2,0,1,2,6,5,0,0,0,0,429,2,43,0
0,0,1,1,0,5,0,1,0,2,706,5,65,1
0,0,0,0,1,1,1,0,0,0,332,0,2,0
2,2,0,1,0,6,5,1,2,0,1372,1,99,1
0,0,0,0,0,0,0,0,0,0,523,1,3,0
5,1,1,2,5,0,3,1,2,1,1625,4,84,1
3,2,2,0,6,0,5,0,0,0,225,4,60,1
0,0,0,0,1,0,1,0,0,0,385,0,0,0
0,0,2,2,3,3,5,1,2,0,808,3,50,1
1,0,0,0,0,0,1,0,0,0,316,0,24,0
1,0,1,0,2,6,3,1,1,0,1033,7,78,1
1,0,0,0,3,1,0,0,0,0,268,1,32,0
4,2,1,0,0,0,2,1,1,0,565,6,84,1
0,0,0,0,1,1,1,0,0,0,280,0,24,0
5,2,1,1,2,5,5,0,1,2,1130,4,97,1
3,0,1,2,5,5,1,0,2,0,797,3,57,1
0,0,0,0,0,1,1,0,0,0,517,0,16,0
3,2,1,1,5,3,5,1,2,0,239,8,53,1
4,2,1,0,5,3,5,0,0,2,766,4,97,1
5,1,2,0,5,0,0,1,2,1,454,3,99,1
2,2,0,0,4,2,3,0,1,1,1269,6,80,1
1,0,0,0,0,1,1,0,0,0,399,1,17,0
3,2,0,2,3,4,5,0,0,0,190,8,86,1
5,0,0,0,0,5,2,0,2,1,1467,6,91,1
0,0,0,1,0,2,3,1,2,1,320,4,76,1
0,0,1,0,5,5,5,0,2,2,116,0,74,1
2,2,1,2,5,3,1,1,0,2,457,7,91,1
5,1,2,2,4,3,3,1,2,2,363,4,86,1
1,0,1,0,3,0,4,1,0,2,779,1,66,1
0,0,0,0,1,0,0,0,0,0,435,0,23,0
3,1,2,1,5,3,3,1,0,0,613,2,55,1
2,0,2,1,2,0,0,0,0,0,118,4,49,0
5,2,1,2,0,2,0,1,1,0,1389,2,90,1
0,0,0,2,4,4,0,1,1,1,904,6,65,1
3,2,1,1,1,6,5,0,1,0,1637,2,77,1
0,0,0,1,3,1,0,0,0,0,901,0,37,0
0,0,0,0,1,0,1,0,0,0,686,1,27,0
1,1,1,2,3,5,5,1,1,0,755,0,91,1
4,0,2,0,5,3,1,0,2,0,1319,4,60,1
3,1,2,1,5,5,0,0,2,0,875,1,59,1
2,0,0,0,5,0,1,0,0,0,786,3,33,0
1,0,0,0,0,1,1,0,0,0,503,1,13,0
0,0,0,0,4,0,1,0,0,0,165,5,32,0
3,0,0,0,5,3,1,1,0,0,341,0,50,1
0,0,1,1,0,3,1,0,0,0,715,8,45,0
0,0,0,0,0,1,0,0,0,0,587,0,13,0
3,1,0,1,5,1,4,1,2,2,1214,6,77,1
3,1,2,0,2,2,2,0,1,0,282,2,56,1
4,2,1,2,6,4,0,1,1,2,1224,2,88,1
0,0,2,0,4,1,1,0,0,0,363,6,61,1
4,0,1,1,3,0,1,0,0,1,1216,8,65,1
0,0,0,1,3,1,0,0,0,0,809,2,36,0
4,0,2,1,1,5,5,1,0,2,1309,5,94,1
0,0,1,2,2,2,4,0,0,0,550,5,52,1
1,0,2,2,2,4,1,0,0,0,995,3,46,0
0,0,0,0,0,0,0,0,0,0,220,1,0,0
1,0,0,0,1,0,1,0,0,0,298,1,18,0
5,1,1,1,1,3,4,1,2,1,644,6,76,1
2,0,0,1,2,0,1,0,0,0,800,2,35,0
1,0,0,0,4,2,5,0,2,2,200,8,66,1
2,1,2,1,6,2,0,1,2,0,327,0,61,1
2,0,0,0,0,4,1,0,0,0,598,7,40,0
1,0,0,0,3,1,0,0,0,0,702,3,33,0
3,1,0,1,6,5,2,1,1,0,596,3,57,1
1,0,0,0,1,1,1,0,0,0,861,1,29,0
0,0,0,0,1,0,0,0,0,0,912,1,29,0
0,0,0,0,0,1,0,0,0,0,285,0,21,0
2,0,2,2,3,1,2,1,0,0,761,2,62,1
1,0,0,0,0,1,0,0,0,0,358,1,14,0
1,0,0,0,0,1,1,0,0,0,267,0,16,0
1,0,0,0,4,1,1,0,0,0,341,6,34,0
0,0,2,2,6,5,1,0,0,0,290,7,48,0
2,1,2,0,3,3,2,0,2,1,1422,8,96,1
2,2,1,1,4,5,4,1,2,1,1027,1,67,1
0,0,0,0,6,1,1,0,0,0,370,6,31,0
1,0,0,0,0,1,0,0,0,0,447,1,8,0
1,0,0,0,3,1,1,0,0,0,342,7,32,0
1,0,0,0,4,2,4,1,1,1,885,1,81,1
6,2,0,2,6,4,4,1,1,1,1109,8,100,1
0,0,0,0,0,0,0,0,0,0,161,1,28,0
0,0,1,1,5,0,3,0,1,1,1227,5,75,1
0,0,0,1,5,0,0,0,0,0,383,4,36,0
1,0,0,0,1,0,1,0,0,0,205,0,23,0
0,0,0,0,0,0,1,0,0,0,444,0,24,0
1,0,0,0,0,1,1,0,0,0,421,0,25,0
3,0,2,0,5,5,0,1,0,2,1103,8,73,1
2,2,1,2,5,6,4,0,2,0,1075,3,62,1
3,0,0,2,3,3,1,0,1,0,888,6,59,1
1,0,0,0,1,1,1,0,0,0,105,0,3,0
5,1,1,1,5,0,3,0,2,1,421,0,87,1
0,0,1,2,1,5,1,0,1,1,402,7,87,1
1,1,1,1,1,0,2,1,2,0,819,6,66,1
0,0,1,1,2,1,4,1,0,0,669,5,63,1
0,0,2,0,4,5,4,1,0,1,774,5,70,1
1,0,1,0,5,3,2,1,0,1,1168,3,97,1
2,0,1,2,5,0,2,0,0,0,937,6,79,1
1,0,0,2,0,2,3,0,2,0,1021,0,57,1
1,0,0,0,1,0,1,0,0,0,682,0,23,0
1,0,0,0,0,1,0,0,0,0,328,1,14,0
1,0,0,0,0,0,1,0,0,0,296,0,13,0
2,2,0,0,3,4,2,0,1,2,353,6,67,1
1,0,2,1,3,2,5,1,0,0,917,7,56,1
2,1,2,1,3,6,1,1,1,0,305,0,61,1
2,0,2,2,3,3,0,0,0,0,462,0,40,0
0,0,0,0,2,0,0,0,0,0,743,8,37,0
1,0,2,1,1,1,1,0,0,0,596,8,40,0
1,0,0,1,5,0,0,0,0,0,639,0,37,0
1,0,0,0,0,0,1,0,0,0,187,1,19,0
1,0,0,0,1,0,0,0,0,0,307,1,7,0
0,0,0,0,1,0,0,0,0,0,275,1,1,0
3,1,0,0,5,2,0,1,1,2,1440,5,80,1
0,0,0,0,0,1,1,0,0,0,382,1,5,0
0,0,0,0,0,1,0,0,0,0,307,0,4,0
3,1,2,1,4,1,2,1,2,1,1613,8,83,1
0,0,0,0,1,0,0,0,0,0,306,1,5,0
1,0,1,1,2,6,4,0,1,0,178,8,62,1
1,0,1,0,6,6,2,0,1,1,1424,6,93,1
1,0,0,2,0,2,2,0,2,0,1223,0,51,1
2,0,0,0,6,1,1,0,0,0,747,2,34,0
0,0,1,0,5,4,1,0,0,0,212,7,40,0
1,0,0,0,0,0,1,0,0,0,522,0,6,0
4,0,1,1,4,4,0,0,0,0,1383,8,75,1
1,0,0,2,0,0,0,0,0,0,473,0,37,0
1,0,0,0,1,1,1,0,0,0,518,1,12,0
1,0,0,0,1,0,0,0,0,0,258,1,19,0
1,0,0,0,0,0,1,0,0,0,512,1,28,0
1,0,2,1,3,6,5,1,1,0,673,5,50,1
0,0,0,0,1,0,1,0,0,0,218,0,4,0
1,0,0,0,1,0,1,0,0,0,137,1,11,0
1,0,0,0,0,1,1,0,0,0,558,0,22,0
2,0,1,1,6,0,2,0,1,0,635,4,53,1
2,0,2,2,5,5,0,0,0,0,948,4,44,0
2,1,0,2,5,6,4,0,0,2,1774,7,93,1
0,0,2,2,3,6,3,0,0,2,487,8,71,1
1,0,0,0,0,1,1,0,0,0,853,0,24,0
0,0,0,1,5,1,0,0,0,0,821,7,39,0
2,0,0,2,0,1,1,0,0,0,367,4,36,0
0,0,0,0,1,0,0,0,0,0,280,0,0,0
0,0,0,1,2,1,1,0,0,0,188,8,36,0
0,0,0,0,1,0,0,0,0,0,312,1,25,0
1,0,0,0,1,0,0,0,0,0,689,1,15,0
0,0,0,0,6,1,0,0,0,0,987,7,34,0
0,0,1,1,4,4,0,0,0,0,1145,4,43,0
4,0,2,0,3,1,3,0,0,1,485,3,82,1
0,0,0,2,5,0,0,0,0,0,600,8,39,0
0,0,0,0,0,1,1,0,0,0,262,1,13,0
0,0,0,0,1,1,0,0,0,0,559,7,31,0
3,1,1,1,4,2,4,0,2,2,1829,4,92,1
3,2,1,2,5,3,2,0,2,1,649,3,97,1
0,0,1,1,2,5,3,0,2,1,937,8,100,1
2,0,0,0,6,0,1,0,0,0,335,6,33,0
3,1,2,2,1,6,1,0,0,0,912,1,83,1
5,0,0,1,3,4,0,1,0,1,184,3,91,1
4,0,0,0,0,5,2,0,2,0,315,6,70,1
2,2,0,0,1,3,1,0,0,0,554,8,51,1
4,2,1,0,0,0,2,1,2,0,1253,7,67,1
0,0,1,0,2,6,0,1,2,0,144,6,69,1
3,0,2,1,6,1,1,1,1,0,693,6,99,1
0,0,0,0,1,0,0,0,0,0,259,1,4,0
4,0,0,1,0,5,4,0,1,2,303,3,70,1
0,0,1,0,0,0,1,0,0,0,167,1,43,0
1,0,2,2,3,5,0,0,0,0,504,2,41,0
4,2,0,0,4,4,3,1,0,1,1187,6,90,1
2,0,2,0,3,4,0,1,2,0,435,1,53,1
0,0,0,1,1,1,0,0,0,0,155,8,37,0
3,0,1,0,4,0,1,0,2,0,153,0,87,1
2,0,2,1,1,3,0,0,0,0,1087,0,43,0
1,1,1,1,4,6,2,1,2,2,1566,8,80,1
4,0,0,0,1,3,1,0,1,0,412,3,67,1
0,0,0,0,1,0,1,0,0,0,362,0,22,0
1,0,0,0,0,1,1,0,0,0,476,1,14,0
2,0,0,0,0,1,1,0,0,0,469,4,30,0
0,0,1,2,6,6,4,0,2,0,652,6,58,1
1,0,0,0,1,0,1,0,0,0,458,1,27,0
5,1,2,0,2,6,2,0,2,1,839,0,81,1
1,0,0,0,1,0,0,0,0,0,474,0,1,0
1,0,0,0,0,0,0,0,0,0,332,1,14,0
5,2,0,1,1,1,1,0,1,2,961,6,75,1
0,0,0,0,0,0,0,0,0,0,419,6,33,0
0,0,0,0,0,0,1,0,0,0,195,0,3,0
1,0,1,0,5,4,1,0,1,0,665,2,55,1
3,1,0,0,0,3,0,1,0,2,419,3,97,1
0,0,0,0,0,1,0,0,0,0,559,0,13,0
4,1,1,1,5,2,0,1,0,2,1463,5,77,1
0,0,0,0,0,0,1,0,0,0,311,1,3,0
1,0,0,0,0,1,0,0,0,0,473,1,29,0
1,0,0,0,1,0,1,0,0,0,286,1,11,0
0,0,0,0,0,0,0,0,0,0,639,1,14,0
0,0,1,1,2,5,3,0,0,0,703,2,61,1
1,0,0,0,1,1,1,0,0,0,394,0,24,0
2,2,0,1,3,0,3,1,0,0,363,7,85,1
4,2,1,2,6,5,2,0,1,0,746,8,87,1
0,0,2,2,6,1,0,1,0,0,749,1,59,1
0,0,0,0,1,0,1,0,0,0,218,0,11,0
2,0,0,2,2,1,1,0,0,0,526,7,37,0
0,0,0,0,0,1,0,0,0,0,858,1,27,0
2,0,2,0,5,3,3,1,1,1,1440,0,91,1
2,1,2,0,1,2,0,0,2,0,1109,6,69,1
1,0,0,0,0,1,0,0,0,0,311,0,11,0
0,0,0,0,0,1,0,0,0,0,645,0,14,0
0,0,0,0,1,0,0,0,0,0,350,1,11,0
4,1,1,1,2,0,0,0,2,0,230,5,60,1
0,0,0,1,5,0,1,0,0,0,666,2,37,0
0,0,0,0,3,1,0,0,0,0,377,2,37,0
2,0,0,2,6,0,0,0,0,0,359,7,38,0
1,0,2,1,3,1,1,0,0,0,1031,8,40,0
0,0,0,0,0,0,1,0,0,0,400,0,18,0
0,0,1,2,2,3,0,0,2,2,1756,5,95,1
1,0,0,0,0,0,1,0,0,0,532,1,12,0
0,0,0,1,2,3,1,0,0,0,432,3,40,0
1,0,1,1,4,6,2,0,1,0,1695,5,97,1
2,0,0,2,1,3,5,0,0,2,1480,4,82,1
3,2,0,2,0,6,5,0,1,2,1325,0,82,1
3,2,1,2,6,5,5,1,1,2,869,0,81,1
0,0,0,0,0,1,0,0,0,0,430,1,14,0
2,1,1,1,1,1,2,0,1,2,1437,7,81,1
1,0,0,0,6,1,0,0,0,0,196,6,31,0
2,0,1,0,0,5,5,1,1,0,199,4,64,1
0,0,0,0,1,0,0,0,0,0,482,0,0,0
2,2,1,2,4,5,3,1,2,0,1370,5,66,1
0,0,0,0,1,1,0,0,0,0,713,1,21,0
4,0,2,0,4,2,3,0,1,0,915,8,61,1
1,0,0,0,0,0,1,0,0,0,139,1,6,0
0,0,2,1,6,2,0,1,0,2,1099,8,81,1
4,0,2,2,5,5,5,0,1,2,512,1,82,1
0,0,2,0,3,4,2,0,2,0,1694,2,97,1
0,0,0,0,0,0,1,0,0,0,499,1,26,0
1,1,0,2,5,6,1,1,1,0,352,6,63,1
1,0,0,0,0,1,0,0,0,0,294,1,22,0
1,0,0,0,1,0,0,0,0,0,306,1,22,0
3,0,2,1,6,2,1,0,2,1,1579,2,83,1
1,0,0,0,0,0,1,0,0,0,404,0,1,0
2,0,1,2,4,3,0,1,0,0,801,0,61,1
2,2,0,2,6,6,2,0,2,0,1668,5,84,1
3,0,1,2,6,5,0,1,0,0,704,2,45,0
1,1,2,1,3,1,1,0,1,0,246,2,62,1
1,0,0,1,0,0,5,0,0,2,524,0,74,1
0,0,0,0,1,1,0,0,0,0,481,0,13,0
1,0,0,0,1,1,1,0,0,0,828,0,22,0
0,0,0,0,0,0,0,0,0,0,333,0,21,0
1,0,0,0,0,1,1,0,0,0,130,1,4,0
0,0,0,0,0,1,0,0,0,0,639,1,26,0
3,2,0,1,4,1,0,0,0,1,1234,2,71,1
1,0,0,0,0,0,0,0,0,0,557,0,17,0
0,0,2,0,0,3,1,1,0,0,604,8,47,0
0,0,0,0,1,1,1,0,0,0,479,0,0,0
0,0,0,0,3,0,5,1,2,1,910,2,69,1
1,0,0,1,2,0,1,0,0,0,976,7,39,0
0,0,0,0,1,0,1,0,0,0,264,0,1,0
1,0,0,0,0,0,0,0,0,0,783,0,26,0
1,1,0,0,5,4,2,1,1,2,1233,2,72,1
2,0,1,2,2,1,1,0,0,0,243,5,43,0
2,0,1,0,1,5,0,1,0,0,880,6,54,1
3,0,2,2,5,3,1,0,0,0,304,1,53,1
3,2,0,0,4,2,2,0,0,2,601,7,91,1
0,0,0,0,0,1,0,0,0,0,335,1,26,0
4,0,1,0,6,1,3,0,0,0,948,1,63,1
4,0,0,0,2,2,4,0,0,1,394,1,68,1
1,1,1,2,2,1,2,1,2,0,652,7,50,1
0,0,0,0,2,1,0,0,0,0,886,6,31,0
0,0,2,2,4,0,1,0,0,0,548,6,42,0
0,0,0,1,1,5,5,0,2,0,807,7,56,1
4,0,0,1,5,5,2,0,2,0,1264,6,70,1
2,1,1,1,2,5,3,0,2,1,639,4,69,1
0,0,0,0,1,1,0,0,0,0,751,1,23,0
1,0,0,0,1,1,1,0,0,0,387,0,10,0
1,0,0,2,3,5,3,1,2,2,1322,3,72,1
0,0,0,0,0,0,1,0,0,0,542,0,4,0
0,0,0,1,5,0,1,0,0,0,745,7,38,0
0,0,0,0,1,1,1,0,0,0,283,1,2,0
2,0,0,0,0,2,0,0,1,2,944,4,66,1
2,0,2,1,3,4,0,1,0,0,1002,5,45,0
1,0,0,0,1,0,1,0,0,0,664,0,21,0
1,0,0,1,1,1,1,0,0,0,532,0,36,0
0,0,0,0,0,1,1,0,0,0,181,0,10,0
0,0,2,0,6,6,3,1,0,0,1447,5,64,1
0,0,0,0,1,1,0,0,0,0,257,0,7,0
1,0,0,0,0,1,0,0,0,0,609,1,13,0
1,0,0,0,1,1,1,0,0,0,496,0,9,0
6,0,2,0,5,1,1,0,0,2,1039,6,98,1
0,0,1,1,3,0,3,1,1,0,669,6,60,1
3,1,1,2,4,4,1,1,2,1,272,8,75,1
0,0,0,0,0,0,0,0,0,0,554,0,29,0
2,0,0,0,5,1,1,0,0,0,829,2,34,0
4,1,2,2,2,4,0,1,1,2,1962,4,99,1
0,0,0,0,1,1,1,0,0,0,489,1,2,0
1,0,2,2,2,4,5,1,2,0,137,7,51,1
1,1,1,2,5,5,3,1,1,2,1062,3,96,1
0,0,0,1,6,1,2,0,2,0,304,8,57,1
0,0,0,2,4,3,2,1,1,0,1037,6,58,1
3,0,2,2,0,4,0,0,1,0,435,6,54,1
0,0,0,0,2,0,0,0,0,0,559,6,32,0
3,0,2,1,3,6,3,1,2,0,153,5,74,1
3,2,0,2,4,5,5,1,1,0,1454,4,83,1
1,0,0,1,3,0,1,0,0,0,134,5,35,0
3,0,0,1,5,0,5,0,1,0,854,4,57,1
2,0,0,0,2,0,1,0,0,0,569,5,32,0
1,0,0,0,1,0,1,0,0,0,364,1,16,0
4,1,1,1,5,2,5,1,1,2,939,3,95,1
1,0,0,0,5,1,0,0,0,0,103,5,30,0
1,0,0,0,0,0,1,0,0,0,182,1,3,0
3,0,2,2,5,5,1,1,1,2,769,8,93,1
3,0,2,2,4,2,1,1,1,0,580,6,71,1
0,0,1,1,5,2,2,0,2,0,684,3,54,1
2,0,0,1,4,6,3,0,1,1,558,7,88,1
3,2,2,1,1,2,3,0,1,0,689,1,63,1
0,0,0,2,3,4,2,0,2,1,455,5,75,1
1,1,0,0,3,4,0,1,1,2,1075,8,77,1
1,0,0,0,0,0,0,0,0,0,344,0,7,0
0,0,0,0,0,0,1,0,0,0,522,0,2,0
0,0,0,0,1,1,0,0,0,0,282,1,18,0
1,1,2,1,0,4,0,0,2,1,1477,5,73,1
4,0,0,2,5,1,4,1,1,1,180,3,78,1
0,0,0,0,0,1,0,0,0,0,369,1,8,0
2,0,0,0,5,1,0,0,0,0,572,0,45,0
3,0,1,2,3,5,1,0,0,0,544,4,47,0
0,0,0,0,1,1,1,0,0,0,262,1,24,0
1,0,1,2,3,1,1,1,0,0,209,3,49,0
0,0,0,0,1,1,0,0,0,0,450,0,1,0
1,0,1,0,2,0,2,1,0,0,423,6,58,1
1,1,2,2,2,5,5,0,2,0,1054,2,56,1
3,2,1,2,1,5,4,1,2,0,262,2,50,1
3,1,0,2,3,3,2,1,2,1,1362,1,67,1
1,0,0,0,0,1,1,0,0,0,460,0,6,0
3,2,1,1,1,6,5,1,0,2,748,7,76,1
0,0,0,0,0,0,0,0,0,0,392,0,28,0
0,0,0,0,5,0,1,0,0,0,925,1,33,0
0,0,2,1,1,6,5,0,1,0,468,6,72,1
3,0,2,0,2,4,1,0,0,0,832,5,46,0
0,0,0,0,0,1,0,0,0,0,132,0,3,0
0,0,0,0,1,1,1,0,0,0,302,1,3,0
0,0,0,0,0,1,0,0,0,0,811,0,28,0
5,2,0,2,5,3,2,0,0,1,836,6,92,1
1,0,0,0,0,0,0,0,0,0,153,1,3,0
1,0,0,0,0,0,1,0,0,0,748,0,27,0
0,0,0,0,0,1,0,0,0,0,523,0,10,0
0,0,0,0,0,1,0,0,0,0,100,1,9,0
0,0,0,0,1,1,1,0,0,0,536,1,9,0
0,0,0,0,1,0,1,0,0,0,227,1,6,0
0,0,1,0,0,6,4,0,0,1,794,0,69,1
1,0,0,0,0,0,0,0,0,0,435,1,10,0
0,0,0,0,1,1,0,0,0,0,509,1,7,0
3,1,2,1,3,0,2,1,2,1,870,2,96,1
1,0,1,0,6,2,0,0,0,0,283,4,40,0
2,0,1,2,2,5,5,1,0,0,1107,5,51,1
0,0,0,0,5,0,1,0,0,0,895,7,33,0
0,0,0,0,1,0,1,0,0,0,156,1,13,0
0,0,2,1,5,6,2,1,1,0,1240,2,71,1
3,2,2,1,6,2,0,1,1,0,693,1,51,1
1,0,0,2,1,1,0,0,0,0,866,6,38,0
0,0,2,1,6,0,0,1,0,0,565,7,63,1
4,2,1,0,3,4,2,1,0,1,392,4,85,1
1,0,0,0,0,1,0,0,0,0,105,1,8,0
0,0,1,2,0,0,1,0,0,0,642,3,48,0
2,2,1,0,5,1,4,1,1,0,941,1,54,1
0,0,1,0,6,3,0,1,0,0,1731,7,87,1
0,0,2,1,2,6,0,0,0,0,1019,7,55,1
2,0,2,1,2,2,3,1,0,2,1380,6,70,1
3,0,1,1,3,1,5,0,2,0,426,2,61,1
1,1,2,0,2,1,0,0,0,1,424,7,70,1
1,0,0,0,1,0,0,0,0,0,532,1,22,0
2,0,0,0,4,0,0,0,0,0,803,0,35,0
2,0,2,1,6,2,1,0,0,0,900,8,44,0
0,0,0,2,6,1,2,1,0,0,1189,3,69,1
0,0,2,2,0,1,2,1,2,0,178,1,53,1
1,0,2,2,3,5,1,1,0,0,563,5,51,1
2,0,1,2,0,2,0,0,0,0,901,7,43,0
0,0,1,2,3,1,1,1,0,0,1209,6,48,0
1,1,0,0,6,2,1,1,2,1,485,2,95,1
0,0,0,0,0,1,1,0,0,0,284,0,7,0
0,0,2,1,0,4,3,1,0,2,1244,7,70,1
0,0,0,0,1,0,0,0,0,0,152,0,12,0
3,1,2,1,4,2,1,0,0,0,111,4,55,1
0,0,2,1,6,5,5,1,0,0,1192,7,55,1
1,0,0,0,1,0,1,0,0,0,290,0,4,0
1,0,0,1,4,0,1,0,0,0,865,8,36,0
0,0,0,0,2,1,0,0,0,0,229,7,31,0
4,2,0,0,6,3,3,1,1,0,485,0,83,1
0,0,2,0,6,0,4,1,1,1,711,7,87,1
0,0,0,0,1,0,1,0,0,0,414,0,26,0
1,0,2,0,4,2,0,1,0,0,435,5,48,0
0,0,0,0,2,5,0,0,0,0,1085,8,40,0
0,0,1,1,0,0,0,1,0,0,421,4,46,0
0,0,1,2,4,3,5,1,0,0,840,1,59,1
0,0,0,0,1,0,0,0,0,0,467,0,26,0
0,0,0,0,0,0,1,0,0,0,364,0,37,0
2,0,0,1,0,1,1,0,0,0,694,3,35,0
0,0,0,0,1,1,0,0,0,0,903,1,27,0
4,2,1,1,1,4,3,0,0,2,408,5,71,1
0,0,0,0,0,1,0,0,0,0,475,1,22,0
1,0,0,0,0,1,0,0,0,0,252,1,25,0
0,0,0,0,1,0,1,0,0,0,188,0,15,0
2,2,0,2,1,3,3,1,0,1,709,3,82,1
2,2,2,0,0,5,2,1,2,0,673,5,54,1
0,0,0,2,4,2,0,1,1,0,576,1,53,1
3,2,2,2,3,3,1,0,2,0,363,3,68,1
1,0,0,0,0,0,0,0,0,0,213,0,1,0
1,0,0,0,0,0,1,0,0,0,127,0,13,0
0,0,0,0,6,2,1,1,1,0,978,8,63,1
1,0,0,0,6,1,0,0,0,0,498,0,38,0
1,1,1,1,5,4,4,1,1,0,946,8,94,1
1,0,0,0,0,1,0,0,0,0,371,0,3,0
4,0,0,0,6,0,4,1,0,0,1346,8,71,1
1,0,0,0,1,1,0,0,0,0,746,1,21,0
0,0,2,2,3,1,0,0,0,0,1138,6,46,0
1,0,0,0,1,0,0,0,0,0,533,1,24,0
0,0,0,0,1,1,0,0,0,0,181,1,1,0
0,0,2,0,2,1,4,1,1,1,1131,0,75,1
0,0,2,0,1,5,2,0,2,0,1034,7,54,1
0,0,0,0,0,0,0,0,0,0,371,0,1,0
2,0,0,0,5,0,1,0,0,0,842,4,33,0
2,0,0,0,3,0,1,0,0,0,646,3,32,0
1,0,0,0,1,1,1,0,0,0,808,1,24,0
5,0,1,0,1,0,1,0,2,2,1508,0,94,1
3,2,2,1,2,0,2,1,2,0,721,3,54,1
0,0,2,2,0,6,5,0,1,2,454,5,81,1
6,0,1,0,1,3,5,1,0,1,264,5,90,1
2,1,2,2,0,1,5,1,0,2,259,4,100,1
0,0,0,0,1,1,1,0,0,0,240,1,21,0
4,2,1,2,2,1,1,0,1,0,1215,2,61,1
1,0,1,2,6,4,3,1,1,0,376,0,57,1
2,0,1,2,2,5,3,1,0,0,780,7,67,1
2,1,1,0,0,4,4,1,2,0,748,6,57,1
2,0,0,1,2,5,1,0,0,0,406,4,43,0
2,0,1,1,3,1,0,0,0,0,212,7,42,0
0,0,0,0,1,1,1,0,0,0,144,1,20,0
0,0,1,1,0,1,4,0,1,2,577,8,85,1
1,0,2,0,6,1,4,1,0,0,417,5,52,1
2,1,2,2,5,3,1,1,1,0,223,3,82,1
3,0,1,1,2,5,0,1,0,0,511,7,46,0
0,0,2,0,3,1,3,0,2,1,108,6,83,1
0,0,0,0,0,0,1,0,0,0,311,1,4,0
0,0,2,1,0,2,0,0,0,0,113,0,49,0
0,0,1,1,6,5,4,1,1,1,736,3,76,1
0,0,0,0,0,1,1,0,0,0,537,1,4,0
1,0,0,0,1,0,0,0,0,0,422,0,16,0
1,1,2,2,4,4,4,1,2,0,215,7,91,1
1,0,0,1,3,2,3,0,0,2,1016,0,99,1
4,2,2,1,6,0,0,1,0,0,1470,4,80,1
0,0,0,0,1,0,0,0,0,0,308,1,0,0
0,0,0,0,1,1,1,0,0,0,351,1,22,0
2,2,1,1,1,3,5,1,0,1,494,4,73,1
3,2,1,0,0,3,0,0,2,0,865,5,63,1
1,0,0,0,1,1,1,0,0,0,424,0,24,0
1,0,0,0,0,1,1,0,0,0,183,0,7,0
1,0,0,1,2,5,1,0,2,0,1384,2,97,1
3,1,2,1,2,5,2,0,0,2,397,4,77,1
2,0,1,2,3,3,1,0,0,0,210,4,44,0
3,0,1,2,5,6,3,1,2,0,1084,2,60,1
6,2,2,0,5,6,2,0,2,0,939,7,100,1
5,0,0,0,4,4,3,1,1,0,1356,8,80,1
0,0,0,0,0,1,1,0,0,0,234,0,21,0
0,0,0,0,1,1,1,0,0,0,718,1,16,0
0,0,1,2,4,0,0,1,2,1,1061,1,99,1
2,0,0,1,5,2,1,1,0,0,339,2,46,0
1,1,0,1,2,0,5,1,2,0,1152,0,98,1
1,0,2,0,4,2,4,1,0,0,760,7,53,1
2,1,2,0,5,3,1,0,0,2,434,1,69,1
0,0,0,1,2,5,1,0,2,2,261,5,81,1
1,0,0,0,6,1,0,0,0,0,885,7,32,0
3,0,1,0,2,6,0,1,0,2,859,0,81,1
3,0,1,2,1,1,3,1,0,1,1561,3,81,1
1,0,0,0,1,1,0,0,0,0,103,1,16,0
4,0,1,2,3,0,3,0,1,2,1159,7,77,1
2,0,2,2,1,4,4,1,0,0,896,1,63,1
2,1,1,1,0,6,5,0,2,1,1026,2,66,1
1,1,0,2,4,0,0,1,1,0,746,5,67,1
1,0,0,0,1,1,1,0,0,0,201,1,21,0
2,2,0,0,1,0,5,1,2,0,245,3,82,1
2,1,1,1,0,4,3,0,1,1,838,0,82,1
0,0,0,0,0,0,0,0,0,0,275,1,18,0
3,1,2,2,6,4,2,1,0,0,818,1,67,1
1,1,0,2,5,0,5,1,0,0,1357,0,81,1
0,0,1,1,4,1,0,0,0,0,1057,2,42,0
6,1,1,2,6,6,3,0,0,1,1155,7,90,1
0,0,0,0,5,2,0,0,0,0,784,4,40,0
6,0,2,1,1,6,5,0,1,1,1013,3,97,1
0,0,2,1,2,5,4,1,0,2,1546,6,93,1
2,1,2,2,6,6,5,1,0,2,638,3,84,1
2,0,2,2,6,1,3,1,2,0,826,7,70,1
1,0,0,0,1,0,1,0,0,0,160,1,29,0
0,0,1,0,5,0,0,0,0,2,1188,6,86,1
1,0,1,1,4,0,2,1,2,0,864,6,57,1
0,0,1,2,3,5,3,0,0,0,781,0,54,1
2,0,1,0,6,0,0,0,1,2,861,5,91,1
3,2,1,1,2,3,5,1,1,0,1037,3,58,1
1,1,1,1,0,6,0,1,0,1,1164,5,92,1
0,0,0,0,0,4,2,1,2,0,340,4,78,1
3,2,0,1,6,0,3,1,0,1,550,0,89,1
0,0,1,0,4,4,0,0,0,0,1073,7,41,0
4,0,2,1,1,4,1,0,2,2,873,1,90,1
0,0,1,0,6,6,0,1,0,0,915,1,45,0
0,0,1,1,0,2,4,0,1,0,342,1,50,1
3,1,2,1,5,1,0,1,1,0,1007,0,58,1
4,1,2,0,4,3,2,1,0,0,406,8,72,1
0,0,0,0,1,1,1,0,0,0,563,0,28,0
0,0,0,0,3,1,1,0,0,0,643,6,32,0
3,0,1,1,4,1,5,0,0,0,1267,7,68,1
1,0,0,0,1,1,1,0,0,0,463,0,8,0
0,0,0,0,0,1,1,0,0,0,255,0,14,0
1,0,0,0,1,1,0,0,0,0,383,0,8,0
1,0,1,1,2,4,5,0,2,0,1020,1,68,1
2,0,2,1,5,5,1,0,2,0,316,5,53,1
3,2,0,1,4,0,1,0,2,2,228,5,72,1
0,0,0,0,0,1,0,0,0,0,126,1,13,0
0,0,1,2,2,2,4,1,0,0,810,8,56,1
1,0,0,0,0,0,1,0,0,0,259,1,8,0
4,0,2,2,0,4,5,0,1,2,1321,0,71,1
1,0,0,0,0,1,0,0,0,0,526,1,2,0
0,0,0,1,5,1,1,0,0,0,198,1,39,0
3,2,0,2,2,1,0,1,1,0,202,8,61,1
1,0,0,0,1,0,1,0,0,0,447,0,3,0
2,0,0,0,5,1,1,0,0,0,828,5,32,0
3,0,1,0,0,1,0,0,0,1,232,8,89,1
0,0,1,2,4,4,3,0,0,0,735,4,52,1
3,1,1,2,0,4,2,1,2,0,470,5,81,1
0,0,0,0,0,0,0,0,0,0,513,0,9,0
1,0,0,0,0,0,1,0,0,0,869,1,27,0
3,0,2,1,4,2,5,0,1,2,452,3,89,1
5,2,1,2,2,2,1,1,1,2,472,1,78,1
2,0,0,0,5,0,0,0,0,0,223,5,30,0
2,1,1,2,2,6,0,1,0,0,1375,8,82,1
2,1,0,0,1,3,2,0,2,0,1348,7,97,1
0,0,0,0,3,1,0,0,0,0,935,5,31,0
0,0,0,0,0,1,0,0,0,0,357,0,19,0
0,0,0,0,1,1,1,0,0,0,433,1,12,0
0,0,0,0,1,0,0,0,0,0,482,0,21,0
1,0,0,0,1,1,1,0,0,0,468,0,1,0
2,0,0,0,4,1,0,0,0,0,587,8,39,0
1,0,0,0,0,1,1,0,0,0,634,1,20,0
1,0,2,2,3,0,3,0,2,2,839,8,95,1
1,1,0,2,0,2,2,0,2,0,378,6,59,1
0,0,0,0,0,1,1,0,0,0,482,0,18,0
0,0,0,0,1,0,0,0,0,0,560,0,8,0
1,1,0,1,3,3,2,1,2,2,1143,6,99,1
1,0,0,0,0,0,1,0,0,0,704,1,27,0
0,0,0,0,1,0,0,0,0,0,376,0,1,0
0,0,0,0,0,1,1,0,0,0,563,1,22,0
1,0,0,0,1,1,1,0,0,0,440,0,24,0
1,0,0,0,1,0,0,0,0,0,256,0,20,0
1,1,1,1,5,2,1,1,0,0,1160,0,69,1
0,0,0,2,3,4,4,0,2,0,1326,4,57,1
0,0,0,1,5,6,0,0,0,0,411,2,43,0
1,0,0,0,0,1,0,0,0,0,413,0,9,0
4,1,2,1,6,6,0,0,0,0,963,3,62,1
0,0,1,2,2,5,5,1,0,1,1383,0,81,1
4,1,2,1,0,1,1,1,0,2,1182,8,87,1
4,2,0,2,4,4,4,1,0,2,240,1,78,1
1,0,0,0,0,1,0,0,0,0,204,1,0,0
0,0,0,0,1,0,1,0,0,0,385,1,3,0
1,0,0,0,1,1,0,0,0,0,898,1,33,0
0,0,0,0,1,1,1,0,0,0,526,0,25,0
1,0,2,2,0,5,4,0,1,0,1149,4,71,1
1,0,2,1,4,3,2,1,2,2,1711,4,89,1
0,0,0,0,0,0,0,0,0,0,638,1,22,0
1,0,0,0,4,0,0,0,0,0,207,1,35,0
1,0,0,0,1,1,1,0,0,0,496,0,20,0
0,0,0,0,0,0,0,0,0,0,236,0,27,0
4,0,1,0,2,1,5,0,0,0,1111,5,62,1
4,2,0,0,4,2,4,0,0,1,547,0,67,1
0,0,0,0,3,1,0,0,0,0,986,7,33,0
1,0,0,0,0,0,0,0,0,0,688,1,21,0
0,0,0,0,0,0,0,0,0,0,570,0,28,0
2,0,0,1,6,5,1,0,0,2,1435,0,96,1
0,0,0,0,1,0,0,0,0,0,130,0,9,0
2,0,0,1,3,4,3,0,2,0,925,0,76,1
3,0,1,0,0,5,5,1,1,0,199,8,59,1
1,0,0,0,0,1,0,0,0,0,223,0,0,0
0,0,0,1,5,1,1,0,0,0,766,1,46,0
1,0,0,0,1,1,0,0,0,0,348,0,4,0
1,0,0,0,0,1,0,0,0,0,205,0,4,0
1,0,2,1,3,1,0,0,1,0,1078,4,84,1
0,0,0,0,1,1,1,0,0,0,445,0,11,0
2,0,0,0,0,0,1,0,0,0,330,8,30,0
3,0,1,0,1,4,0,1,0,0,1132,0,46,0
0,0,2,1,0,3,1,1,1,1,189,1,89,1
2,1,2,0,5,0,2,1,1,0,1800,0,91,1
1,0,0,0,1,1,1,0,0,0,497,1,28,0
1,0,0,2,0,6,5,0,0,0,446,0,82,1
1,0,0,0,1,0,0,0,0,0,515,0,12,0
0,0,1,0,3,2,0,0,1,1,1069,5,76,1
1,0,0,0,1,0,1,0,0,0,431,0,2,0
1,1,0,2,4,5,3,1,1,2,1622,8,84,1
5,1,0,0,1,0,2,1,0,0,1796,3,97,1
2,0,0,1,3,3,1,0,0,0,617,4,49,0
1,1,0,2,4,3,2,1,0,0,1868,4,100,1
2,0,1,0,4,0,0,0,0,0,137,6,46,0
4,1,1,1,1,2,3,1,0,1,1508,2,92,1
2,0,1,2,0,0,4,0,2,2,426,4,75,1
0,0,2,2,0,2,1,0,0,0,780,4,41,0
0,0,0,1,0,3,2,0,1,0,221,6,56,1
0,0,0,0,0,1,0,0,0,0,271,1,1,0
0,0,0,0,0,1,0,0,0,0,560,1,25,0
0,0,0,0,0,1,1,0,0,0,170,1,23,0
2,0,2,0,0,3,0,1,0,0,174,5,47,0
4,1,2,0,4,0,3,0,2,0,532,6,98,1
5,0,0,2,1,6,4,1,2,2,824,6,79,1
0,0,0,0,0,1,1,0,0,0,495,1,13,0
3,1,1,1,3,4,2,1,0,1,197,8,92,1
1,0,0,0,0,0,1,0,0,0,353,2,33,0
3,0,0,2,4,1,1,0,0,0,116,2,45,0
2,2,1,0,2,1,4,0,1,2,783,2,66,1
0,0,0,0,0,1,1,0,0,0,388,0,1,0
0,0,1,0,4,6,1,0,1,0,130,6,68,1
1,0,2,2,4,1,0,0,2,0,1179,4,62,1
0,0,0,0,1,1,1,0,0,0,505,1,2,0
1,0,2,2,0,5,0,1,0,1,307,7,75,1
1,0,0,0,1,1,1,0,0,0,278,1,4,0
1,0,0,0,0,1,0,0,0,0,361,1,3,0
3,0,2,2,2,1,0,1,2,0,863,6,55,1
3,2,1,2,3,4,1,1,0,0,937,3,63,1
1,0,0,0,0,0,1,0,0,0,333,1,21,0
0,0,2,2,4,0,4,0,1,1,930,5,96,1
0,0,0,2,1,2,1,0,1,1,1161,3,87,1
1,0,0,0,1,0,1,0,0,0,134,1,19,0
5,0,2,0,3,6,0,0,2,1,481,3,92,1
1,1,1,2,5,1,3,0,2,0,192,1,54,1
0,0,0,0,1,0,1,0,0,0,176,0,27,0
2,0,1,2,0,6,1,0,0,0,392,6,44,0
0,0,0,0,0,1,1,0,0,0,490,0,15,0
1,0,0,0,0,1,1,0,0,0,375,1,3,0
1,1,1,0,2,6,2,1,1,1,1025,3,96,1
0,0,0,0,1,1,0,0,0,0,514,1,8,0
1,0,0,0,0,0,1,0,0,0,328,0,29,0
0,0,0,0,1,1,1,0,0,0,359,0,5,0
2,1,0,2,4,0,5,1,0,0,1140,0,51,1
5,0,1,1,3,6,5,0,2,2,1701,2,96,1
0,0,0,1,5,3,0,1,0,0,988,3,55,1
1,0,0,0,0,0,0,0,0,0,294,1,10,0
0,0,0,0,0,0,1,0,0,0,447,0,17,0
1,0,2,2,6,5,1,1,2,0,1440,1,83,1
2,1,1,1,4,1,5,1,0,0,1248,6,51,1
0,0,0,2,3,5,1,0,2,1,1524,8,71,1
0,0,0,0,1,1,0,0,0,0,693,0,13,0
1,0,0,0,0,1,1,1,0,0,229,6,46,0
0,0,0,0,0,1,0,0,0,0,567,1,6,0
4,1,1,0,1,4,3,1,2,0,1066,2,97,1
2,2,2,0,0,2,5,0,0,0,280,6,52,1
4,0,0,2,4,5,1,1,2,0,1397,3,61,1
5,2,1,2,4,1,0,0,0,1,1423,8,77,1
1,0,0,0,1,1,0,0,0,0,424,0,12,0
3,2,2,2,1,1,1,0,1,0,1395,4,99,1
3,0,2,0,2,3,5,0,0,0,896,7,65,1
0,0,2,2,2,3,3,0,0,1,1541,1,70,1
0,0,0,0,1,1,1,0,0,0,207,0,19,0
0,0,0,0,1,0,1,0,0,0,380,1,4,0
2,0,0,1,3,0,0,0,0,0,935,7,39,0
4,1,2,0,3,1,1,1,1,1,151,6,69,1
1,1,2,0,5,1,3,0,1,1,1682,7,97,1
0,0,0,2,3,1,0,0,0,0,1009,6,37,0
1,0,1,2,6,6,2,1,0,0,1138,4,51,1
1,0,1,1,3,3,1,1,0,0,382,4,45,0
2,0,0,1,0,4,0,0,0,0,1000,4,43,0
2,0,0,2,1,0,1,0,0,0,138,4,39,0
1,0,0,0,1,1,0,0,0,0,286,1,16,0
3,0,2,0,1,0,1,0,0,0,781,8,49,0
0,0,0,2,0,1,3,1,0,0,1306,4,69,1
0,0,0,0,0,1,0,0,0,0,351,1,0,0
0,0,0,0,1,0,1,0,0,0,426,1,11,0
0,0,0,0,1,0,1,0,0,0,103,1,15,0
5,2,0,2,6,1,5,0,0,0,1374,4,92,1
0,0,0,0,1,1,1,0,0,0,192,1,4,0
0,0,0,0,1,1,1,0,0,0,286,1,5,0
1,0,1,2,3,1,0,0,0,0,668,1,40,0
1,0,0,0,0,1,1,0,0,0,130,1,1,0
1,0,0,2,5,5,1,0,0,0,218,0,40,0
3,0,0,2,3,3,0,1,2,0,1451,5,73,1
0,0,0,0,1,1,1,0,0,0,121,0,24,0
1,0,0,2,2,1,1,0,0,0,819,1,37,0
0,0,0,0,6,5,3,1,1,1,780,5,65,1
1,0,0,0,6,0,1,0,0,0,669,3,33,0
0,0,0,0,3,0,1,0,0,0,299,3,34,0
4,0,2,1,4,5,4,1,2,1,872,0,67,1
0,0,1,2,4,0,2,0,1,2,140,3,69,1
1,1,2,1,2,2,0,0,2,0,899,1,53,1
1,1,2,0,6,1,1,0,0,2,1424,4,72,1
0,0,0,0,5,0,0,0,0,0,910,3,37,0
2,0,0,1,2,1,0,0,0,0,141,7,35,0
1,0,0,0,1,1,1,0,0,0,234,0,23,0
1,0,0,0,0,1,1,0,0,0,328,0,7,0
0,0,0,0,2,0,1,1,1,0,1032,7,56,1
3,0,2,1,6,4,0,0,0,0,371,4,48,0
3,1,0,1,0,4,3,1,1,1,1024,1,76,1
0,0,0,0,1,1,1,0,0,0,124,0,16,0
4,2,1,1,1,4,5,0,1,2,1015,6,68,1
2,0,0,2,3,3,3,1,2,2,973,8,73,1
4,1,2,0,4,6,3,1,0,2,261,4,77,1
0,0,0,0,1,0,1,0,0,0,724,0,15,0
2,1,1,1,2,1,3,0,1,0,841,4,87,1
1,0,0,0,5,0,1,0,0,0,674,6,34,0
0,0,0,0,1,1,1,0,0,0,267,1,8,0
0,0,0,1,2,0,0,0,0,0,725,1,35,0
1,0,0,0,6,0,0,0,0,0,559,8,32,0
0,0,0,0,0,1,1,0,0,0,635,0,21,0
0,0,2,1,3,3,0,1,1,0,317,3,86,1
4,0,2,2,1,2,3,1,2,1,1516,4,73,1
5,1,0,0,6,3,3,0,2,1,471,6,98,1
3,2,2,1,0,3,1,0,2,0,903,3,52,1
0,0,0,0,1,5,3,0,1,2,1359,8,68,1
2,0,2,1,3,3,2,1,2,0,1096,7,53,1
1,0,0,0,0,1,1,0,0,0,237,0,3,0
2,0,0,0,5,1,1,0,0,0,205,2,32,0
1,0,0,0,1,0,0,0,0,0,653,0,13,0
0,0,0,0,0,1,0,0,0,0,109,0,9,0
4,0,0,1,1,6,3,1,0,1,1396,5,86,1
3,2,1,2,0,0,0,0,0,0,485,1,51,1
2,0,1,0,2,0,2,1,1,2,1512,4,100,1
1,1,1,2,3,6,0,0,1,1,1767,3,88,1
0,0,0,0,1,1,1,0,0,0,730,4,30,0
0,0,0,0,0,1,1,0,0,0,428,1,19,0
3,0,1,2,5,1,4,1,0,0,948,4,50,1
0,0,0,0,0,0,1,0,0,0,164,1,8,0
2,0,0,0,1,1,1,0,0,0,946,2,31,0
1,0,0,0,1,1,1,0,0,0,388,1,27,0
0,0,2,0,1,6,4,1,2,1,1031,2,95,1
2,1,2,0,0,6,4,0,2,0,1144,1,55,1
2,0,0,0,6,1,0,0,0,0,447,4,38,0
1,0,0,0,1,0,1,0,0,0,762,0,23,0
4,0,0,2,2,5,3,1,0,0,601,4,63,1
0,0,2,1,4,0,4,1,0,1,1531,8,99,1
1,0,0,0,0,1,1,0,0,0,375,1,17,0
2,0,0,0,3,4,0,1,0,0,1378,5,91,1
4,1,0,2,3,1,2,0,0,0,343,5,98,1
2,1,1,0,6,4,2,1,0,2,133,5,68,1
2,0,0,0,0,0,0,0,0,0,898,3,32,0
1,0,0,0,0,1,1,0,0,0,348,0,13,0
2,0,0,2,0,6,0,0,0,0,591,4,43,0
5,2,0,0,5,4,1,1,0,0,777,5,81,1
5,1,2,1,5,3,1,1,2,1,860,6,98,1
2,0,1,2,5,1,0,0,0,0,597,4,44,0
0,0,0,0,0,1,0,0,0,0,652,1,26,0
3,2,1,2,1,6,4,0,2,2,796,7,97,1
0,0,0,0,1,0,0,0,0,0,798,0,23,0
4,2,1,1,5,5,4,1,1,2,1516,0,71,1
2,1,1,0,5,2,5,1,2,0,1057,0,57,1
0,0,0,0,1,0,1,0,0,0,465,1,26,0
0,0,2,2,6,0,0,0,0,0,170,7,42,0
2,0,0,0,2,3,0,0,0,0,1047,4,43,0
0,0,0,0,1,1,1,0,0,0,591,1,26,0
0,0,0,0,0,0,1,0,0,0,744,1,24,0
2,0,2,1,1,5,0,1,0,2,1436,0,99,1
0,0,0,0,0,0,0,0,0,0,507,1,15,0
0,0,0,0,1,1,0,0,0,0,543,0,23,0
3,1,2,1,2,3,0,0,1,2,1273,3,81,1
0,0,1,1,3,2,0,0,0,0,151,8,44,0
0,0,0,0,5,0,0,0,0,0,767,0,31,0
1,0,0,0,0,0,0,0,0,0,192,1,9,0
0,0,0,0,0,1,1,0,0,0,171,1,20,0
2,0,0,0,4,3,0,1,0,0,403,8,48,0
1,0,1,1,1,1,1,1,1,2,616,4,84,1
0,0,1,0,6,3,0,1,1,0,585,7,60,1
1,0,1,0,4,0,0,0,1,0,429,0,58,1
2,1,2,2,5,0,5,0,2,0,294,7,64,1
1,0,0,0,1,1,1,0,0,0,426,1,7,0
2,2,2,1,3,6,2,1,2,0,561,3,94,1
3,2,1,2,4,6,5,1,1,0,270,0,51,1
4,2,2,2,6,5,1,1,2,1,1205,6,74,1
0,0,0,0,4,0,1,0,0,0,423,3,40,0
1,0,0,0,0,0,1,0,0,0,726,0,24,0
1,0,0,0,0,0,0,0,0,0,178,1,3,0
3,1,1,1,3,2,1,1,1,2,283,6,98,1
0,0,0,0,1,0,0,0,0,0,582,0,26,0
1,0,0,1,4,1,0,1,0,1,561,3,81,1
0,0,0,0,1,0,1,0,0,0,455,0,3,0
0,0,0,0,1,0,1,0,0,0,411,0,13,0
1,0,0,0,1,1,1,0,0,0,164,0,7,0
0,0,0,0,1,0,1,0,0,0,628,0,12,0
0,0,0,0,1,1,1,0,0,0,219,1,0,0
0,0,0,0,1,0,1,0,0,0,595,0,16,0
3,0,0,0,3,6,0,1,2,1,1177,6,83,1
1,0,0,2,6,1,0,0,0,0,397,7,35,0
1,0,0,0,6,1,1,0,0,0,662,5,30,0
1,0,0,0,1,0,1,0,0,0,276,1,24,0
3,1,2,2,6,4,5,1,2,0,1087,3,58,1
4,1,0,1,5,3,0,0,2,0,1468,3,87,1
3,2,0,0,2,5,5,0,2,1,1559,0,84,1
3,2,0,1,5,6,0,1,2,2,1392,3,86,1
0,0,0,0,0,1,1,0,0,0,603,0,18,0
2,0,2,1,0,5,0,0,0,0,840,5,43,0
5,2,0,0,6,6,4,1,0,1,357,0,87,1
1,0,1,2,5,5,3,1,0,0,495,0,55,1
4,0,1,0,5,4,1,1,0,1,1262,3,73,1
1,1,1,2,0,5,4,1,1,0,609,4,52,1
1,1,2,1,0,5,3,1,1,0,395,1,62,1
3,2,1,0,0,4,3,1,1,1,367,3,68,1
1,0,0,0,0,1,1,0,0,0,124,0,17,0
2,0,1,2,1,4,5,0,2,1,813,4,74,1
1,1,0,1,3,1,1,0,0,1,1167,1,67,1
1,0,0,0,1,1,0,0,0,0,372,0,16,0
0,0,0,0,4,1,1,0,0,0,367,7,32,0
2,2,0,0,2,3,4,1,2,0,778,1,54,1
1,0,1,1,0,3,0,0,1,0,394,8,52,1
1,0,0,1,5,1,0,0,0,0,828,5,38,0
0,0,0,0,1,1,1,0,0,0,449,1,0,0
4,0,1,1,3,2,4,1,2,1,335,3,90,1
1,0,0,1,3,0,3,0,0,1,1342,4,69,1
1,0,1,1,1,2,4,0,1,0,1458,3,69,1
1,0,1,0,3,3,1,1,0,0,934,1,46,0
0,0,0,0,0,0,0,0,0,0,769,1,33,0
2,0,0,1,6,0,0,0,0,0,744,2,37,0
4,2,0,1,4,2,2,0,2,0,375,7,73,1
0,0,1,1,5,0,2,1,2,0,1127,5,60,1
0,0,0,0,0,1,1,0,0,0,377,1,24,0
2,0,2,0,5,1,0,0,0,2,1400,0,72,1
2,0,2,2,6,3,2,1,0,0,416,3,51,1
3,1,1,0,6,3,5,1,2,0,1027,2,59,1
0,0,0,2,3,2,3,0,1,0,127,8,67,1
1,0,0,0,0,0,0,0,0,0,103,0,1,0
0,0,0,0,1,0,1,0,0,0,375,0,0,0
3,2,2,1,5,1,5,0,0,0,120,7,69,1
0,0,0,0,0,1,0,0,0,0,270,0,9,0
4,1,1,2,3,1,0,1,1,0,813,1,90,1
4,0,1,0,6,6,5,0,1,2,374,2,74,1
4,1,0,2,4,3,1,1,2,0,727,2,88,1
3,0,2,2,6,5,4,1,2,2,651,5,90,1
2,0,0,0,4,1,0,0,0,0,591,5,44,0
2,0,1,0,4,5,0,1,0,0,919,3,46,0
4,2,0,1,0,5,4,0,1,1,1236,7,82,1
1,0,0,2,5,1,1,0,0,0,656,0,46,0
4,1,0,1,3,4,2,0,2,0,483,7,86,1
4,2,2,2,5,0,2,1,1,2,265,1,76,1
4,0,1,2,1,4,2,1,2,1,1197,7,71,1
2,0,0,0,2,0,0,0,0,0,690,2,34,0
1,1,1,2,4,6,0,1,2,0,479,0,53,1
0,0,0,0,1,1,0,0,0,0,141,1,7,0
0,0,0,2,5,1,1,0,0,0,429,2,36,0
4,0,1,1,6,5,2,1,2,0,1538,8,84,1
1,0,0,0,6,0,0,0,0,0,206,5,34,0
5,2,0,0,6,1,3,0,1,2,483,4,88,1
5,2,1,1,5,0,0,0,1,0,1271,0,79,1
3,0,1,2,2,6,3,0,2,0,836,7,50,1
3,0,1,2,3,3,2,1,1,0,211,8,88,1
1,0,0,0,1,0,0,0,0,0,732,0,27,0
5,0,0,2,5,6,3,0,1,2,1042,4,100,1
5,0,2,0,6,2,1,0,2,0,421,3,80,1
1,0,0,0,1,1,1,0,0,0,227,0,1,0
6,1,2,2,6,1,4,1,1,1,1020,5,99,1
2,1,0,1,4,3,4,1,1,2,837,0,93,1
3,1,1,2,3,4,1,1,1,2,1068,1,92,1
0,0,0,0,0,0,0,0,0,0,451,1,28,0
1,0,0,0,5,1,1,0,0,0,968,3,33,0
1,0,0,0,3,1,0,0,0,0,699,4,30,0
5,2,1,1,3,0,2,0,2,2,737,5,81,1
1,0,0,0,1,0,0,0,0,0,346,0,4,0
2,2,0,0,4,0,4,1,2,0,347,3,54,1
3,1,2,2,2,2,4,1,0,0,1277,8,68,1
0,0,0,0,0,0,1,0,0,0,178,1,13,0
0,0,2,0,6,0,5,1,1,0,1043,4,59,1
1,0,0,0,0,1,0,0,0,0,707,1,24,0
1,1,0,1,1,5,3,1,1,1,1337,3,77,1
2,1,1,2,4,4,4,0,2,2,955,1,81,1
0,0,1,1,2,5,2,0,2,0,699,3,50,1
1,0,0,0,1,0,0,0,0,0,557,0,10,0
0,0,0,2,0,1,3,0,1,1,1527,7,81,1
0,0,0,0,5,1,1,0,0,0,736,5,38,0
3,1,2,1,2,4,0,0,1,2,285,3,68,1
1,0,0,0,0,1,0,0,0,0,155,0,4,0
2,0,1,0,1,5,0,0,0,0,635,5,44,0
1,0,0,1,5,4,0,0,1,1,753,7,74,1
0,0,0,0,1,0,1,0,0,0,376,0,9,0
0,0,1,2,1,4,1,0,0,0,511,2,42,0
0,0,0,0,3,2,5,0,0,0,1174,1,63,1
1,0,0,0,0,1,1,0,0,0,218,1,5,0
0,0,0,0,2,1,0,0,0,0,285,6,35,0
0,0,0,0,1,1,1,0,0,0,175,1,26,0
1,1,0,0,2,1,0,1,2,2,280,4,81,1
5,2,0,1,6,6,0,1,0,2,505,6,86,1
2,0,1,2,5,6,5,1,2,0,844,2,64,1
0,0,2,0,6,5,0,1,0,0,688,7,49,0
0,0,0,0,1,0,1,0,0,0,468,0,19,0
1,0,0,0,0,0,0,0,0,0,413,0,5,0
1,0,0,0,1,0,1,0,0,0,286,0,0,0
1,0,0,0,0,1,0,0,0,0,870,1,25,0
1,0,1,1,2,3,1,1,2,0,1236,1,53,1
1,1,0,2,4,6,3,1,2,1,1287,8,67,1
0,0,0,0,1,1,1,0,0,0,464,0,5,0
0,0,0,0,1,0,1,0,0,0,744,1,25,0
1,0,0,0,0,1,1,0,0,0,333,1,0,0
0,0,0,0,1,1,0,0,0,0,270,1,3,0
3,1,1,2,4,6,4,0,2,1,761,8,86,1
3,2,2,2,1,1,1,0,1,0,472,0,50,1
0,0,0,0,0,0,1,0,0,0,344,1,32,0
0,0,1,2,3,6,0,0,1,0,796,1,73,1
5,0,1,2,1,6,0,0,2,1,322,2,97,1
0,0,0,0,0,1,0,0,0,0,376,0,18,0
6,0,2,1,2,2,1,0,1,2,1317,2,91,1
1,0,0,0,0,0,0,0,0,0,336,0,21,0
5,0,0,0,0,1,1,1,2,2,450,8,99,1
5,0,1,2,1,2,0,1,2,0,1562,3,84,1
0,0,0,2,2,3,0,0,0,0,1092,6,42,0
1,0,0,0,1,1,1,0,0,0,484,1,23,0
1,0,0,0,1,1,0,0,0,0,292,0,7,0
0,0,0,2,1,0,1,0,0,0,140,0,35,0
1,0,1,0,1,3,1,0,2,0,784,6,50,1
1,1,0,1,5,6,1,1,0,0,1303,2,60,1
1,0,0,2,5,1,1,0,0,0,985,7,37,0
0,0,0,0,1,0,0,0,0,0,165,1,25,0
1,0,0,0,1,4,1,0,2,0,269,3,55,1
2,0,2,0,1,2,4,0,1,0,396,7,64,1
0,0,0,2,5,0,2,1,0,0,737,5,87,1
0,0,0,0,0,1,1,0,0,0,497,1,20,0
0,0,2,2,1,6,5,1,0,1,949,2,86,1
4,2,0,0,5,3,2,0,1,0,800,8,88,1
6,0,0,2,4,3,4,1,2,0,1597,0,93,1
0,0,0,2,5,5,1,0,0,0,796,8,43,0
2,2,1,0,4,5,1,1,1,0,364,3,61,1
0,0,0,0,0,0,1,0,0,0,104,1,23,0
1,0,0,0,1,1,1,0,0,0,567,1,8,0
2,0,2,2,0,2,4,0,2,0,851,6,59,1
0,0,2,2,6,3,0,0,0,0,1038,0,46,0
1,1,0,2,5,2,5,1,2,0,1730,1,95,1
5,0,1,1,5,3,1,1,0,0,965,6,95,1
3,2,2,0,6,5,4,1,0,0,741,6,57,1
1,0,0,0,1,0,1,0,0,0,941,4,38,0
1,0,0,0,1,0,0,0,0,0,124,1,21,0
1,0,2,2,1,1,1,0,0,0,749,1,40,0
0,0,0,1,6,0,0,0,0,0,589,1,37,0
0,0,2,1,1,6,0,0,0,0,188,1,44,0
2,0,1,2,1,5,0,0,0,0,847,3,42,0
0,0,0,1,1,5,3,1,2,1,676,7,93,1
3,0,1,1,5,5,5,1,1,1,434,8,70,1
1,0,1,2,5,0,3,0,2,0,181,1,52,1
0,0,0,1,6,2,4,0,1,1,1341,4,93,1
0,0,0,0,0,1,1,0,0,0,700,0,16,0
1,0,0,0,1,0,0,0,0,0,436,0,3,0
1,0,2,0,5,6,2,0,0,0,680,3,56,1
1,0,0,0,1,0,1,0,0,0,143,0,2,0
0,0,0,0,1,0,1,0,0,0,311,0,9,0
1,0,0,0,1,0,0,0,0,0,145,1,3,0
4,2,1,2,2,0,3,1,0,1,1011,5,93,1
0,0,0,1,4,1,2,0,1,1,143,5,82,1
1,0,0,0,0,1,1,0,0,0,152,0,15,0
1,0,0,0,0,1,0,0,0,0,207,1,8,0
0,0,0,0,0,1,0,0,0,0,582,0,15,0
0,0,0,0,6,1,0,0,0,0,369,1,32,0
1,0,0,0,0,1,1,0,0,0,105,1,4,0
3,0,1,1,1,0,5,0,1,0,1122,1,89,1
0,0,0,0,0,1,0,0,0,0,429,0,23,0
2,1,2,2,1,2,0,1,2,0,1348,6,69,1
4,0,1,0,6,1,3,0,0,2,130,3,86,1
0,0,2,1,6,0,0,0,0,2,1864,7,100,1
0,0,2,2,6,6,5,0,2,2,1016,4,90,1
0,0,2,2,6,2,4,0,1,1,1402,3,93,1
2,0,0,1,6,0,0,0,0,0,514,6,38,0
2,0,0,0,1,1,0,0,0,0,645,6,33,0
4,1,1,1,4,0,0,0,1,0,1668,2,80,1
1,1,0,1,1,0,5,1,1,1,1119,8,72,1
1,0,0,0,1,1,0,0,0,0,111,1,29,0
0,0,0,0,1,0,0,0,0,0,424,1,0,0
0,0,0,0,0,0,1,0,0,0,565,0,10,0
0,0,0,0,0,1,1,0,0,0,142,1,7,0
1,0,0,1,6,1,4,1,2,0,1491,2,82,1
3,0,0,2,4,6,1,1,0,0,326,1,48,0
1,0,0,0,0,0,0,0,0,0,480,0,2,0
5,2,1,1,3,1,3,0,2,1,568,3,84,1
1,0,0,0,0,1,1,0,0,0,819,1,27,0
3,1,0,2,2,2,0,0,2,0,795,0,82,1
4,0,2,0,0,3,5,0,1,0,1516,8,86,1
1,0,0,0,1,1,1,0,0,0,259,0,4,0
4,2,1,0,6,1,2,0,1,0,903,0,74,1
0,0,2,0,4,5,0,1,0,0,917,1,47,0
0,0,2,1,4,4,1,1,1,2,639,0,74,1
0,0,0,0,6,0,1,0,0,0,553,4,30,0
0,0,1,1,3,2,2,0,2,2,183,4,72,1
1,0,0,0,1,0,0,0,0,0,440,1,24,0
1,0,0,2,2,0,0,1,0,0,173,3,45,0
0,0,1,1,2,4,3,1,1,1,1066,5,74,1
1,0,0,0,0,1,0,0,0,0,364,1,26,0
0,0,0,2,1,1,0,0,0,0,630,1,36,0
0,0,0,0,1,0,0,0,0,0,312,1,21,0
0,0,0,0,1,5,1,0,2,0,590,4,69,1
1,0,0,0,0,0,1,0,0,0,455,1,12,0
4,2,1,0,3,3,0,0,1,1,633,4,90,1
2,0,0,0,0,1,0,0,0,0,902,4,34,0
5,2,1,2,0,3,5,0,0,2,445,7,95,1
3,0,1,0,0,2,2,0,0,2,881,0,88,1
6,0,2,2,2,6,3,1,2,1,1297,2,95,1
1,0,0,0,1,1,1,0,0,0,322,0,11,0
4,1,1,1,1,4,0,0,0,0,1208,4,85,1
3,1,0,2,2,2,2,0,2,2,559,7,71,1
1,0,0,0,0,0,1,0,0,0,548,1,29,0
1,0,0,0,1,1,1,0,0,0,871,0,28,0
0,0,0,0,1,0,0,0,0,0,113,0,13,0
2,0,0,0,5,1,1,0,0,0,260,3,36,0
1,0,0,2,5,0,1,0,0,0,171,2,37,0
1,0,0,0,1,1,0,0,0,0,635,1,14,0
0,0,0,0,0,1,1,0,0,0,547,1,5,0
4,1,2,2,1,5,2,0,2,0,856,6,64,1
1,0,2,0,4,6,1,1,0,0,185,4,46,0
2,2,1,0,5,1,4,1,0,2,506,4,92,1
3,0,2,0,4,0,1,1,0,0,1187,6,48,0
0,0,0,0,1,1,0,0,0,0,193,0,5,0
1,0,0,0,0,0,1,0,0,0,117,1,9,0
0,0,1,2,4,5,3,1,0,0,835,0,76,1
1,0,1,1,0,1,4,0,2,2,615,5,65,1
0,0,0,0,4,0,0,0,0,0,897,7,34,0
4,0,1,2,3,6,5,1,0,1,148,7,71,1
0,0,0,2,6,0,0,0,0,0,940,3,39,0
2,2,0,2,5,6,0,1,2,1,1015,7,76,1
1,0,0,0,6,2,0,0,0,0,752,7,42,0
5,1,2,0,5,1,3,1,0,0,896,1,81,1
0,0,0,0,2,1,1,0,0,0,186,5,34,0
6,0,1,2,1,1,4,1,1,1,1551,1,97,1
2,2,2,0,5,2,5,0,1,1,1217,5,82,1
1,0,0,0,0,1,1,0,0,0,607,1,9,0
0,0,0,0,1,0,1,0,0,0,500,0,25,0
1,0,0,0,1,0,1,0,0,0,413,0,10,0
0,0,2,2,1,2,3,0,2,1,1329,6,92,1
1,0,0,0,0,1,1,0,0,0,590,1,16,0
1,0,0,0,1,2,1,0,0,0,348,4,42,0
0,0,0,1,2,5,0,0,0,0,361,8,44,0
1,1,1,2,6,3,2,0,2,0,1467,6,82,1
2,1,0,1,2,6,2,1,2,0,629,0,61,1
1,0,0,0,0,1,1,0,0,0,735,1,29,0
0,0,1,2,2,5,0,0,0,0,471,0,42,0
2,1,0,1,2,2,3,1,1,2,1551,3,74,1
5,2,0,0,4,5,5,1,1,2,1342,2,78,1
0,0,0,2,4,2,5,0,2,0,1023,1,57,1
1,0,1,2,5,6,1,0,0,0,150,2,45,0
4,2,2,1,5,1,4,1,1,1,461,4,74,1
0,0,0,0,1,0,1,0,0,0,457,1,7,0
4,1,2,2,5,4,5,0,2,2,1024,6,65,1
1,0,0,0,0,1,0,0,0,0,414,1,25,0
0,0,1,1,4,3,1,1,2,0,274,5,59,1
0,0,0,0,5,3,1,1,1,0,275,3,52,1
4,2,1,0,0,2,0,0,0,2,1514,1,94,1
3,1,2,0,3,1,2,1,2,0,1217,8,50,1
4,2,2,1,3,3,1,0,2,0,468,4,92,1
1,0,1,1,3,5,4,1,1,0,186,7,59,1
1,0,0,0,1,0,1,0,0,0,631,1,13,0
1,1,1,2,2,5,1,0,1,0,409,8,58,1
0,0,0,0,0,1,0,0,0,0,214,1,7,0
1,0,0,0,2,1,0,0,0,0,392,7,30,0
0,0,1,1,4,1,1,0,2,0,1792,5,96,1
1,0,0,0,0,0,1,0,0,0,126,1,10,0
3,2,1,2,4,1,0,0,0,0,901,4,58,1
0,0,2,0,1,3,1,0,0,0,265,5,40,0
0,0,0,1,1,1,0,0,0,0,934,1,41,0
0,0,0,0,0,1,1,0,0,0,457,1,4,0
2,2,0,1,4,4,5,1,2,0,1019,7,57,1
0,0,0,0,0,1,0,0,0,0,284,1,5,0
1,1,2,0,1,0,0,1,0,1,727,5,68,1
1,0,1,1,4,4,0,1,0,0,1125,6,49,0
1,0,0,0,5,1,1,0,0,0,836,4,30,0
4,0,0,2,3,1,1,1,1,0,1256,2,74,1
0,0,2,0,2,1,4,1,0,2,1348,2,81,1
0,0,2,0,2,3,2,0,2,2,798,0,96,1
3,2,0,0,4,4,5,0,2,0,1083,2,55,1
0,0,0,0,0,0,0,0,0,0,623,0,15,0
4,2,2,0,4,6,4,0,0,1,105,5,92,1
2,1,1,1,0,3,4,0,2,2,895,8,79,1
0,0,0,0,0,1,0,0,0,0,103,1,4,0
5,1,1,2,0,0,5,0,0,1,532,3,87,1
0,0,1,1,1,1,0,0,0,0,804,4,53,1
2,2,2,2,5,5,4,0,2,0,1499,7,73,1
5,0,2,1,6,4,5,0,2,0,581,6,76,1
0,0,0,1,5,1,1,0,0,0,816,2,37,0
1,0,0,0,1,0,1,0,0,0,112,0,2,0
1,0,0,0,0,0,0,0,0,0,448,0,9,0
3,0,2,1,2,1,4,1,1,2,1829,3,94,1
2,2,1,0,1,0,0,1,0,0,861,3,83,1
0,0,2,0,2,1,0,0,0,0,804,6,42,0
1,1,2,2,4,5,4,0,1,2,1114,0,95,1
1,0,0,0,2,1,1,0,0,0,464,1,33,0
3,2,2,0,1,5,2,0,1,2,1022,4,87,1
0,0,0,0,0,1,0,0,0,0,680,0,12,0
0,0,2,2,6,4,0,1,1,1,1002,0,80,1
5,1,0,0,4,6,2,1,2,2,187,4,79,1
1,1,0,2,0,0,4,0,1,2,1796,5,88,1
4,0,2,2,6,4,0,0,1,0,148,3,61,1
3,0,0,0,0,2,4,1,2,0,726,8,57,1
1,0,2,0,3,2,1,0,0,0,486,4,45,0
1,0,0,0,0,1,0,0,0,0,263,0,2,0
0,0,0,2,6,5,3,0,1,0,104,0,95,1
2,0,0,1,2,0,0,0,0,0,798,3,35,0
2,2,0,0,6,5,4,1,2,1,438,5,85,1
0,0,2,2,3,1,1,0,0,0,962,5,41,0
0,0,1,0,1,5,5,1,0,0,228,0,55,1
1,0,0,1,1,4,2,0,1,1,324,1,78,1
1,0,0,0,0,0,1,0,0,0,138,1,12,0
2,0,2,1,6,0,1,0,1,1,1562,4,95,1
0,0,0,0,0,1,5,0,0,2,146,1,66,1
3,2,1,1,2,5,3,1,0,0,482,3,53,1
1,1,2,1,0,2,1,1,1,1,447,2,70,1
0,0,1,2,4,5,0,1,0,0,1149,0,64,1
2,0,2,1,0,4,1,0,0,0,431,8,43,0
0,0,2,0,3,1,2,1,1,0,275,0,82,1
4,1,0,1,2,0,0,1,2,0,816,7,89,1
4,2,2,0,2,2,2,0,2,1,1314,5,73,1
6,1,0,2,3,2,1,1,0,0,296,7,91,1
0,0,0,0,1,0,1,0,0,0,637,1,25,0
5,0,2,2,0,5,1,0,0,2,255,7,82,1
1,0,0,0,1,0,0,0,0,0,369,0,22,0
1,0,0,0,1,1,0,0,0,0,225,0,4,0
1,0,0,1,1,1,0,0,0,0,162,3,37,0
0,0,0,0,1,0,0,0,0,0,108,0,7,0
0,0,0,0,0,0,1,0,0,0,534,1,14,0
0,0,0,0,2,0,1,0,0,0,757,7,39,0
0,0,1,2,4,1,5,0,1,0,1071,0,64,1
1,1,0,2,2,4,3,1,2,2,1068,8,84,1
1,1,1,2,4,3,5,1,0,0,230,3,57,1
0,0,1,2,3,6,1,0,0,0,878,7,44,0
1,0,0,0,1,0,0,0,0,0,678,1,21,0
0,0,1,0,0,4,2,1,1,0,197,5,64,1
1,0,0,0,0,1,3,0,2,1,391,2,81,1
2,2,2,0,1,5,5,0,0,2,275,4,89,1
0,0,0,0,0,1,0,0,0,0,541,1,29,0
6,2,2,1,2,5,2,1,2,1,181,7,94,1
0,0,0,0,1,0,0,0,0,0,220,1,14,0
4,1,0,0,4,0,1,1,0,0,759,5,63,1
3,0,0,1,2,1,1,1,0,2,719,5,66,1
4,2,1,2,3,5,4,0,1,0,675,7,65,1
4,1,1,0,4,5,0,1,2,2,1041,1,82,1
1,0,0,0,1,1,1,0,0,0,150,0,8,0
1,0,0,0,1,1,0,0,0,0,382,1,19,0
1,0,0,0,0,1,1,0,0,0,538,0,29,0
1,0,0,2,6,1,1,0,0,0,219,1,36,0
4,0,1,0,4,1,5,1,2,1,1420,3,68,1
1,0,0,1,2,1,1,0,0,0,630,4,37,0
1,0,1,0,5,1,0,0,0,0,750,6,47,0
2,1,0,0,6,2,2,1,1,0,997,7,63,1
0,0,2,2,0,3,3,0,1,2,1410,5,81,1
0,0,0,0,0,3,0,0,0,0,312,4,43,0
0,0,0,0,1,0,1,0,0,0,279,0,13,0
1,1,1,1,5,1,2,0,1,1,800,2,81,1
0,0,1,1,2,5,1,0,0,0,541,5,41,0
1,0,0,0,1,0,1,0,0,0,321,1,19,0
0,0,0,2,5,0,0,0,0,0,124,2,39,0
0,0,0,0,1,0,0,0,0,0,528,1,16,0
3,0,1,0,3,2,1,0,2,0,1583,4,73,1
3,1,0,2,3,3,1,1,0,1,168,0,65,1
1,0,0,2,4,2,3,0,0,0,866,0,73,1
2,0,1,2,3,5,0,1,2,0,1164,4,54,1
2,0,0,0,2,0,0,0,0,0,506,4,34,0
2,0,0,2,0,6,0,0,0,2,1266,6,74,1
3,2,0,1,0,6,3,0,0,0,481,1,62,1
0,0,2,1,2,0,1,1,0,0,466,6,46,0
1,0,0,0,1,1,0,0,0,0,141,1,3,0
1,1,0,0,0,3,0,1,0,0,1717,0,86,1
3,0,0,0,4,3,2,1,2,0,1260,3,58,1
3,1,1,0,4,5,3,0,0,1,1684,6,93,1
5,1,2,2,3,1,4,0,0,0,230,3,88,1
1,0,0,0,0,0,0,0,0,0,371,0,4,0
1,0,0,0,3,3,1,0,0,0,652,4,46,0
0,0,2,0,5,1,2,1,2,2,1348,6,67,1
2,1,0,1,6,0,5,0,1,0,911,5,70,1
2,0,1,0,3,4,0,0,0,0,301,7,41,0
0,0,0,0,0,1,1,0,0,0,139,1,7,0
5,0,1,1,5,3,0,0,0,2,975,5,78,1
1,0,0,0,0,0,1,0,0,0,303,7,33,0
0,0,2,2,3,3,0,1,0,0,521,5,59,1
1,0,1,0,6,2,3,1,1,0,913,0,52,1
2,0,0,1,6,0,0,0,0,0,699,0,37,0
2,1,2,0,1,6,1,1,1,0,245,1,51,1
1,0,0,0,1,0,0,0,0,0,455,0,9,0
3,0,2,0,3,4,2,0,0,0,1342,2,87,1
0,0,2,1,0,4,1,0,0,0,776,7,44,0
0,0,1,1,2,5,1,0,0,0,427,4,49,0
1,0,1,1,0,3,0,0,0,0,678,0,46,0
1,0,1,2,1,3,5,0,1,2,1280,2,65,1
3,0,2,1,3,5,0,0,0,0,1085,5,49,0
2,0,0,0,0,1,1,1,1,0,127,3,53,1
3,2,0,1,3,6,0,0,2,0,580,3,88,1
0,0,0,2,0,1,3,1,1,0,461,7,57,1
1,0,2,0,5,3,5,1,2,1,632,2,72,1
3,2,0,2,1,5,5,0,1,0,1275,8,63,1
0,0,0,0,1,0,1,0,0,0,278,0,27,0
4,1,2,2,0,5,5,1,0,2,1126,0,100,1
4,0,2,2,4,5,0,1,0,2,525,3,75,1
1,1,0,1,6,2,2,0,0,0,1091,5,50,1
2,0,1,1,1,6,1,1,0,0,402,1,77,1
1,0,0,0,2,0,0,0,0,0,501,3,40,0
6,0,2,1,2,2,0,0,2,2,908,5,99,1
0,0,0,2,3,1,2,1,0,0,508,6,89,1
0,0,1,1,6,1,5,1,1,0,724,7,54,1
0,0,0,0,0,0,0,0,0,0,103,1,8,0
0,0,0,0,0,0,1,0,0,0,509,1,19,0
0,0,1,0,3,4,1,0,0,0,874,7,46,0
6,1,2,1,2,4,4,0,2,1,1789,6,94,1
3,1,0,2,1,1,1,1,1,1,1271,5,74,1
0,0,0,1,5,0,5,1,0,2,615,2,87,1
2,0,0,0,6,1,0,0,0,0,540,3,37,0
1,0,0,0,1,1,1,0,0,0,379,0,15,0
0,0,0,0,0,0,1,0,0,0,234,0,23,0
6,2,1,0,4,0,5,0,0,1,1008,3,91,1
1,0,0,0,1,0,0,0,0,0,280,1,13,0
1,1,0,2,5,1,1,0,1,0,149,4,69,1
0,0,2,1,0,1,1,0,0,0,765,6,40,0
1,1,0,0,5,3,0,0,1,0,1751,3,93,1
2,1,1,2,0,5,2,1,0,0,1408,8,97,1
1,0,0,0,1,0,1,0,0,0,520,0,21,0
5,0,0,1,4,1,4,1,1,2,1508,0,88,1
1,0,0,0,1,1,0,0,0,0,790,1,22,0
0,0,1,2,1,2,2,0,0,1,759,3,73,1
3,1,0,0,1,4,3,0,0,1,1054,4,93,1
0,0,1,0,3,6,0,1,0,0,658,3,49,0
1,0,0,0,0,1,0,0,0,0,491,1,28,0
0,0,0,0,1,1,1,0,0,0,104,1,10,0
2,0,0,0,0,3,4,1,0,2,1507,6,77,1
3,0,2,1,3,1,0,1,0,2,980,2,79,1
1,0,2,0,5,3,3,1,1,2,1512,8,78,1
2,0,1,1,0,6,0,0,0,0,844,5,49,0
0,0,0,0,3,1,1,0,0,0,918,0,31,0
1,0,0,0,6,0,1,0,0,0,214,4,33,0
1,1,0,0,4,6,3,0,1,1,788,4,90,1
1,0,1,2,5,0,1,0,0,0,282,4,44,0
1,0,0,0,0,1,1,0,0,0,301,1,16,0
5,0,0,2,2,5,2,0,2,2,481,3,86,1
0,0,0,0,0,1,1,0,0,0,624,0,14,0
0,0,0,1,4,1,0,0,0,0,992,7,39,0
3,1,0,2,2,4,3,0,0,1,1559,4,99,1
1,0,0,0,1,0,1,0,0,0,514,0,29,0
3,0,0,1,6,0,3,1,0,0,1404,5,64,1
2,1,0,2,2,2,0,1,2,2,1167,5,76,1
1,1,2,1,1,6,0,1,2,0,408,8,64,1
1,0,2,2,2,0,1,0,0,0,518,4,42,0
0,0,0,0,1,0,1,0,0,0,262,0,28,0
2,0,1,2,6,6,0,1,0,0,1047,6,45,0
1,0,0,0,0,1,1,0,0,0,367,0,18,0
0,0,0,1,1,1,1,0,0,0,1050,0,39,0
1,0,0,0,1,1,1,0,0,0,489,0,25,0
1,0,0,0,1,1,1,0,0,0,139,0,6,0
0,0,2,2,2,6,0,1,0,1,447,3,74,1
1,0,0,0,2,0,1,0,0,0,221,1,35,0
0,0,2,0,1,0,4,0,1,0,280,3,63,1
0,0,0,2,5,2,0,0,2,0,722,7,79,1
2,0,0,0,6,1,0,0,0,0,731,0,32,0
2,1,1,0,1,3,4,0,2,2,157,4,90,1
3,1,1,2,6,2,2,1,2,1,680,2,78,1
1,0,0,0,6,1,1,1,0,0,801,1,48,0
0,0,2,1,4,1,0,0,1,0,526,0,73,1
1,0,0,0,0,1,1,0,0,0,369,0,15,0
1,0,0,0,0,1,0,0,0,0,596,1,25,0
5,0,0,1,5,5,5,0,2,2,186,7,94,1
0,0,0,0,0,0,0,0,0,0,492,0,14,0
1,0,0,0,4,3,3,0,2,0,273,0,55,1
0,0,0,2,4,1,3,1,0,2,387,5,69,1
2,0,1,1,2,2,5,0,0,0,1340,3,57,1
1,0,1,2,1,4,1,0,0,0,609,6,44,0
1,0,0,0,0,0,0,0,0,0,614,1,20,0
1,0,0,0,3,5,2,0,1,1,120,0,79,1
5,0,2,0,4,5,2,1,0,2,870,3,76,1
2,0,2,2,6,6,0,0,1,2,1084,3,78,1
0,0,0,0,0,1,1,0,0,0,427,0,28,0
2,2,2,0,6,1,5,1,2,1,901,8,97,1
4,2,0,0,4,2,4,1,2,1,1613,2,78,1
0,0,0,0,0,0,1,0,0,0,447,1,3,0
1,0,0,2,6,1,1,0,0,0,708,2,38,0
1,0,0,0,1,0,1,0,0,0,153,1,0,0
0,0,0,0,0,0,0,0,0,0,469,1,1,0
2,2,2,0,1,2,2,0,2,0,252,0,58,1
0,0,0,0,0,1,0,0,0,0,840,0,26,0
1,0,0,0,0,0,0,0,0,0,253,1,29,0
1,0,0,0,1,1,1,0,0,0,217,0,22,0
1,1,0,2,0,3,4,1,2,0,533,3,55,1
0,0,0,1,0,3,3,1,1,2,1375,2,89,1
0,0,0,0,1,1,1,0,0,0,264,0,15,0
0,0,0,0,1,1,1,0,0,0,675,0,26,0
4,1,1,1,3,1,0,0,2,2,767,0,81,1
4,1,1,0,6,2,3,1,0,1,975,3,74,1
3,2,2,0,2,3,2,1,2,1,738,7,96,1
3,2,1,2,2,5,3,1,2,0,109,5,55,1
1,0,0,0,1,0,1,0,0,0,575,1,15,0
1,0,0,0,0,1,0,0,0,0,420,2,35,0
1,0,2,1,0,2,0,0,0,0,969,4,42,0
3,0,2,1,0,6,0,1,0,0,913,6,48,0
1,0,0,0,0,0,1,0,0,0,116,1,0,0
1,0,0,0,0,1,1,0,0,0,100,0,13,0
0,0,0,0,0,1,0,0,0,0,156,0,3,0
6,0,2,0,1,4,5,1,1,2,1779,6,98,1
1,0,0,0,1,0,1,0,0,0,198,1,17,0
3,1,2,1,5,0,2,0,0,2,1323,5,65,1
1,0,0,2,4,0,1,0,0,0,328,3,35,0
2,0,2,1,4,4,0,0,0,0,987,5,42,0
1,0,0,0,1,0,0,0,0,0,663,1,28,0
5,1,0,0,0,4,5,0,0,2,283,7,83,1
2,2,1,0,6,0,0,0,1,2,966,3,85,1
1,0,0,0,0,0,0,0,0,0,422,0,26,0
2,0,0,1,4,1,0,0,0,0,733,7,36,0
2,0,0,2,2,4,3,1,2,0,636,4,83,1
2,0,0,0,0,5,1,0,0,0,134,8,45,0
0,0,0,2,1,1,1,0,0,0,377,0,37,0
3,0,1,1,0,5,2,1,0,0,785,1,59,1
0,0,1,1,6,3,3,0,1,2,876,0,77,1
3,0,2,1,4,2,0,0,1,0,451,8,87,1
2,0,0,0,1,1,1,0,0,0,895,5,33,0
2,2,0,1,3,5,0,1,2,2,369,2,75,1
0,0,1,2,5,5,2,0,1,0,142,8,53,1
1,1,1,0,0,0,1,0,1,0,1447,2,82,1
1,0,0,0,1,1,0,0,0,0,271,1,3,0
1,0,0,0,1,0,1,0,0,0,750,1,26,0
0,0,0,0,1,1,1,0,0,0,706,0,25,0
2,0,0,0,4,1,1,0,0,0,102,1,31,0
4,0,2,2,5,6,5,0,0,2,572,3,71,1
4,1,2,0,1,1,0,1,0,0,440,4,60,1
1,0,0,0,0,1,0,0,0,0,248,1,10,0
3,2,1,0,1,5,4,1,2,0,1422,0,64,1
0,0,2,0,1,5,0,0,0,0,725,4,65,1
2,2,2,0,6,2,0,1,2,2,300,6,66,1
2,0,0,0,2,1,0,0,0,0,922,0,32,0
0,0,0,2,6,1,0,0,0,0,115,2,37,0
2,0,0,1,6,0,3,0,2,0,1204,3,65,1
0,0,1,1,5,2,1,1,0,0,221,5,80,1
5,1,2,0,2,5,5,0,1,0,556,3,94,1
2,0,0,0,3,4,0,0,0,0,432,0,44,0
1,0,0,0,0,1,1,0,0,0,476,1,10,0
1,0,0,1,3,0,5,0,1,0,436,0,51,1
1,0,0,1,0,3,5,1,1,1,1403,5,65,1
1,1,0,2,1,0,5,0,2,1,189,1,85,1
0,0,0,0,1,1,1,0,0,0,654,1,13,0
0,0,0,0,0,1,1,0,0,0,282,1,3,0
5,2,1,2,4,3,1,1,1,1,400,0,85,1
1,0,0,1,6,1,0,0,0,0,795,1,36,0
2,1,0,2,2,4,0,1,1,0,766,1,57,1
1,0,0,1,2,1,1,0,0,0,596,4,36,0
0,0,2,1,1,2,1,1,1,1,751,0,66,1
4,0,0,1,1,0,3,1,0,0,586,1,71,1
1,0,0,0,1,1,1,0,0,0,639,0,28,0
1,1,1,1,1,5,3,0,1,1,410,2,78,1
0,0,0,0,1,1,0,0,0,0,833,3,32,0
1,1,0,0,2,3,1,0,0,1,399,0,67,1
2,0,2,1,2,1,3,0,2,0,206,6,56,1
0,0,0,0,1,1,1,0,0,0,314,3,30,0
1,0,0,0,4,2,0,1,0,0,848,5,47,0
4,0,1,0,1,0,4,1,1,0,1589,0,87,1
4,1,2,2,5,5,4,0,2,0,304,4,71,1
0,0,0,0,1,0,1,0,0,0,238,0,23,0
2,0,0,2,4,5,5,1,1,0,485,4,52,1
0,0,0,0,1,1,0,0,0,0,710,1,25,0
0,0,0,0,1,0,0,0,0,0,289,1,16,0
1,0,0,0,0,0,0,0,0,0,727,0,18,0
5,1,0,0,3,1,1,0,1,2,565,0,87,1
4,2,2,1,6,1,2,1,1,2,589,0,84,1
0,0,0,0,2,3,4,1,2,0,259,0,62,1
1,0,0,0,0,0,1,0,0,0,266,1,18,0
2,0,0,2,2,0,0,0,0,0,551,6,37,0
4,2,0,1,1,6,4,0,0,0,1258,7,73,1
4,2,1,0,3,3,2,0,0,0,1195,0,63,1
1,0,0,0,1,1,0,0,0,0,484,0,6,0
3,1,0,0,5,6,1,0,0,0,896,2,59,1
1,0,1,0,0,0,0,0,0,0,541,6,43,0
2,1,1,0,4,6,3,0,2,0,653,7,52,1
0,0,1,2,0,6,3,0,0,0,319,2,81,1
0,0,0,1,1,6,3,0,1,0,291,2,75,1
5,2,0,2,6,1,5,0,0,0,879,2,76,1
1,0,0,0,0,1,0,0,0,0,492,1,29,0
2,2,2,0,5,2,1,0,2,0,767,4,86,1
2,2,2,1,3,3,1,0,1,0,288,4,50,1
2,0,2,0,1,3,1,0,0,0,827,4,47,0
0,0,0,0,1,0,1,0,0,0,547,1,20,0
3,2,0,0,3,5,3,1,0,0,1109,4,57,1
3,2,0,1,6,2,2,0,0,1,1582,2,82,1
0,0,2,1,2,1,2,1,2,1,1190,0,88,1
2,0,0,1,0,4,1,0,0,0,487,4,48,0
6,2,2,1,1,0,0,1,0,0,812,6,96,1
0,0,2,2,2,1,0,0,0,0,296,5,43,0
0,0,0,1,0,0,1,0,0,0,123,4,35,0
1,0,0,0,0,1,0,0,0,0,643,0,27,0
2,0,2,2,2,2,0,0,0,0,974,4,43,0
1,0,2,2,3,2,1,0,0,0,688,7,41,0
0,0,0,0,2,1,0,0,0,0,747,0,33,0
6,1,0,1,4,1,3,1,1,2,623,7,93,1
4,1,0,2,3,4,5,1,1,0,1662,5,86,1
0,0,0,0,0,1,0,0,0,0,656,1,29,0
2,1,0,0,6,4,1,0,1,0,945,7,56,1
0,0,0,0,1,1,0,0,0,0,321,1,9,0
0,0,0,0,0,0,1,0,0,0,494,0,13,0
0,0,2,1,2,3,0,0,0,0,475,3,40,0
0,0,0,0,0,1,0,0,0,0,326,0,23,0
1,0,0,0,1,1,1,0,0,0,210,1,8,0
1,0,0,0,0,0,0,0,0,0,537,1,20,0
2,0,0,1,4,6,0,0,0,0,257,8,41,0
2,0,0,0,3,0,1,0,0,2,1092,0,75,1
3,0,2,1,3,6,3,0,2,1,1075,3,79,1
1,0,1,2,6,1,3,1,2,0,446,7,60,1
1,0,0,0,0,0,0,0,0,0,509,7,39,0
2,0,0,2,5,3,0,0,2,0,541,2,60,1
3,0,1,2,6,0,0,1,0,0,292,0,47,0
2,0,1,0,0,3,0,0,0,0,406,2,67,1
0,0,0,0,0,1,0,0,0,0,728,0,16,0
0,0,2,0,0,6,0,0,0,0,879,8,40,0
1,0,0,0,0,1,0,0,0,0,105,1,8,0
3,2,2,1,6,0,0,0,1,0,1357,4,59,1
0,0,0,0,1,0,0,0,0,0,253,0,10,0
0,0,2,1,2,6,0,1,0,0,1138,6,46,0
1,0,0,0,1,0,0,0,0,0,164,1,15,0
0,0,0,0,1,1,1,0,0,0,502,1,2,0
1,0,0,0,5,2,0,0,0,0,1022,1,40,0
1,1,1,2,4,0,2,1,1,2,773,0,66,1
1,0,0,0,0,1,0,0,0,0,528,0,21,0
1,0,0,0,1,0,0,0,0,0,775,7,31,0
2,1,2,1,3,0,5,0,0,0,416,0,80,1
0,0,2,2,1,0,1,0,2,0,950,7,51,1
3,1,1,2,1,1,4,1,2,0,122,7,54,1
0,0,0,0,0,1,1,0,0,0,335,0,24,0
4,1,1,1,6,3,3,0,2,1,164,2,89,1
4,1,2,1,6,4,4,0,2,0,626,7,90,1
1,0,0,0,1,1,1,0,0,0,428,1,15,0
2,1,1,1,3,5,0,0,2,2,1022,1,93,1
0,0,1,0,3,4,0,0,0,0,457,8,44,0
1,0,0,1,6,3,3,1,1,0,1194,4,59,1
1,0,0,0,1,1,1,0,0,0,412,1,16,0
2,2,0,0,5,0,5,0,0,2,305,4,80,1
1,0,0,0,1,1,1,0,0,0,467,0,29,0
4,0,0,0,1,2,2,0,0,1,893,6,70,1
1,0,2,2,5,6,3,1,1,2,854,4,65,1
5,0,2,0,6,1,5,0,0,0,576,7,77,1
3,0,2,0,2,5,3,1,0,0,736,1,81,1
0,0,0,0,1,0,1,0,0,0,257,0,14,0
1,0,0,0,0,1,0,0,0,0,175,0,8,0
3,0,2,1,2,0,0,1,0,0,513,7,45,0
2,0,1,1,6,5,4,0,0,1,231,0,81,1
4,2,0,0,0,5,4,1,1,0,130,0,83,1
1,0,0,0,1,0,0,0,0,0,114,1,17,0
1,0,2,1,1,3,1,0,0,0,486,8,42,0
0,0,0,0,1,0,0,0,0,0,301,1,1,0
1,0,0,1,1,0,5,0,1,0,795,3,53,1
4,1,0,1,0,2,1,1,2,1,374,3,76,1
1,0,0,0,1,1,0,0,0,0,244,0,3,0
1,0,1,1,2,5,5,0,2,0,1206,5,64,1
0,0,0,1,4,1,1,0,0,0,365,3,39,0
4,1,1,1,1,6,4,1,0,2,725,5,71,1
3,2,2,2,4,1,1,1,1,1,1517,4,77,1
1,0,0,0,0,0,0,0,0,0,104,0,3,0
2,0,0,2,4,1,0,0,0,0,212,7,38,0
2,1,1,0,4,5,5,0,2,0,809,7,57,1
4,2,1,1,1,5,3,0,0,0,1260,5,90,1
2,0,0,0,6,0,0,0,0,0,863,2,30,0
2,2,1,0,4,2,5,0,2,1,919,3,83,1
3,2,2,0,0,1,2,0,1,0,841,8,58,1
6,1,0,0,1,0,5,0,0,1,818,1,92,1
1,0,1,2,1,3,1,1,2,0,1394,2,62,1
1,0,0,0,0,1,1,0,0,0,693,1,15,0
0,0,0,2,3,1,0,0,0,0,568,1,39,0
1,0,0,0,0,1,0,0,0,0,157,1,29,0
6,1,2,0,2,3,1,1,0,2,969,4,100,1
0,0,0,0,0,1,0,0,0,0,257,0,25,0
4,2,0,2,3,5,4,1,2,1,413,7,82,1
2,0,1,0,3,5,3,0,0,0,1308,7,61,1
2,0,1,1,4,4,0,0,2,2,742,6,95,1
2,2,1,1,0,3,2,0,0,0,271,1,66,1
1,0,2,2,4,2,1,0,0,0,1087,0,40,0
1,0,0,0,0,0,0,0,0,0,502,0,21,0
1,1,0,0,1,5,2,0,2,1,451,2,91,1
5,0,1,1,3,0,1,0,1,2,592,8,76,1
0,0,2,1,5,2,2,1,0,0,160,0,56,1
2,1,2,1,5,3,3,1,0,0,701,6,59,1
6,1,0,2,1,0,3,0,0,0,1913,5,95,1
0,0,0,0,1,0,0,0,0,0,440,1,28,0
2,1,2,2,6,3,3,0,1,0,482,5,94,1
1,0,0,0,1,1,1,0,0,0,122,1,2,0
2,0,2,1,5,1,3,0,0,1,1150,6,73,1
2,0,2,0,1,3,1,1,0,0,655,1,47,0
5,1,0,0,5,2,0,1,0,2,992,8,83,1
2,0,0,0,2,1,0,0,0,0,107,0,36,0
0,0,0,0,0,1,0,0,0,0,496,0,8,0
4,0,2,0,5,5,4,0,1,0,1259,1,67,1
4,2,0,2,6,6,0,1,2,0,363,1,64,1
2,0,0,2,0,3,5,1,1,0,962,0,52,1
0,0,0,0,1,1,1,0,0,0,228,0,13,0
1,1,2,0,2,1,5,0,0,0,1145,1,52,1
3,1,2,0,3,3,1,0,0,0,270,7,51,1
2,0,0,0,0,0,1,0,0,0,240,7,37,0
3,0,1,1,4,1,3,1,2,1,228,1,86,1
1,1,1,1,5,6,2,0,1,0,1320,1,66,1
1,1,0,1,2,4,5,0,1,0,452,8,58,1
0,0,0,0,1,0,0,0,0,0,441,0,11,0
0,0,0,0,1,1,0,0,0,0,830,1,24,0
2,0,0,1,6,1,1,0,0,0,556,4,39,0
5,1,1,2,2,2,5,1,2,0,335,8,82,1
1,0,0,0,2,2,4,1,1,0,672,0,62,1
2,0,0,0,2,0,1,1,2,1,864,0,99,1
3,1,2,1,4,4,3,0,2,1,645,4,69,1
3,0,0,1,0,1,2,0,2,0,1162,3,61,1
0,0,0,0,0,1,1,0,0,0,895,7,33,0
1,0,0,0,1,1,1,0,0,0,531,0,17,0
6,0,1,1,5,0,1,0,0,1,1002,7,91,1
2,1,0,0,6,5,5,1,0,0,1298,7,58,1
0,0,0,0,0,0,0,0,0,0,323,1,15,0
0,0,0,0,1,0,1,0,0,0,476,0,4,0
1,0,0,0,0,5,0,1,1,0,908,4,62,1
2,0,2,1,3,4,4,1,2,0,1056,8,55,1
4,1,1,2,5,5,5,1,2,2,828,7,70,1
4,1,0,0,2,6,4,0,1,2,1825,4,89,1
0,0,1,2,5,1,1,1,0,0,142,8,53,1
5,2,0,0,6,3,5,1,1,2,971,8,83,1
4,2,2,1,1,0,0,0,0,1,1759,5,84,1
0,0,0,0,0,1,0,0,0,0,233,0,7,0
1,0,0,0,0,0,1,0,0,0,516,1,12,0
0,0,0,0,0,1,0,0,0,0,676,1,12,0
2,1,1,0,1,5,5,1,2,0,162,8,76,1
2,0,0,0,5,0,1,0,0,0,155,4,34,0
2,0,2,1,4,3,3,0,0,2,1638,7,98,1
3,1,0,0,5,6,1,1,1,0,757,6,52,1
0,0,2,0,6,0,2,0,2,2,1383,3,96,1
2,2,2,2,6,4,5,1,0,0,465,0,87,1
1,0,0,0,0,1,0,0,0,0,498,0,4,0
1,0,0,0,0,1,0,0,0,0,320,1,22,0
2,0,0,1,5,1,1,0,0,1,1773,2,91,1
0,0,0,1,5,1,0,0,0,0,921,8,39,0
3,1,0,0,6,3,3,1,2,0,1414,2,73,1
0,0,0,0,0,1,0,0,0,0,607,1,12,0
1,0,2,1,0,3,2,0,2,1,1500,6,69,1
0,0,0,0,1,0,1,0,0,0,803,0,30,0
5,1,2,1,6,0,4,1,2,2,1396,5,84,1
1,0,0,0,1,0,1,0,0,0,194,1,11,0
1,0,0,1,2,5,1,0,0,0,1139,6,44,0
0,0,0,0,1,1,1,0,0,0,573,0,20,0
3,0,0,0,4,4,4,0,2,2,1339,1,86,1
3,2,2,1,0,5,3,0,0,0,360,2,63,1
3,2,1,0,5,2,2,1,0,1,1135,4,82,1
0,0,0,0,0,0,1,0,0,0,612,0,25,0
2,1,1,2,2,5,4,0,2,0,1206,6,53,1
2,2,2,2,3,5,2,0,2,0,115,3,69,1
4,0,0,1,4,6,3,1,0,2,1502,3,92,1
2,1,2,1,4,2,2,1,1,0,891,5,60,1
0,0,0,0,0,1,1,0,0,0,394,0,27,0
0,0,0,0,0,0,0,0,0,0,188,1,2,0
2,0,1,0,1,1,3,1,1,0,588,5,58,1
6,0,2,1,6,2,2,1,0,0,686,2,93,1
3,1,0,0,6,5,2,1,1,1,104,3,84,1
1,0,1,0,0,0,1,1,1,2,1181,6,71,1
0,0,0,0,5,1,0,0,0,0,712,6,34,0
3,2,0,2,6,6,5,0,2,0,603,8,78,1
0,0,0,0,1,1,0,0,0,0,664,1,25,0
4,2,0,1,4,0,3,0,2,2,988,8,66,1
1,0,0,0,1,0,0,0,0,0,355,1,13,0
1,0,0,0,0,1,1,0,0,0,219,1,4,0
0,0,0,0,0,1,1,0,0,0,711,1,17,0
0,0,0,0,0,1,0,0,0,0,404,1,3,0
1,0,0,0,1,0,0,0,0,0,309,1,7,0
0,0,0,0,0,1,1,0,0,0,550,1,23,0
3,2,1,1,5,5,1,1,0,2,238,0,94,1
3,0,1,1,4,6,0,0,0,0,167,5,45,0
1,0,0,0,1,0,1,0,0,0,261,1,27,0
1,0,0,0,0,0,0,0,0,0,347,0,17,0
2,0,0,2,3,1,0,0,0,0,498,5,35,0
1,0,0,0,0,1,1,0,0,0,183,0,13,0
1,0,0,0,0,1,0,0,0,0,473,1,18,0
1,0,0,0,1,1,0,0,0,0,713,1,23,0
1,1,2,2,4,2,0,0,1,0,386,8,60,1
5,1,0,2,5,5,5,1,2,0,155,8,86,1
3,2,2,2,1,6,5,1,2,0,741,0,54,1
0,0,1,2,0,2,1,0,0,0,865,3,41,0
2,0,2,1,2,2,0,0,0,0,687,5,44,0
1,0,0,0,6,1,1,0,0,0,202,0,30,0
3,2,2,2,5,3,3,0,0,0,429,2,62,1
3,1,1,2,5,0,2,0,0,0,121,2,89,1
0,0,1,1,5,0,3,1,2,0,1063,6,63,1
4,0,2,2,0,2,0,1,1,0,1234,6,88,1
4,2,0,0,3,4,0,0,0,1,800,0,83,1
0,0,0,0,1,0,1,0,0,0,287,1,6,0
1,0,0,1,2,2,2,1,1,0,534,2,72,1
0,0,0,0,1,1,1,0,0,0,185,0,16,0
4,2,1,2,0,3,3,0,0,0,588,8,79,1
1,0,0,0,1,1,0,0,0,0,593,0,10,0
2,0,2,2,6,3,1,0,0,0,233,0,44,0
1,1,0,2,6,0,1,1,1,0,184,8,55,1
0,0,1,0,0,5,3,0,2,0,241,4,82,1
0,0,2,1,6,4,1,0,0,0,238,8,40,0
1,0,2,0,4,2,0,1,0,0,1129,5,73,1
1,0,0,0,1,0,0,0,0,0,480,0,6,0
0,0,2,1,0,2,5,1,2,2,1261,6,73,1
1,0,2,2,0,4,1,0,0,0,378,0,41,0
1,1,1,1,3,0,4,0,1,2,205,5,76,1
2,0,0,0,3,1,1,0,0,0,137,5,32,0
3,0,0,0,6,6,5,0,1,0,903,0,51,1
2,1,2,1,6,0,2,0,0,0,1477,3,74,1
0,0,1,1,5,2,1,0,0,0,986,0,42,0
0,0,1,2,0,6,1,1,0,0,1037,6,46,0
1,0,2,2,1,6,1,0,0,0,609,1,42,0
2,1,1,0,3,1,4,0,2,0,766,2,77,1
1,0,0,0,0,0,0,0,0,0,241,1,10,0
2,1,0,1,1,2,5,0,0,0,265,1,54,1
0,0,0,0,0,1,1,0,0,0,236,0,9,0
3,0,2,2,0,6,1,0,0,0,1353,8,62,1
0,0,0,0,2,1,0,0,0,0,355,7,31,0
0,0,1,1,1,6,1,0,2,1,641,2,68,1
3,0,1,1,4,3,1,0,0,0,783,8,46,0
0,0,0,0,0,1,1,0,0,0,571,0,5,0
0,0,1,1,6,0,0,1,1,0,1502,8,69,1
5,1,1,2,0,4,5,0,1,1,1371,4,88,1
5,0,1,2,4,6,0,1,2,2,333,4,79,1
1,0,0,0,3,0,1,0,0,0,358,1,34,0
0,0,0,1,2,3,1,1,1,0,976,8,58,1
2,1,1,2,2,1,5,1,0,1,1116,6,70,1
2,2,2,1,4,4,0,0,2,0,568,4,55,1
0,0,0,0,6,0,1,0,0,0,285,2,36,0
3,0,1,2,6,2,0,1,0,0,298,4,48,0
1,0,2,2,1,3,0,1,0,0,1200,0,49,0
2,0,0,0,5,2,0,0,0,2,503,5,84,1
0,0,1,0,1,3,4,1,1,0,484,4,55,1
1,0,0,2,6,0,1,0,0,0,274,2,39,0
0,0,0,0,1,1,0,0,0,0,724,1,29,0
1,0,1,2,4,2,5,1,2,0,346,3,71,1
5,1,2,2,5,3,2,0,2,1,729,7,81,1
0,0,0,1,1,1,0,0,0,0,688,6,35,0
1,0,0,0,1,1,1,0,0,0,549,1,13,0
4,0,1,0,4,1,5,1,1,0,773,1,75,1
0,0,0,0,1,1,1,0,0,0,420,0,11,0
1,1,0,1,1,4,3,0,1,2,614,0,74,1
1,0,0,0,0,1,0,0,0,0,489,1,8,0
0,0,1,1,1,1,3,1,0,0,297,5,77,1
0,0,1,1,5,0,1,1,0,0,256,5,48,0
1,0,1,1,4,2,0,0,0,0,647,1,60,1
3,2,0,0,4,0,3,0,2,1,1086,1,80,1
2,1,0,1,4,2,0,1,2,2,1434,5,84,1
2,0,0,2,3,6,0,0,0,0,492,8,41,0
1,0,0,0,0,1,1,0,0,0,471,0,4,0
0,0,0,2,4,0,3,1,2,0,1059,2,66,1
0,0,0,0,0,1,0,0,0,0,419,1,25,0
1,0,0,1,0,0,0,0,0,0,778,0,35,0
0,0,1,1,5,5,0,0,0,0,1147,1,48,0
3,0,0,0,0,1,3,1,0,2,384,7,65,1
0,0,0,0,0,1,0,0,0,0,536,1,23,0
1,0,0,0,0,0,1,0,0,0,555,0,7,0
2,0,0,1,3,1,1,0,0,0,531,5,42,0
0,0,0,0,1,1,1,0,0,0,703,0,18,0
1,0,0,0,0,1,0,0,0,0,493,1,6,0
0,0,0,2,5,2,1,1,0,0,397,6,47,0
1,0,0,0,0,0,1,0,0,0,180,1,7,0
0,0,0,0,5,1,0,0,0,0,364,3,32,0
1,0,0,0,1,0,0,0,0,0,191,0,14,0
2,1,1,2,0,5,1,1,1,0,454,6,55,1
0,0,0,0,1,0,0,0,0,0,185,0,5,0
2,0,1,1,4,4,1,1,2,1,852,8,66,1
1,0,1,0,5,3,2,1,1,0,1321,4,72,1
3,1,1,1,2,2,0,0,2,2,1478,5,79,1
1,0,1,1,3,3,2,1,0,0,530,1,55,1
0,0,0,0,5,0,1,0,2,2,1156,7,94,1
1,0,2,2,6,2,0,0,0,0,717,4,45,0
4,0,1,1,5,6,2,1,1,2,1137,8,94,1
5,0,2,1,4,1,4,0,1,0,861,4,91,1
0,0,0,0,0,1,0,0,0,0,873,1,27,0
0,0,0,0,1,0,1,0,0,0,300,1,22,0
3,0,0,1,4,5,0,1,0,0,1063,1,48,0
3,0,1,1,0,0,0,0,0,0,179,3,45,0
0,0,0,0,0,0,0,0,0,0,207,1,2,0
0,0,0,0,6,6,1,0,0,0,379,3,46,0
1,0,0,0,1,0,1,0,0,0,229,0,19,0
1,0,1,2,5,1,0,1,1,0,754,3,52,1
0,0,2,0,2,2,0,1,1,0,1213,7,60,1
4,2,0,0,5,0,5,1,2,0,305,3,63,1
1,0,0,0,1,0,0,0,0,0,279,1,22,0
1,0,0,0,1,1,1,0,0,0,725,0,24,0
0,0,0,0,1,0,0,0,0,0,135,1,26,0
0,0,0,0,1,5,4,0,1,0,700,5,56,1
0,0,1,2,5,3,1,0,0,0,431,6,43,0
0,0,0,0,0,1,1,0,0,0,245,0,0,0
4,0,0,2,4,6,4,1,2,2,260,5,86,1
1,0,0,0,1,1,1,0,0,0,391,0,1,0
4,0,2,2,0,5,4,1,2,2,1042,4,85,1
0,0,0,0,5,0,0,0,0,0,390,4,49,0
1,0,0,0,1,0,1,0,0,0,434,1,11,0
1,0,0,0,0,1,0,0,0,0,307,0,27,0
0,0,2,2,4,3,3,1,2,0,986,8,60,1
2,0,0,0,0,3,0,0,0,0,221,6,47,0
0,0,1,2,4,2,1,0,0,0,924,5,45,0
2,2,0,0,0,2,2,1,1,0,1457,0,87,1
0,0,0,0,0,1,1,0,0,0,687,1,26,0
1,0,0,0,1,1,0,0,0,0,269,1,5,0
1,0,0,0,0,0,0,0,0,0,368,1,26,0
2,0,2,0,1,2,5,1,0,1,384,0,98,1
4,2,0,2,0,5,2,0,2,2,1887,1,96,1
0,0,1,2,0,2,0,0,0,0,466,0,40,0
2,0,2,0,5,1,5,1,1,2,658,2,71,1
5,1,0,1,2,0,1,0,1,1,1026,2,76,1
2,0,1,2,1,5,0,0,0,0,392,5,40,0
1,0,0,0,0,1,0,0,0,0,359,0,27,0
0,0,1,2,5,2,1,1,2,0,1269,6,68,1
2,2,0,1,6,6,3,0,0,2,300,8,67,1
4,0,0,0,2,6,3,1,0,1,426,8,82,1
1,0,0,0,0,0,0,0,0,0,411,1,5,0
5,0,2,1,5,1,2,0,2,1,1375,1,75,1
1,0,0,0,1,0,0,0,0,0,220,1,9,0
0,0,0,0,1,0,0,0,0,0,355,1,7,0
1,0,0,0,0,1,0,0,0,0,339,1,0,0
2,0,1,0,6,2,0,0,0,0,1056,1,44,0
1,0,2,0,2,1,1,0,0,0,115,3,63,1
1,0,0,0,1,1,1,0,0,0,555,1,23,0
0,0,0,0,0,0,0,0,0,0,465,0,8,0
3,2,0,2,2,4,5,1,0,0,944,6,76,1
0,0,0,0,1,1,0,0,0,0,118,0,25,0
1,0,0,0,0,0,0,0,0,0,464,1,26,0
2,0,2,1,3,3,0,0,1,1,957,3,81,1
0,0,2,1,2,1,0,0,0,0,377,3,42,0
1,0,0,0,0,1,1,0,0,0,291,1,17,0
4,2,0,2,2,4,3,1,1,1,745,8,97,1
2,0,0,0,1,1,0,0,0,0,222,7,30,0
1,0,0,0,1,0,1,0,0,0,247,0,0,0
0,0,0,0,0,1,1,0,0,0,141,0,18,0
1,0,0,1,4,0,0,0,0,0,1004,7,39,0
0,0,0,1,1,1,1,0,0,0,142,3,42,0
2,2,0,1,0,6,0,1,0,1,1339,6,83,1
1,0,0,0,1,0,1,0,0,0,256,0,25,0
1,0,0,0,1,1,1,0,0,0,307,1,23,0
3,2,2,1,4,3,3,1,1,0,1081,2,62,1
3,0,2,0,0,6,0,0,0,0,522,3,49,0
1,0,0,0,0,0,1,0,0,0,101,0,16,0
3,2,1,0,4,4,3,0,1,2,679,1,82,1
2,0,1,2,3,2,3,0,1,2,185,3,69,1
2,2,1,2,1,3,0,1,2,0,422,8,69,1
2,2,1,0,2,6,0,0,2,0,878,6,58,1
1,0,0,0,0,0,0,0,0,0,445,1,8,0
4,0,2,2,2,6,0,1,2,0,491,0,67,1
6,0,1,2,5,3,5,0,0,0,200,2,90,1
1,0,2,0,1,6,4,1,2,0,1274,5,60,1
0,0,2,2,1,0,3,0,0,0,193,3,89,1
1,0,0,0,5,0,0,0,0,0,329,8,31,0
5,1,0,0,5,0,1,1,2,1,598,8,79,1
3,2,0,1,4,3,3,1,2,0,603,6,84,1
1,0,0,0,0,0,1,0,0,0,488,1,0,0
0,0,1,1,5,2,1,0,0,0,793,7,42,0
0,0,0,0,0,1,0,0,0,0,939,0,34,0
0,0,1,2,5,6,1,0,0,0,1135,7,48,0
0,0,0,0,0,0,0,0,0,0,313,0,18,0
0,0,0,2,1,4,0,1,0,2,1544,8,97,1
0,0,0,0,1,1,0,0,0,0,299,0,14,0
2,0,1,1,4,2,0,1,1,0,449,7,80,1
0,0,0,0,0,0,1,0,0,0,370,0,12,0
3,0,2,1,4,1,5,1,0,1,1801,0,100,1
4,1,0,2,5,3,1,0,0,2,312,3,66,1
0,0,1,2,5,2,0,0,0,0,1074,6,62,1
0,0,0,0,1,1,1,0,0,0,225,1,20,0
1,0,0,0,0,1,0,0,0,0,541,0,16,0
1,0,2,0,6,0,1,0,0,0,389,4,40,0
3,1,2,1,6,3,0,0,0,2,1369,0,91,1
0,0,0,0,0,0,1,0,0,0,633,1,12,0
0,0,2,1,4,0,0,0,0,1,886,0,87,1
0,0,0,0,1,0,1,0,0,0,706,1,16,0
1,0,0,1,0,4,0,0,2,0,789,6,65,1
0,0,0,0,1,1,1,0,0,0,504,0,29,0
1,0,0,0,0,1,0,0,0,0,574,1,18,0
3,0,2,0,6,4,1,0,1,0,1121,7,59,1
0,0,0,0,5,6,5,1,1,0,103,8,95,1
0,0,0,0,0,0,0,0,0,0,158,0,3,0
2,2,0,1,5,6,0,1,2,0,142,4,89,1
2,1,1,2,3,4,5,1,0,1,1252,6,97,1
1,0,0,0,0,0,0,0,0,0,704,1,28,0
1,0,1,1,0,0,2,0,2,0,845,1,53,1
0,0,2,0,1,0,3,1,1,0,1076,0,85,1
0,0,1,2,5,3,1,1,0,0,736,8,49,0
1,0,2,2,3,1,4,1,2,0,1148,1,86,1
3,2,1,2,1,1,2,1,1,0,768,5,68,1
1,1,1,1,1,0,1,1,0,0,926,2,56,1
0,0,0,0,1,0,1,0,0,0,399,1,3,0
1,0,0,0,0,0,0,0,0,0,129,0,14,0
0,0,1,2,3,1,3,0,0,0,1217,5,56,1
4,2,0,1,4,2,5,0,1,1,180,5,100,1
3,0,0,1,2,3,2,1,2,1,306,6,88,1
1,0,1,1,3,0,1,0,0,0,569,1,40,0
0,0,0,0,0,0,1,0,0,0,118,0,10,0
0,0,2,2,6,4,1,1,2,1,1104,2,66,1
1,1,2,1,1,2,3,1,0,0,815,0,52,1
5,0,0,1,6,6,4,1,2,0,1821,8,91,1
0,0,2,2,5,5,4,0,0,0,617,3,53,1
0,0,0,0,4,1,1,0,0,0,322,2,35,0
0,0,0,0,0,0,0,0,0,0,696,0,15,0
0,0,0,0,1,0,0,0,0,0,226,1,1,0
2,2,1,2,5,4,5,0,0,0,722,0,53,1
1,0,1,2,0,1,1,0,0,0,1021,8,43,0
0,0,2,1,4,0,1,1,2,0,1332,0,62,1
1,0,0,0,1,1,0,0,0,0,896,1,34,0
1,1,1,2,6,4,1,1,0,1,1301,6,66,1
1,0,0,0,0,1,1,0,0,0,586,0,10,0
3,1,0,2,3,5,5,1,2,0,468,6,58,1
0,0,1,2,4,5,4,1,2,2,1592,1,79,1
5,1,0,2,1,2,2,0,1,1,172,5,85,1
1,0,0,0,1,1,0,0,0,0,264,1,4,0
1,0,0,0,1,0,1,0,0,0,552,1,20,0
0,0,0,0,0,0,0,0,0,0,369,1,3,0
1,0,0,0,1,0,1,0,0,0,548,0,7,0
0,0,0,0,0,1,1,0,0,0,208,0,2,0
0,0,0,1,3,1,2,1,2,1,1507,3,69,1
3,0,0,0,3,5,0,1,0,0,565,3,45,0
0,0,0,0,0,1,1,0,0,0,497,1,6,0
1,0,0,2,4,1,0,0,0,0,879,2,39,0
0,0,0,0,1,1,1,0,0,0,528,0,8,0
3,2,2,0,0,6,3,0,2,0,1370,1,62,1
5,2,2,2,5,5,4,1,1,1,958,1,88,1
0,0,0,0,6,0,1,1,1,0,433,5,59,1
3,0,0,0,5,5,4,0,0,0,1178,0,61,1
1,0,2,2,2,2,0,0,0,0,149,0,44,0
2,1,1,0,2,3,3,0,0,1,1589,7,97,1
1,0,0,0,1,1,0,0,0,0,291,0,20,0
0,0,0,0,1,1,0,0,0,0,674,0,20,0
0,0,0,1,0,0,5,0,2,1,1551,6,72,1
5,0,2,1,1,0,5,0,0,2,671,8,89,1
1,0,0,2,3,3,2,1,1,1,1352,4,77,1
3,0,2,1,1,6,0,1,0,0,339,4,48,0
2,0,1,2,4,4,4,0,1,0,1003,5,64,1
2,1,1,2,2,5,5,1,2,0,861,6,60,1
1,0,0,0,6,0,1,0,0,0,240,7,38,0
1,1,1,2,5,1,5,1,0,1,808,2,72,1
1,0,0,0,0,1,0,0,0,0,188,1,23,0
4,1,0,1,5,0,2,1,2,0,1079,7,61,1
2,1,1,0,4,3,5,0,0,0,495,1,56,1
4,1,0,1,3,6,4,1,0,1,1466,8,67,1
4,2,1,1,5,5,2,0,0,0,776,0,64,1
2,1,2,1,3,1,1,0,1,0,636,6,85,1
0,0,2,2,3,6,1,0,0,0,332,5,42,0
0,0,0,0,0,0,1,0,0,0,173,0,29,0
4,0,2,2,4,5,3,0,2,2,1801,6,91,1
4,1,1,0,5,2,3,1,0,0,1112,0,84,1
5,1,2,0,4,3,3,0,0,2,785,5,98,1
1,0,1,1,0,5,1,1,1,1,785,2,88,1
5,2,2,1,5,3,4,1,0,1,334,6,88,1
1,0,0,0,1,6,3,0,0,0,1436,1,69,1
0,0,0,0,5,2,4,0,0,0,1192,4,64,1
2,1,1,1,5,3,1,1,2,0,543,2,56,1
1,0,2,0,1,1,5,0,2,2,593,6,71,1
2,0,2,2,1,2,0,1,0,0,898,8,49,0
3,0,0,2,6,3,2,1,1,1,390,7,96,1
0,0,0,0,1,0,0,0,0,0,365,1,13,0
2,1,2,2,4,5,0,0,1,0,917,0,50,1
2,1,2,0,0,6,3,0,1,1,930,5,73,1
4,2,2,2,3,1,2,1,1,0,896,3,64,1
0,0,0,0,1,0,0,0,0,0,276,1,10,0
2,0,0,0,5,0,0,0,0,0,801,1,39,0
0,0,0,0,0,0,0,0,0,0,449,0,18,0
1,0,0,0,0,0,1,0,0,0,621,1,17,0
1,0,0,0,1,0,1,0,0,0,442,1,4,0
0,0,0,0,1,0,0,0,0,0,650,1,21,0
3,1,0,2,0,6,0,0,0,0,424,6,63,1
1,0,0,0,0,1,1,0,0,0,360,1,3,0
0,0,0,0,3,1,1,0,0,0,644,4,30,0
2,2,0,0,6,0,1,0,0,0,575,8,54,1
2,1,0,1,5,3,3,0,0,2,828,8,84,1
2,0,0,0,4,3,1,0,0,0,798,6,43,0
1,0,1,0,0,1,5,0,0,1,848,8,69,1
4,2,0,2,4,1,5,0,0,0,1077,8,64,1
1,0,0,0,0,0,1,0,0,0,578,0,15,0
3,1,0,1,3,6,4,0,1,1,1559,5,84,1
2,0,0,1,2,1,0,0,0,0,205,3,38,0
1,0,0,0,1,1,0,0,0,0,219,0,14,0
1,0,0,0,0,1,1,0,0,0,424,1,16,0
1,0,0,0,1,1,1,0,0,0,625,0,29,0
0,0,2,0,1,6,2,1,2,2,1075,2,90,1
1,0,2,0,5,6,1,1,0,0,170,2,48,0
0,0,1,1,1,0,5,0,0,0,581,8,62,1
3,0,2,2,0,3,1,1,1,2,1924,4,99,1
3,0,1,2,4,6,2,0,2,2,1499,1,72,1
3,2,2,1,1,5,5,0,1,1,393,3,72,1
2,0,0,0,0,6,0,1,0,2,190,0,74,1
0,0,0,0,0,0,0,0,0,0,283,0,5,0
0,0,0,0,0,0,1,0,0,0,492,0,16,0
4,2,0,1,3,3,0,1,0,0,288,4,67,1
4,0,1,1,6,2,4,0,0,0,1097,3,60,1
0,0,1,1,0,5,3,1,1,2,979,0,72,1
1,0,0,0,0,0,1,0,0,0,120,0,23,0
0,0,0,2,2,6,1,0,0,0,131,6,44,0
0,0,0,0,1,0,1,0,0,0,258,1,25,0
1,0,0,0,1,1,1,0,0,0,406,1,11,0
3,1,1,1,6,5,5,1,1,2,345,4,68,1
1,0,0,0,0,0,0,0,0,0,113,0,21,0
1,0,0,0,1,0,1,0,0,0,622,1,27,0
0,0,1,0,4,6,1,0,0,0,401,5,62,1
5,2,2,2,1,1,3,1,0,2,1595,2,92,1
0,0,0,0,1,1,0,0,0,0,218,1,26,0
0,0,0,1,3,1,1,0,0,0,572,8,35,0
3,0,0,2,5,0,0,0,1,0,276,1,53,1
3,0,2,2,2,3,4,0,2,0,1381,3,67,1
2,0,0,2,4,0,1,0,0,0,157,2,38,0
3,0,0,1,5,2,5,1,2,0,1176,0,50,1
0,0,1,1,6,2,3,1,0,2,534,1,83,1
1,0,0,1,0,5,5,1,1,1,894,8,65,1
2,0,0,2,1,5,4,0,0,2,851,4,81,1
1,0,0,0,0,0,0,0,0,0,512,1,13,0
1,0,0,0,3,6,1,0,0,0,355,3,41,0
0,0,0,1,2,1,3,0,1,0,703,7,62,1
0,0,0,0,1,0,0,0,0,0,138,0,10,0
1,0,2,2,3,3,1,1,0,0,100,6,49,0
0,0,0,2,3,4,3,0,2,1,886,6,88,1
0,0,0,0,0,0,0,0,0,0,117,1,12,0
2,0,1,1,1,2,0,0,0,0,122,7,40,0
0,0,0,2,3,1,0,0,0,0,1080,4,41,0
1,1,2,0,4,5,3,0,2,1,754,6,74,1
3,0,1,1,5,2,4,1,1,2,1500,2,69,1
0,0,0,0,1,0,1,0,0,0,451,0,22,0
0,0,0,0,0,1,0,0,0,0,439,1,6,0
3,0,2,0,2,5,1,0,0,0,180,8,47,0
2,0,1,2,4,1,0,0,1,2,435,7,66,1
1,1,0,1,4,6,5,0,0,0,1127,1,56,1
0,0,2,1,0,3,3,0,0,0,562,4,71,1
0,0,0,0,0,1,0,0,0,0,323,0,5,0
2,1,1,1,0,3,5,0,2,0,657,8,63,1
0,0,0,0,0,0,0,0,0,0,146,0,0,0
0,0,0,0,6,0,0,0,0,0,382,8,30,0
0,0,0,0,0,5,1,0,0,1,1452,8,75,1
0,0,1,1,1,2,2,0,2,1,1555,6,92,1
1,0,0,1,0,1,1,0,0,0,674,1,36,0
1,0,0,1,2,4,1,1,0,0,1098,0,47,0
4,0,1,2,3,5,5,0,2,0,1528,0,80,1
1,0,2,0,6,5,3,1,1,0,1260,7,65,1
4,1,2,0,1,3,3,1,2,2,1288,1,68,1
1,0,2,2,3,6,1,0,0,0,1128,6,49,0
3,1,1,1,4,5,3,1,2,1,1005,5,89,1
3,1,1,1,1,5,5,0,0,1,751,0,76,1
6,1,2,0,1,5,5,0,1,0,1815,3,93,1
1,1,1,1,5,0,5,0,1,1,1251,8,72,1
2,1,0,1,1,5,4,1,1,0,924,0,51,1
5,1,0,0,3,1,1,0,0,0,106,5,95,1
3,2,2,2,1,6,5,0,0,2,420,5,65,1
1,0,1,2,6,1,0,0,0,0,540,7,42,0
0,0,2,2,4,5,0,0,1,0,485,1,87,1
2,0,1,0,6,2,1,0,0,0,261,7,44,0
1,0,0,0,5,1,1,0,0,0,599,1,39,0
1,0,0,0,0,1,1,0,0,0,699,1,14,0
1,0,0,0,1,1,1,0,0,0,950,0,30,0
2,0,1,0,5,5,5,1,1,0,644,0,78,1
4,1,0,2,5,3,0,0,2,0,605,2,64,1
1,0,0,0,1,1,1,0,0,0,163,0,12,0
4,0,2,1,0,3,0,0,1,1,1565,2,86,1
0,0,0,2,6,4,4,0,0,0,261,3,91,1
1,0,0,0,0,1,0,0,0,0,295,1,13,0
0,0,2,0,3,1,1,0,0,0,1088,4,49,0
1,0,0,0,1,1,1,0,0,0,407,1,11,0
0,0,0,0,0,0,1,0,0,0,472,0,10,0
2,2,2,0,2,5,3,1,0,0,148,3,53,1
1,0,0,2,3,5,1,1,0,0,781,0,48,0
1,0,0,0,1,1,0,0,0,0,266,0,6,0
2,0,0,0,4,0,1,0,0,0,474,3,40,0
2,1,0,1,5,3,4,1,2,0,1082,7,50,1
0,0,1,0,2,6,2,0,1,0,664,8,64,1
2,2,0,2,6,2,1,1,0,0,1268,0,55,1
2,0,1,2,6,0,4,1,0,1,527,2,85,1
5,1,2,2,3,2,0,0,0,1,275,0,76,1
1,0,0,0,0,0,1,0,0,0,492,1,4,0
1,1,1,2,0,5,4,0,2,0,1425,0,96,1
0,0,2,0,3,6,0,0,0,0,410,3,46,0
1,1,2,0,1,6,4,1,1,0,1102,1,50,1
0,0,0,0,1,0,0,0,0,0,623,0,14,0
0,0,0,0,1,0,0,0,0,0,488,0,0,0
1,0,1,1,0,3,3,0,1,1,919,1,65,1
5,2,1,0,3,4,0,0,1,0,1355,2,87,1
0,0,0,0,5,1,0,0,0,0,354,3,30,0
1,0,0,1,1,2,1,0,0,0,1042,2,46,0
2,1,2,2,0,6,2,0,2,1,312,4,91,1
3,0,1,2,1,4,5,0,0,0,1198,2,57,1
1,0,0,1,4,0,0,0,0,0,509,3,37,0
1,0,2,1,0,1,1,1,0,0,999,3,48,0
0,0,0,0,0,0,0,0,0,0,358,0,18,0
1,1,2,2,1,3,4,0,0,0,797,4,55,1
1,0,0,0,1,0,1,0,0,0,654,1,13,0
2,2,0,1,2,3,2,0,1,0,968,4,61,1
1,0,0,0,1,0,0,0,0,0,452,1,27,0
2,2,2,0,3,5,2,0,1,0,461,3,75,1
1,1,1,1,5,4,1,1,2,1,343,5,80,1
0,0,2,2,5,4,1,0,0,0,594,5,40,0
1,0,0,0,1,0,1,0,0,0,784,7,33,0
1,0,0,0,1,0,1,0,0,0,505,0,3,0
1,0,0,0,0,0,0,0,0,0,407,0,13,0
3,1,0,1,4,6,2,1,0,1,1160,4,84,1
1,1,0,1,1,4,5,0,0,1,970,8,74,1
0,0,0,0,0,0,0,0,0,0,585,0,17,0
4,2,0,0,0,4,1,1,0,2,335,0,76,1
5,2,1,0,1,5,2,1,1,2,267,3,82,1
0,0,0,0,1,0,0,0,0,0,185,1,6,0
0,0,0,0,0,0,0,0,0,0,590,0,11,0
3,0,2,2,6,4,0,1,0,0,613,3,46,0
1,0,0,0,0,0,0,0,0,0,274,1,21,0
0,0,0,0,1,1,0,0,0,0,106,0,6,0
4,0,1,0,6,2,0,1,2,0,771,2,61,1
1,0,0,0,4,1,0,0,0,0,790,0,37,0
2,0,1,0,6,1,1,1,1,0,144,7,69,1
2,2,1,0,0,6,3,0,1,2,227,3,88,1
2,2,2,1,1,3,1,1,2,0,143,1,51,1
1,0,0,0,1,1,0,0,0,0,375,0,18,0
1,1,2,2,3,5,3,0,1,1,1445,2,89,1
6,2,2,1,5,4,4,1,1,0,1713,4,93,1
3,0,0,1,0,4,0,0,0,0,850,3,56,1
1,0,0,0,0,1,0,0,0,0,217,1,28,0
0,0,0,0,1,0,1,0,0,0,746,0,22,0
2,0,2,2,4,5,1,1,0,0,607,1,47,0
5,1,2,0,4,3,0,1,0,0,802,4,84,1
0,0,0,0,0,1,1,0,0,0,711,0,18,0
1,1,1,2,4,2,0,1,0,0,906,6,79,1
2,2,0,1,1,0,1,1,1,0,147,0,54,1
0,0,0,0,0,3,1,0,0,1,1815,4,89,1
0,0,0,0,3,1,1,0,0,0,682,5,30,0
0,0,0,0,1,1,1,0,0,0,166,1,10,0
0,0,1,0,3,4,4,0,2,0,652,5,76,1
5,1,2,2,1,0,2,1,0,2,195,1,77,1
0,0,0,0,1,1,1,0,0,0,413,0,4,0
4,2,0,0,1,0,3,1,2,0,897,6,77,1
0,0,0,2,1,0,1,0,0,0,455,0,36,0
2,0,2,2,0,5,1,0,0,0,669,0,43,0
0,0,1,1,0,0,4,0,1,2,869,5,66,1
0,0,0,0,1,0,0,0,0,0,653,1,12,0
0,0,2,1,2,4,1,0,0,0,824,5,42,0
4,0,2,0,0,4,2,1,1,2,1568,5,91,1
2,0,0,0,1,1,1,0,0,0,622,1,32,0
1,0,0,0,0,0,1,0,0,0,742,1,18,0
5,2,0,0,0,0,4,1,0,2,1770,3,90,1
1,0,0,0,0,1,1,0,0,0,165,0,2,0
1,1,1,2,4,0,0,0,0,2,1000,7,91,1
0,0,0,2,0,3,4,1,1,0,359,4,53,1
3,0,1,2,6,0,0,1,0,0,384,5,49,0
3,1,1,1,0,1,2,1,1,1,1216,4,77,1
2,0,2,1,0,2,4,0,0,0,641,0,56,1
4,0,1,1,5,2,2,1,0,2,1622,5,88,1
0,0,0,0,1,1,0,0,0,0,664,1,18,0
6,2,0,2,6,5,0,1,1,1,1621,6,99,1
2,2,0,1,5,2,1,0,0,0,312,5,62,1
4,2,1,0,3,2,4,0,0,0,368,4,61,1
0,0,1,1,4,1,1,0,0,0,770,0,47,0
4,1,2,2,0,6,0,0,0,1,345,6,86,1
1,0,2,2,1,2,1,1,0,0,273,7,53,1
3,0,1,1,2,4,0,0,0,1,301,3,80,1
2,0,1,0,6,3,0,0,0,0,268,8,42,0
0,0,0,0,0,0,0,0,0,0,152,0,16,0
2,0,0,0,2,6,1,0,0,0,582,4,41,0
1,0,0,0,0,1,0,0,0,0,219,0,2,0
0,0,1,1,5,4,1,1,1,0,1821,8,97,1
2,0,2,0,6,4,2,0,0,0,875,4,58,1
1,0,1,0,6,5,4,1,1,1,1166,7,72,1
0,0,1,0,5,4,1,0,0,0,429,1,96,1
0,0,0,0,4,1,0,1,1,0,1102,4,55,1
0,0,1,0,1,0,4,0,2,0,694,0,86,1
0,0,2,2,0,4,2,1,2,2,800,5,83,1
3,2,1,2,6,5,3,0,1,0,512,6,60,1
0,0,1,0,5,1,0,0,1,0,851,7,57,1
2,0,2,1,2,3,2,0,0,0,196,2,88,1
1,0,0,0,0,0,0,0,0,0,560,0,23,0
3,1,0,0,5,5,1,1,0,0,1024,2,51,1
0,0,0,0,0,1,0,0,0,0,265,1,8,0
6,0,2,2,4,1,5,0,1,1,978,4,96,1
0,0,0,0,0,0,1,0,0,0,351,0,16,0
0,0,0,0,0,0,0,0,0,0,448,1,5,0
0,0,1,0,5,0,2,1,1,0,955,8,50,1
2,0,0,0,4,6,4,1,0,0,1067,2,51,1
1,0,0,0,0,0,0,0,0,0,270,1,17,0
0,0,0,0,1,1,0,0,0,0,603,1,27,0
5,2,1,1,3,3,3,1,1,0,1271,5,76,1
1,0,1,1,1,6,0,0,2,1,801,3,76,1
1,0,0,0,2,0,0,0,0,0,515,0,33,0
4,1,2,1,4,5,0,0,0,0,537,4,93,1
2,2,2,1,2,3,5,1,2,1,1175,5,86,1
5,1,2,2,2,2,2,0,2,1,462,1,100,1
2,1,0,2,5,4,0,1,0,1,1570,0,80,1
0,0,0,2,0,2,1,0,1,0,925,4,61,1
3,0,0,0,5,4,2,1,1,1,1615,2,84,1
2,0,2,0,6,1,1,0,0,0,453,0,42,0
3,1,2,2,1,0,4,1,2,0,154,3,52,1
4,2,0,1,3,4,3,0,0,2,1080,5,78,1
0,0,0,0,0,0,0,0,0,0,629,0,27,0
1,1,0,1,1,4,4,1,2,2,759,5,65,1
1,0,0,0,0,1,0,0,0,0,277,0,1,0
0,0,1,0,3,4,2,1,2,1,429,1,87,1
3,0,2,1,5,1,2,0,2,0,352,4,60,1
1,0,0,0,3,1,0,0,0,0,826,4,34,0
4,1,1,0,5,0,0,1,1,1,535,3,75,1
2,1,1,1,2,6,0,0,0,2,391,2,69,1
1,0,0,0,0,0,0,0,0,0,231,0,9,0
1,0,0,2,4,4,0,0,0,0,411,2,45,0
0,0,0,0,0,1,0,0,0,0,611,1,19,0
3,0,2,1,6,4,1,0,2,0,437,6,52,1
3,1,1,0,5,0,5,0,2,2,1084,7,90,1
1,0,0,0,1,1,0,0,0,0,474,1,28,0
0,0,0,0,1,2,2,0,0,0,431,5,75,1
1,0,0,0,0,1,1,0,0,0,498,1,28,0
1,1,0,1,3,5,2,1,1,1,146,3,74,1
0,0,2,0,1,0,0,1,1,2,1111,2,80,1
1,0,0,0,1,1,0,0,0,0,183,0,2,0
2,1,1,0,1,3,4,1,1,0,128,5,50,1
1,1,0,1,1,1,4,1,2,2,508,2,66,1
6,2,2,2,5,5,5,1,1,2,1284,8,93,1
0,0,0,0,0,1,1,0,0,0,493,0,1,0
2,1,1,2,1,0,2,0,2,0,970,1,67,1
0,0,0,0,3,0,1,0,0,0,118,7,32,0
1,1,1,2,1,0,0,1,0,0,1430,4,81,1
0,0,2,2,1,4,3,1,2,2,1149,1,100,1
1,0,0,0,1,0,1,0,0,0,495,0,6,0
2,1,0,1,4,6,3,1,2,0,731,1,94,1
2,1,0,1,0,5,4,1,1,2,1655,5,98,1
0,0,2,1,4,4,1,0,2,0,1422,3,100,1
0,0,1,2,4,2,5,0,1,0,1078,6,58,1
1,0,0,2,5,4,2,1,2,2,304,4,88,1
1,0,0,0,0,1,0,0,0,0,578,1,13,0
3,1,0,1,2,1,3,1,1,0,868,7,62,1
2,1,0,2,3,0,3,1,0,1,239,1,71,1
1,0,0,0,1,1,0,0,0,0,418,0,12,0
0,0,2,1,2,3,4,0,1,0,933,3,63,1
2,0,0,0,5,0,0,0,0,0,432,1,34,0
0,0,0,0,0,0,0,0,0,0,436,0,1,0
0,0,2,2,6,0,2,0,0,0,283,2,88,1
0,0,0,0,1,1,1,0,0,0,232,0,5,0
2,0,1,2,3,0,1,0,0,0,1007,2,40,0
0,0,0,0,0,0,0,0,0,0,363,1,24,0
4,0,1,1,5,0,4,0,2,1,188,2,88,1
2,1,1,2,1,3,5,1,0,0,775,4,59,1
1,0,0,0,1,0,0,0,0,0,495,0,22,0
2,2,1,1,3,3,4,0,0,1,1687,2,80,1
3,0,0,0,5,0,5,1,0,2,940,3,73,1
1,0,0,0,1,1,0,0,0,0,696,1,26,0
0,0,2,0,4,5,0,0,0,0,1151,5,46,0
0,0,0,2,2,2,0,0,0,0,1023,8,49,0
1,0,0,0,0,1,1,0,0,0,732,1,25,0
1,0,0,0,1,0,1,0,0,0,393,1,13,0
0,0,1,0,3,5,0,0,0,0,510,0,41,0
3,0,2,0,1,5,4,0,0,2,133,0,97,1
5,0,2,1,4,0,3,1,2,2,384,4,87,1
2,2,1,0,0,4,1,0,0,0,448,1,54,1
0,0,0,0,1,0,0,0,0,0,427,0,16,0
1,0,0,0,3,1,1,1,1,0,648,1,99,1
3,0,2,0,4,4,5,0,1,2,1296,4,98,1
1,0,0,2,1,1,1,1,1,1,344,7,69,1
0,0,0,0,0,1,0,0,0,0,250,0,10,0
2,0,0,0,1,1,1,0,0,0,832,2,30,0
1,0,0,0,1,1,1,0,0,0,363,1,10,0
0,0,0,0,1,0,0,0,0,0,370,1,16,0
1,0,0,0,1,0,1,0,0,0,728,7,33,0
0,0,0,0,0,1,1,0,0,0,627,1,25,0
0,0,1,1,6,1,1,0,0,1,1449,0,82,1
4,0,0,2,3,3,1,1,2,2,881,7,82,1
2,2,1,2,4,3,3,0,2,2,1605,5,97,1
1,0,0,1,1,4,1,1,2,0,176,2,59,1
2,0,0,0,5,1,0,0,0,0,434,6,31,0
5,1,2,1,3,6,0,0,1,2,1174,1,76,1
0,0,0,0,1,1,0,0,0,0,386,0,19,0
4,1,0,0,2,5,1,1,1,1,337,7,73,1
1,1,0,0,0,3,5,0,0,0,1013,5,91,1
2,1,2,1,3,3,2,1,0,1,329,0,81,1
3,2,1,1,2,5,4,0,2,0,1105,1,53,1
3,1,2,1,4,6,5,0,0,0,1759,2,89,1
2,0,0,0,1,0,0,0,0,0,673,3,36,0
1,0,0,0,0,1,0,0,0,0,898,1,28,0
2,2,0,0,4,5,1,0,0,2,120,3,90,1
2,1,0,0,6,1,3,0,0,0,1556,5,96,1
0,0,2,2,5,6,5,0,2,2,1121,5,88,1
4,1,0,0,5,1,5,0,1,2,179,2,72,1
1,1,0,2,0,5,0,1,0,0,666,6,66,1
3,0,0,0,4,0,3,0,2,0,627,8,58,1
3,0,1,2,3,5,4,1,1,0,658,4,50,1
0,0,2,1,0,0,0,1,1,2,440,7,75,1
1,1,1,1,1,0,5,0,2,2,195,8,99,1
1,1,2,1,1,6,1,0,0,0,430,7,63,1
1,0,0,0,1,0,0,0,0,0,803,1,23,0
1,0,0,0,0,0,0,0,0,0,223,1,21,0
1,0,0,0,0,1,1,0,0,0,339,0,28,0
3,1,1,2,3,1,3,1,1,0,324,8,53,1
2,1,0,1,1,5,2,1,2,1,1407,7,89,1
0,0,0,2,3,0,1,0,0,0,807,8,36,0
3,0,1,2,2,6,3,0,2,0,357,1,55,1
3,1,0,1,6,0,2,0,2,0,1213,1,97,1
0,0,0,0,0,0,1,0,0,0,582,0,10,0
0,0,0,0,1,0,1,0,0,0,356,0,14,0
4,1,2,2,0,1,1,0,1,0,1601,8,75,1
0,0,0,0,0,0,0,0,0,0,586,1,11,0
2,1,1,2,5,2,5,1,1,1,428,7,83,1
3,2,2,0,2,2,3,1,0,1,738,0,66,1
3,2,1,1,4,6,4,1,0,0,111,6,52,1
0,0,0,0,1,1,0,0,0,0,295,1,15,0
0,0,2,0,2,5,0,0,0,0,1215,7,48,0
3,2,0,2,0,1,4,0,0,0,430,6,66,1
1,0,0,0,0,1,1,0,0,0,589,0,27,0
0,0,0,0,1,0,0,0,0,0,463,1,4,0
6,2,0,2,1,1,2,1,0,2,1871,4,96,1
0,0,0,1,5,0,0,0,0,0,1004,8,37,0
0,0,0,0,5,0,0,0,0,0,463,2,32,0
0,0,0,0,1,0,0,0,0,0,123,0,7,0
1,0,0,1,3,4,3,1,1,2,1055,8,69,1
0,0,0,0,0,0,1,0,0,0,273,1,26,0
0,0,0,0,1,1,0,0,0,0,209,1,6,0
2,2,0,1,5,5,0,1,1,0,1253,1,53,1
2,1,0,2,1,0,4,1,2,2,973,5,71,1
2,0,0,0,2,0,1,0,0,0,140,5,31,0
2,2,1,2,6,4,1,1,0,0,303,0,51,1
2,0,2,1,5,6,4,1,0,0,385,5,59,1
2,0,0,0,2,4,1,0,2,0,420,2,60,1
1,1,1,1,5,6,4,1,1,0,1380,0,60,1
2,0,0,0,0,1,1,0,0,0,658,2,31,0
1,0,1,1,3,1,0,0,0,0,868,7,42,0
3,2,0,2,0,3,2,0,1,0,1213,0,85,1
3,0,1,1,4,2,0,0,1,0,527,7,51,1
1,0,2,2,0,3,3,1,2,0,545,6,92,1
1,0,0,0,1,1,1,0,0,0,125,0,8,0
0,0,1,1,0,5,2,1,2,1,245,4,76,1
1,0,2,0,6,2,5,1,0,2,373,2,73,1
1,1,0,0,5,3,2,1,0,1,1373,3,75,1
0,0,2,1,3,0,3,0,2,1,568,5,69,1
5,0,1,1,4,1,0,1,0,1,234,0,85,1
2,1,1,0,5,0,2,1,2,2,913,1,69,1
1,1,1,0,4,4,5,1,1,1,1135,5,98,1
1,0,0,0,1,0,1,0,0,0,828,1,24,0
0,0,1,0,0,4,4,1,1,2,720,7,65,1
0,0,0,0,0,1,1,0,0,0,621,1,24,0
1,0,0,1,2,1,1,0,0,0,123,6,37,0
1,0,0,0,1,0,1,0,0,0,376,1,5,0
2,2,0,0,6,3,5,1,1,0,268,1,53,1
6,1,1,1,1,3,3,0,0,2,805,6,92,1
1,0,0,0,1,0,0,0,0,0,476,0,20,0
1,0,0,2,2,2,3,0,0,0,965,4,57,1
3,0,1,2,3,5,2,0,0,0,1092,5,91,1
2,0,2,0,4,4,0,0,0,0,560,3,42,0
0,0,2,0,5,1,2,1,2,1,1283,2,83,1
1,0,1,1,3,2,1,1,1,0,1350,7,64,1
0,0,2,0,0,1,4,0,0,0,140,3,89,1
1,0,0,0,1,1,0,0,0,0,577,0,21,0
4,1,1,1,5,4,5,0,1,0,1112,7,65,1
3,1,0,0,6,5,4,1,0,1,227,1,99,1
0,0,0,0,0,1,0,0,0,0,477,0,19,0
2,2,0,1,0,4,3,1,2,0,907,1,58,1
1,0,1,0,4,6,0,0,0,0,1186,0,48,0
0,0,0,0,1,0,0,0,0,0,549,1,14,0
2,1,1,0,4,1,2,1,1,2,339,7,96,1
2,0,1,2,6,6,1,0,0,0,555,1,95,1
2,0,0,1,4,3,1,0,0,0,277,1,40,0
2,0,2,0,6,6,5,0,1,0,813,1,62,1
0,0,0,1,2,1,1,0,0,0,640,8,38,0
0,0,0,0,1,0,0,0,0,0,555,1,23,0
0,0,0,0,1,1,0,0,0,0,554,1,4,0
2,0,2,2,0,0,0,0,0,0,265,4,46,0
4,2,2,1,1,2,1,1,2,1,584,0,86,1
1,0,0,0,1,1,1,0,0,0,159,1,10,0
2,1,1,2,5,4,4,0,1,1,402,1,79,1
0,0,0,0,0,0,1,0,0,0,100,1,0,0
0,0,0,0,1,0,1,0,0,0,234,0,9,0
0,0,0,0,0,0,1,0,0,0,517,1,18,0
3,1,0,0,0,0,4,1,2,1,742,4,77,1
1,0,0,0,1,1,1,0,0,0,245,0,22,0
0,0,0,0,1,1,1,0,0,0,196,1,21,0
0,0,0,0,1,1,1,0,0,0,319,0,11,0
1,1,2,0,3,0,3,1,2,2,1423,7,79,1
0,0,0,0,1,0,1,0,0,0,184,1,18,0
1,0,0,1,3,3,0,0,0,0,727,8,46,0
0,0,0,0,1,1,0,0,0,0,573,0,25,0
1,0,0,0,1,0,0,0,0,0,571,1,21,0
0,0,0,0,0,1,0,0,0,0,230,1,27,0
1,0,0,0,0,1,0,0,0,0,333,0,7,0
5,2,0,0,6,0,0,1,1,1,968,7,95,1
0,0,0,2,0,6,1,1,0,0,274,8,46,0
2,0,0,0,1,4,1,0,0,0,207,0,40,0
0,0,0,0,1,1,0,0,0,0,323,0,15,0
0,0,2,2,0,6,0,1,0,0,184,6,46,0
0,0,2,2,3,3,4,1,2,2,903,5,89,1
2,0,2,1,1,1,1,0,0,0,289,7,41,0
3,2,1,1,2,2,5,1,1,0,738,2,56,1
1,1,1,1,0,0,4,0,0,1,367,6,74,1
2,2,1,0,6,1,1,0,1,0,889,0,56,1
2,0,0,2,6,0,2,1,0,2,689,2,78,1
0,0,2,1,3,3,3,0,0,0,619,0,95,1
2,0,0,0,4,1,0,0,0,0,484,2,37,0
1,0,1,1,5,2,1,0,2,1,509,4,96,1
3,2,1,0,0,6,5,1,1,0,1198,5,61,1
1,1,1,1,2,6,5,1,2,2,238,5,65,1
5,2,2,1,1,5,0,0,2,1,1642,8,86,1
2,0,0,1,5,6,1,0,0,0,752,2,41,0
4,2,0,1,4,3,3,0,2,0,1042,5,72,1
1,0,0,0,1,0,0,0,0,0,466,1,3,0
2,1,0,0,3,2,4,0,2,2,922,6,98,1
0,0,0,0,1,0,0,0,0,0,599,0,13,0
4,1,0,2,3,0,0,0,1,2,537,1,93,1
3,0,0,2,6,2,0,0,0,0,899,0,45,0
0,0,0,1,4,6,1,1,0,0,121,5,47,0
0,0,0,0,2,0,1,0,0,0,997,8,34,0
1,0,2,1,5,3,0,0,2,0,1464,3,100,1
1,0,0,0,0,0,1,0,0,0,352,0,22,0
1,0,1,2,6,1,0,0,0,0,470,3,43,0
0,0,0,0,1,0,1,0,0,0,309,1,4,0
0,0,0,0,1,0,0,0,0,0,854,0,26,0
5,1,1,0,6,6,0,0,2,2,891,7,82,1
0,0,0,0,1,0,1,0,0,0,110,1,2,0
1,0,0,1,4,0,0,0,0,0,660,1,38,0
0,0,0,0,0,1,1,0,0,0,553,0,28,0
4,1,0,1,6,0,1,1,2,0,800,4,73,1
0,0,1,1,6,3,0,1,2,0,1390,4,88,1
1,0,0,0,0,0,0,0,0,0,402,1,24,0
1,0,0,0,0,1,0,0,0,0,899,0,29,0
2,2,1,2,4,2,2,1,0,0,462,2,56,1
1,0,0,0,1,1,0,0,0,0,232,0,20,0
0,0,1,1,1,2,1,1,2,0,681,4,70,1
1,0,0,0,0,0,1,0,0,0,550,7,34,0
2,0,0,0,0,0,0,0,0,0,115,6,38,0
1,0,0,0,1,0,1,0,0,0,205,0,26,0
5,2,1,0,2,3,5,1,1,0,1761,3,87,1
1,1,0,2,2,4,3,0,1,0,1168,6,58,1
4,2,2,2,5,1,1,0,1,0,789,0,66,1
0,0,0,0,1,1,1,0,0,0,766,1,23,0
4,0,0,0,4,2,3,0,0,1,119,5,81,1
3,2,2,1,5,2,1,0,0,0,1498,2,67,1
0,0,2,1,0,5,1,0,2,1,372,0,92,1
0,0,0,0,1,0,1,0,0,0,481,0,24,0
0,0,0,0,0,2,1,0,0,0,506,6,45,0
3,0,2,1,5,6,0,1,0,0,793,8,48,0
2,0,2,0,4,4,1,1,0,0,333,3,48,0
5,1,1,1,5,2,1,0,2,1,1119,7,90,1
1,0,0,0,1,1,0,0,0,0,654,0,24,0
1,0,0,0,0,1,1,0,0,0,509,0,11,0
1,0,0,0,1,0,0,0,0,0,199,5,31,0
2,0,0,0,0,1,0,0,0,0,402,7,33,0
0,0,2,1,5,4,0,0,2,0,633,0,58,1
2,2,1,1,3,2,0,0,1,0,1088,4,54,1
0,0,1,0,2,0,1,0,1,1,946,2,76,1
1,0,1,2,4,2,3,1,0,1,1518,8,72,1
0,0,0,0,0,0,1,0,0,0,598,1,19,0
1,0,0,0,1,1,1,0,0,0,478,1,4,0
3,0,0,1,4,4,5,0,0,1,628,1,85,1
1,0,0,1,6,1,0,0,0,0,621,2,39,0
1,0,2,0,6,2,0,1,0,0,536,5,47,0
5,2,0,2,0,4,1,0,2,0,1537,6,81,1
5,2,1,1,5,2,2,1,2,1,1807,8,88,1
1,0,0,1,0,4,0,0,1,0,618,4,57,1
0,0,0,0,1,1,0,0,0,0,616,1,14,0
0,0,1,0,5,4,4,1,1,0,818,4,87,1
0,0,0,0,1,1,0,0,0,0,225,1,9,0
0,0,0,1,0,1,0,0,0,0,245,7,36,0
0,0,0,1,2,0,0,0,0,0,954,2,39,0
2,2,2,2,6,1,5,1,0,2,336,0,67,1
1,1,1,2,2,1,0,0,0,0,737,2,95,1
1,0,0,0,0,0,0,0,0,0,655,5,32,0
2,0,0,0,5,1,0,0,0,0,509,3,33,0
1,0,0,0,0,0,0,0,0,0,666,1,12,0
3,0,1,2,6,1,5,1,2,0,1019,0,55,1
1,0,0,0,1,0,1,0,0,0,377,0,27,0
5,2,0,0,6,2,4,1,2,2,1093,6,95,1
5,0,2,2,6,3,2,1,0,0,264,2,79,1
1,0,0,0,4,1,0,0,0,0,458,3,30,0
3,0,2,1,1,3,1,0,1,0,901,4,96,1
6,0,1,0,0,1,4,1,0,2,756,7,91,1
1,0,0,0,0,1,1,0,0,0,482,1,13,0
3,0,2,0,4,3,2,1,0,0,646,6,64,1
4,1,2,0,6,6,4,1,1,2,190,1,73,1
3,2,1,2,6,3,3,1,2,0,781,3,55,1
1,1,2,1,6,2,1,0,0,0,1413,6,93,1
0,0,0,0,0,1,0,0,0,0,353,1,9,0
1,0,0,0,1,1,0,0,0,0,293,1,14,0
1,1,2,2,0,5,1,1,0,1,249,8,68,1
2,2,2,0,3,2,3,0,2,0,400,0,55,1
1,0,0,0,2,1,1,0,0,0,486,5,32,0
3,0,2,1,5,6,1,1,0,0,1230,1,55,1
0,0,0,0,0,0,0,0,0,0,159,1,26,0
1,0,0,0,3,4,5,0,0,1,1416,8,96,1
1,1,2,0,6,0,1,0,0,0,786,7,57,1
4,2,0,2,3,5,3,1,2,0,265,2,89,1
1,0,2,0,0,0,1,0,1,0,1624,4,76,1
1,0,1,2,0,5,1,0,0,0,150,7,41,0
2,2,2,0,0,1,4,0,2,0,502,6,90,1
3,2,1,2,1,4,1,1,2,0,279,3,74,1
0,0,2,2,1,1,4,0,0,1,1033,3,70,1
3,0,1,2,0,2,3,1,0,2,690,5,89,1
0,0,2,0,4,0,5,0,0,0,915,4,53,1
1,0,0,0,0,5,4,1,2,2,1286,5,84,1
5,2,2,0,5,5,1,0,0,0,1492,8,91,1
4,2,0,0,3,1,1,0,2,0,1439,7,76,1
2,0,0,1,4,0,0,0,0,0,192,4,38,0
0,0,0,0,0,0,1,0,0,0,879,4,34,0
0,0,0,0,2,0,1,0,0,0,398,2,32,0
2,0,0,0,6,1,0,0,0,0,926,7,34,0
2,2,1,1,5,3,0,0,0,0,1295,2,64,1
1,0,0,2,0,2,3,0,2,0,291,0,64,1
2,0,0,0,5,1,0,0,0,0,1050,3,37,0
0,0,0,0,5,0,1,0,0,0,247,5,39,0
1,0,0,0,1,0,0,0,0,0,128,1,5,0
1,1,2,1,2,0,4,1,1,1,1807,8,97,1
3,0,2,1,3,5,4,1,2,0,1253,6,78,1
0,0,0,0,1,0,1,0,0,0,475,0,16,0
0,0,0,0,1,0,0,0,0,0,469,0,7,0
1,1,2,2,1,1,0,1,1,0,337,7,67,1
1,1,0,1,1,6,4,0,0,0,734,6,52,1
1,0,0,0,1,1,0,0,0,0,291,0,3,0
2,2,2,2,5,2,5,0,1,0,129,4,64,1
0,0,0,0,1,1,0,0,0,0,122,1,16,0
4,1,1,0,3,1,1,0,2,2,620,4,71,1
0,0,0,0,0,0,1,0,0,0,665,0,14,0
0,0,0,0,0,0,1,0,0,0,588,0,22,0
0,0,0,0,0,0,1,0,0,0,377,0,3,0
1,0,0,0,0,1,0,0,0,0,579,1,25,0
0,0,1,0,4,6,4,0,0,2,905,0,85,1
0,0,0,0,3,0,1,0,0,0,330,5,33,0
0,0,0,2,2,0,0,0,0,0,960,4,35,0
2,0,1,1,5,2,1,0,0,0,704,3,44,0
0,0,0,0,0,1,0,0,0,0,322,0,25,0
5,2,1,2,6,0,4,0,1,2,1151,5,85,1
1,0,0,0,0,1,0,0,0,0,716,2,30,0
0,0,2,2,4,6,1,0,0,0,615,3,46,0
1,0,0,0,1,6,4,0,2,0,1186,6,56,1
6,1,1,1,6,4,2,0,0,0,119,8,94,1
1,0,0,0,0,1,1,0,0,0,518,0,2,0
2,0,0,0,6,5,2,1,1,0,255,8,57,1
1,0,0,0,0,1,1,0,0,0,216,0,24,0
0,0,0,0,1,0,1,0,0,0,401,0,5,0
0,0,0,0,3,1,0,0,0,0,920,6,35,0
0,0,2,0,4,5,5,0,0,1,594,4,80,1
5,2,1,0,1,0,2,1,0,2,593,7,77,1
0,0,0,1,2,1,1,0,0,0,202,2,41,0
1,1,0,2,5,0,0,0,1,2,504,7,84,1
2,2,0,2,1,2,0,0,0,0,1248,7,90,1
2,0,2,2,4,3,2,1,2,2,1579,4,95,1
0,0,0,0,1,0,0,0,0,0,263,1,17,0
0,0,0,0,5,1,0,0,0,0,992,8,39,0
4,1,0,1,5,1,5,1,1,1,1059,2,90,1
4,1,2,2,6,1,4,0,0,0,808,5,62,1
1,0,0,0,1,0,1,0,0,0,463,0,10,0
5,0,0,1,1,2,4,1,2,0,840,8,94,1
1,1,2,1,2,2,1,0,2,1,522,1,65,1
2,0,0,0,0,0,0,0,0,0,332,0,33,0
0,0,0,0,0,0,0,0,0,0,135,0,6,0
2,0,1,1,2,4,3,1,0,0,952,3,82,1
2,0,0,0,2,1,0,0,0,0,160,5,32,0
1,0,0,0,1,1,1,0,0,0,463,0,27,0
1,0,2,0,4,5,4,0,1,0,577,7,65,1
0,0,2,2,4,6,0,1,0,0,1092,1,83,1
1,0,0,0,2,1,1,0,0,0,245,8,39,0
1,0,0,2,6,1,0,0,0,0,879,8,39,0
1,0,0,0,1,4,1,0,0,0,1086,0,56,1
2,0,0,1,1,0,1,0,0,0,811,4,39,0
0,0,0,0,1,1,1,0,0,0,381,1,3,0
1,1,1,2,0,1,1,0,0,0,1139,1,78,1
2,2,1,2,4,5,0,1,2,0,290,4,64,1
2,0,0,0,4,0,1,0,0,0,330,7,30,0
2,2,0,2,4,2,5,1,1,0,1193,1,81,1
1,0,1,0,3,1,0,1,1,0,575,3,92,1
1,0,1,0,6,5,0,0,0,0,1066,0,44,0
1,0,0,0,1,1,1,0,0,0,295,1,21,0
4,0,1,0,6,5,2,1,1,2,326,8,80,1
1,0,0,0,1,0,0,0,0,0,484,0,7,0
3,1,1,0,4,5,2,0,2,1,317,0,79,1
1,1,1,1,5,3,2,1,1,1,1290,2,65,1
0,0,1,1,6,1,0,1,0,0,572,6,47,0
0,0,0,1,6,0,1,0,0,0,214,2,36,0
1,0,0,0,1,0,0,0,0,0,611,0,12,0
0,0,2,0,6,0,2,0,2,1,544,2,83,1
0,0,0,0,0,0,1,0,0,0,467,5,30,0
2,1,1,2,2,4,1,1,1,0,1104,3,63,1
0,0,0,1,0,4,0,0,0,0,405,0,41,0
1,0,0,0,1,0,0,0,0,0,802,0,21,0
2,0,0,0,5,1,1,0,0,0,586,3,34,0
1,0,2,2,6,6,1,1,0,0,435,1,46,0
2,1,0,2,6,3,1,1,1,0,1176,8,94,1
5,0,1,2,3,0,0,0,1,0,1294,1,77,1
3,1,0,0,6,1,0,1,2,0,1017,5,52,1
2,0,1,1,3,3,5,0,0,1,799,3,75,1
1,0,0,0,1,1,0,0,0,0,812,1,28,0
1,0,0,0,1,0,1,0,0,0,350,1,17,0
0,0,0,0,0,3,4,0,0,2,542,8,84,1
0,0,2,1,6,1,5,1,1,0,1374,2,74,1
0,0,0,0,1,0,1,0,0,0,245,1,9,0
4,2,1,1,1,2,5,0,0,1,1504,7,82,1
1,0,0,0,1,1,1,0,0,0,102,0,27,0
2,1,2,2,2,3,5,0,2,0,1425,6,79,1
6,2,0,1,6,3,1,0,2,1,1274,2,99,1
3,2,1,0,5,6,3,1,1,1,572,6,72,1
1,0,1,0,3,1,1,0,0,0,137,7,49,0
2,0,0,1,0,5,1,0,0,0,500,8,46,0
0,0,0,0,0,0,1,0,0,0,424,0,29,0
1,0,2,1,4,0,3,1,2,2,1444,8,69,1
5,2,2,1,0,4,1,1,1,2,240,6,92,1
2,0,0,2,5,0,1,0,0,0,449,2,54,1
2,1,1,1,0,5,3,1,0,1,1531,5,86,1
3,1,1,0,6,3,2,1,0,1,547,8,71,1
1,0,2,0,1,5,5,1,0,2,1283,1,67,1
1,0,0,0,0,1,1,0,0,0,360,1,23,0
3,1,0,1,1,6,2,1,0,0,1035,0,57,1
6,1,1,1,1,0,4,0,1,1,1836,6,92,1
2,0,2,1,3,5,4,1,1,0,1126,1,88,1
3,1,2,0,3,1,5,0,2,0,158,1,89,1
3,1,1,1,5,0,0,0,0,0,128,0,57,1
1,1,1,0,1,4,1,0,0,1,754,2,82,1
0,0,0,0,1,0,0,0,0,0,366,1,18,0
5,1,0,2,5,0,1,0,0,1,628,0,83,1
2,0,0,0,4,6,3,1,1,1,426,5,73,1
2,0,1,1,2,3,5,0,1,1,1332,5,88,1
0,0,0,0,1,0,1,0,0,0,289,1,3,0
0,0,0,0,0,0,1,0,0,0,301,0,19,0
0,0,0,0,4,4,2,1,1,0,180,0,51,1
0,0,0,1,0,0,2,1,2,0,220,7,53,1
0,0,0,0,0,1,1,0,0,0,534,0,12,0
3,0,2,1,4,0,0,0,0,0,391,7,49,0
4,0,1,0,5,4,5,1,1,0,255,8,61,1
4,1,0,2,6,2,1,1,2,0,570,7,88,1
6,1,0,0,4,0,0,1,0,1,1467,3,93,1
1,0,0,0,1,1,0,0,0,0,108,1,21,0
1,0,0,0,0,5,5,1,1,2,868,2,98,1
5,0,0,1,4,3,4,0,2,0,711,2,89,1
0,0,0,0,1,1,1,0,0,0,506,1,11,0
1,0,0,0,5,2,0,0,0,0,825,4,40,0
1,0,0,0,1,0,1,0,0,0,294,0,13,0
1,0,0,0,0,0,0,0,0,0,695,1,22,0
1,1,1,2,5,3,0,1,1,0,567,5,73,1
5,0,2,0,0,6,2,1,2,1,353,7,81,1
1,0,0,0,0,1,0,0,0,0,500,1,19,0
1,0,0,0,6,1,1,0,0,0,497,0,42,0
0,0,0,2,5,6,4,0,0,2,1132,3,85,1
0,0,0,0,0,0,0,0,0,0,205,1,5,0
1,0,0,0,1,0,0,0,0,0,431,1,3,0
1,0,0,0,0,1,0,0,0,0,117,1,2,0
1,0,0,0,0,1,1,0,0,0,226,0,17,0
2,0,2,1,5,5,1,1,1,2,885,7,73,1
5,0,0,1,6,0,5,0,1,2,970,3,79,1
5,1,2,1,6,3,2,1,2,0,372,8,93,1
1,0,0,0,1,1,0,0,0,0,552,0,7,0
0,0,0,0,1,0,0,0,0,0,507,0,13,0
1,0,1,1,5,4,1,0,0,0,1008,1,42,0
1,0,0,0,0,0,0,0,0,0,722,0,27,0
4,2,2,0,0,2,1,0,2,2,1472,5,80,1
1,1,1,2,3,2,5,1,1,1,188,8,80,1
1,0,1,2,4,2,0,0,0,0,496,0,41,0
0,0,0,2,6,1,1,0,0,0,736,8,39,0
1,0,0,0,3,0,0,0,0,0,907,6,38,0
0,0,2,1,0,2,5,0,0,2,1178,0,74,1
0,0,0,0,1,1,1,0,0,0,298,0,23,0
4,0,1,0,0,1,4,0,0,0,893,7,68,1
0,0,0,2,3,4,1,1,0,0,1207,4,57,1
0,0,0,0,1,0,0,0,0,0,246,1,12,0
0,0,0,0,0,1,1,0,0,0,889,0,28,0
0,0,0,1,1,1,1,0,0,0,281,2,38,0
0,0,0,0,0,0,1,0,0,0,408,1,12,0
2,0,0,2,6,1,0,0,0,0,249,4,39,0
3,2,0,0,5,5,0,1,2,0,1902,0,96,1
0,0,1,1,5,4,5,1,0,0,130,5,63,1
1,0,0,0,1,0,1,0,0,0,294,1,12,0
0,0,0,0,1,0,0,0,0,0,750,0,22,0
2,0,1,1,0,0,1,0,1,2,801,6,86,1
5,0,2,1,1,3,0,1,1,1,1787,0,90,1
0,0,0,0,0,1,0,0,0,0,184,0,10,0
3,2,1,1,3,3,2,1,1,1,1349,8,67,1
5,0,1,0,1,6,1,0,2,1,1170,1,98,1
2,0,0,2,4,5,4,0,2,0,1175,7,52,1
0,0,0,0,1,1,0,0,0,0,363,1,4,0
0,0,0,0,1,0,0,0,0,0,236,1,7,0
1,0,1,2,6,3,2,0,1,0,159,8,59,1
1,0,0,1,5,1,4,1,2,1,1383,4,66,1
5,1,2,1,1,1,1,1,0,1,1311,2,91,1
1,0,0,0,1,2,0,1,0,2,925,4,77,1
0,0,1,2,6,1,3,1,1,0,155,5,51,1
5,1,2,1,5,4,1,1,0,1,1608,1,92,1
1,0,0,0,0,0,0,0,0,0,447,0,25,0
1,0,0,0,1,0,0,0,0,0,713,1,23,0
1,0,0,0,3,0,1,0,0,0,850,4,34,0
1,0,0,0,0,1,0,0,0,0,247,0,7,0
5,1,1,1,1,3,0,1,0,1,927,4,88,1
0,0,0,0,5,0,1,0,0,0,264,4,31,0
3,1,2,0,2,6,5,0,0,0,546,7,59,1
4,0,1,1,3,3,3,0,1,1,1590,7,96,1
1,1,2,0,2,1,3,1,2,0,460,8,100,1
3,2,1,0,1,6,5,0,1,0,426,4,85,1
4,2,2,1,3,4,4,1,2,2,250,4,91,1
0,0,2,2,0,1,3,1,1,0,1581,0,88,1
0,0,0,2,3,1,0,0,0,0,246,5,37,0
3,2,1,2,0,0,3,0,1,1,252,6,66,1
1,0,2,0,5,6,1,0,0,0,749,1,44,0
0,0,0,0,1,1,0,0,0,0,463,0,23,0
0,0,2,1,6,2,3,1,0,0,332,6,64,1
3,0,0,2,1,5,1,0,1,0,1106,0,74,1
2,0,2,2,0,1,3,1,1,0,381,3,51,1
1,0,0,1,5,0,0,0,0,0,702,0,41,0
1,0,0,2,6,1,0,0,0,0,824,8,39,0
2,0,0,1,6,6,0,1,0,0,180,0,45,0
1,0,0,0,5,0,1,0,0,0,758,6,35,0
3,0,1,2,4,0,4,1,2,0,1413,4,97,1
0,0,0,0,1,0,0,0,0,0,258,1,27,0
0,0,0,0,3,4,5,1,1,0,188,2,62,1
4,2,2,0,4,6,0,1,2,2,1341,6,68,1
1,0,2,2,5,6,0,0,0,0,1087,8,44,0
1,0,0,0,1,0,1,0,0,0,188,0,14,0
0,0,2,0,1,3,1,0,0,0,880,4,40,0
2,0,0,0,2,1,1,0,0,0,334,0,36,0
1,0,0,0,0,1,1,0,0,0,660,1,29,0
1,0,1,2,6,0,0,0,0,0,773,5,43,0
0,0,0,2,3,2,5,0,1,0,998,8,51,1
3,1,0,2,0,3,4,0,2,0,1375,6,63,1
1,0,0,0,1,0,0,0,0,0,563,1,12,0
0,0,1,2,3,5,5,0,1,0,125,1,69,1
4,1,2,2,2,3,2,0,0,1,698,5,75,1
3,1,2,2,5,4,4,1,0,2,967,8,83,1
1,0,0,0,5,0,1,0,0,0,1003,8,37,0
0,0,0,1,2,1,1,0,0,0,455,7,35,0
0,0,0,0,1,1,1,0,0,0,691,1,25,0
1,0,1,1,0,1,5,0,0,2,564,2,82,1
3,1,0,2,0,3,5,1,2,1,522,7,100,1
3,2,2,1,2,4,3,1,1,0,323,8,50,1
1,0,0,0,1,0,1,0,0,0,139,1,10,0
1,0,0,0,1,0,0,0,0,0,597,1,13,0
1,1,1,0,3,0,1,0,0,0,307,6,53,1
6,0,1,2,3,4,3,1,0,1,1714,8,100,1
1,0,0,0,3,1,3,0,0,2,945,8,89,1
1,0,0,0,0,1,0,0,0,0,229,0,22,0
1,0,0,0,1,1,0,0,0,0,316,1,5,0
1,0,0,0,1,0,1,0,0,0,579,0,15,0
0,0,0,0,0,1,1,0,0,0,399,0,9,0
3,1,1,0,3,5,0,1,0,0,983,6,100,1
0,0,2,1,1,0,0,0,0,0,633,5,44,0
3,0,2,2,4,3,1,0,0,0,407,2,47,0
0,0,0,0,0,1,1,0,0,0,738,1,16,0
3,1,2,0,2,2,1,0,0,2,1448,0,82,1
1,0,0,0,0,0,1,0,0,0,851,1,26,0
0,0,0,0,1,0,1,0,0,0,539,1,22,0
3,2,0,2,6,5,5,0,1,2,894,2,67,1
0,0,0,0,1,1,0,0,0,0,250,0,15,0
1,0,0,0,1,1,0,0,0,0,551,1,5,0
0,0,2,2,5,5,0,1,0,0,950,5,46,0
0,0,1,1,5,1,1,0,0,2,870,1,69,1
0,0,0,0,6,0,5,1,0,2,880,3,87,1
4,1,1,2,1,2,4,0,2,1,912,0,77,1
5,2,0,1,5,3,2,0,2,1,1260,4,96,1
1,0,0,0,1,1,0,0,0,0,786,1,26,0
3,0,1,1,0,6,1,0,0,0,279,3,47,0
0,0,0,0,0,1,0,0,0,0,217,1,21,0
0,0,0,0,1,6,0,1,0,0,795,8,49,0
0,0,0,1,5,3,5,0,2,1,1449,1,90,1
0,0,2,2,1,5,0,0,1,1,1383,8,93,1
1,0,0,0,1,0,0,0,0,0,348,0,11,0
0,0,0,0,6,0,0,0,0,0,674,5,34,0
0,0,0,1,1,0,0,1,1,1,941,7,74,1
0,0,0,0,1,0,0,0,0,0,622,1,23,0
2,0,0,2,1,6,1,0,0,0,355,0,42,0
1,0,0,0,0,0,0,0,0,0,370,0,12,0
2,1,1,0,5,5,3,1,0,1,1274,2,88,1
1,0,0,2,3,6,3,1,2,1,234,8,88,1
0,0,0,0,1,1,0,0,0,0,401,0,24,0
0,0,0,0,0,1,0,0,0,0,386,1,22,0
0,0,1,0,4,1,0,0,0,0,947,1,48,0
0,0,0,0,2,1,4,1,1,0,501,2,57,1
0,0,0,0,0,1,1,0,0,0,160,3,33,0
2,2,1,2,1,2,3,0,1,0,482,7,55,1
5,2,0,2,0,5,2,1,2,2,1625,8,83,1
6,0,0,2,3,1,0,0,1,0,470,6,96,1
0,0,1,0,3,5,3,0,1,0,409,2,92,1
2,0,0,0,3,1,0,0,2,0,127,8,93,1
0,0,0,0,0,0,1,0,0,0,826,0,26,0
0,0,2,1,6,0,2,0,0,2,240,8,81,1
1,0,0,1,6,1,0,0,2,1,392,8,76,1
3,0,2,1,3,0,1,0,1,0,575,8,66,1
3,2,0,2,4,0,0,1,2,0,1039,6,60,1
0,0,0,2,3,1,0,0,0,0,720,7,36,0
2,0,1,0,6,6,4,0,0,2,760,4,67,1
0,0,0,0,0,1,1,0,0,0,356,1,8,0
0,0,1,1,1,5,1,0,1,1,184,2,89,1
2,0,1,0,0,4,0,0,0,0,1008,1,47,0
1,0,0,0,1,1,0,0,0,0,141,1,0,0
5,2,2,1,2,5,3,0,2,2,1018,2,77,1
1,0,1,1,3,2,0,0,0,0,342,7,43,0
1,1,0,0,2,3,4,0,2,0,329,0,55,1
0,0,0,0,4,4,4,1,1,1,963,3,84,1
1,0,0,0,0,1,0,0,0,0,497,1,11,0
0,0,1,0,5,2,2,1,0,2,1515,6,78,1
2,0,0,0,1,0,1,0,0,0,811,6,36,0
0,0,0,0,0,1,1,0,0,0,400,0,8,0
0,0,1,1,6,3,0,0,0,0,713,3,40,0
1,0,0,0,1,1,0,0,0,0,452,0,7,0
4,1,1,0,2,4,5,0,0,2,659,3,98,1
2,0,2,2,6,2,0,0,0,0,582,3,42,0
0,0,0,0,1,1,1,0,0,0,301,0,28,0
0,0,0,0,2,1,0,0,0,0,459,5,31,0
1,0,0,0,1,0,1,0,0,0,584,1,15,0
0,0,0,0,1,0,1,0,0,0,223,1,20,0
1,0,0,0,0,1,1,0,0,0,423,1,18,0
1,0,0,1,5,0,0,0,0,0,633,4,36,0
0,0,0,0,1,1,1,0,0,0,406,1,2,0
2,0,0,1,5,1,1,0,0,0,100,6,38,0
2,0,1,0,1,4,1,1,2,0,575,0,50,1
4,0,0,0,5,5,4,1,0,0,1432,3,80,1
4,2,0,2,0,1,0,0,1,1,1384,5,72,1
1,0,2,1,5,0,3,0,0,0,1216,6,57,1
0,0,0,0,0,1,1,0,0,0,160,1,8,0
2,2,0,1,5,0,4,1,0,1,1419,7,75,1
1,1,0,0,6,0,4,1,2,0,1042,4,62,1
1,0,0,0,0,0,0,0,0,0,420,1,8,0
1,0,1,1,6,6,5,0,0,0,556,5,52,1
0,0,0,0,1,0,0,0,0,0,220,0,18,0
4,0,0,0,6,5,2,0,0,0,1028,1,68,1
0,0,2,2,0,2,3,1,2,0,1550,5,78,1
1,0,0,0,0,4,1,1,0,0,1022,6,48,0
4,1,2,1,1,2,5,1,1,1,1136,2,65,1
2,1,1,0,6,6,3,0,0,0,120,0,78,1
0,0,0,0,1,1,0,0,0,0,490,1,28,0
0,0,0,0,1,0,1,0,0,0,353,0,19,0
0,0,0,0,0,1,0,0,0,0,103,0,15,0
0,0,0,0,1,0,0,0,0,0,599,0,11,0
3,2,2,1,0,2,3,1,1,1,1433,3,68,1
0,0,0,2,2,6,5,0,2,0,1072,3,57,1
3,2,1,0,2,1,2,0,1,1,1619,4,97,1
1,0,0,2,4,5,2,1,1,0,892,0,54,1
1,0,0,0,1,0,0,0,0,0,430,0,7,0
0,0,2,0,2,4,0,1,0,0,307,4,48,0
1,0,0,0,1,0,0,0,0,0,418,1,12,0
1,0,0,2,2,3,1,0,0,0,654,4,42,0
2,1,2,2,4,6,3,1,1,1,977,1,76,1
0,0,0,0,1,0,0,0,0,0,183,1,20,0
0,0,0,0,0,1,0,0,0,0,744,0,17,0
0,0,1,1,1,4,1,0,0,0,147,1,45,0
0,0,0,0,1,0,0,0,0,0,143,1,18,0
1,0,0,0,0,0,0,0,0,0,630,0,28,0
0,0,0,2,4,1,1,0,0,0,566,8,38,0
1,1,0,2,5,1,3,0,0,0,180,7,60,1
1,0,0,0,1,0,0,0,0,0,499,0,28,0
3,1,1,2,3,4,4,1,0,0,844,2,64,1
2,0,1,0,6,2,1,0,0,0,750,5,41,0
1,0,0,0,1,0,1,0,0,0,354,1,15,0
1,0,0,0,0,1,0,0,0,0,555,1,6,0
0,0,0,0,4,1,1,0,0,0,848,0,30,0
2,2,0,1,2,5,1,1,2,0,202,6,54,1
1,0,1,1,5,3,4,0,0,1,828,0,74,1
4,0,1,0,4,2,4,1,1,1,811,0,67,1
2,2,2,2,1,4,3,1,0,1,194,4,80,1
3,2,2,0,4,4,2,1,2,0,582,5,60,1
1,0,0,0,0,0,1,0,0,0,257,0,6,0
1,0,0,0,1,1,1,0,0,0,749,1,23,0
0,0,1,0,4,2,0,0,2,0,976,3,86,1
1,0,1,0,1,0,0,0,0,0,650,5,48,0
2,0,0,2,0,1,1,0,0,0,126,6,38,0
1,0,1,2,4,1,0,1,0,0,941,6,46,0
1,0,0,0,0,1,1,0,0,0,155,1,25,0
2,1,1,0,6,5,4,0,1,1,789,4,95,1
1,0,0,0,0,0,0,0,0,0,182,0,24,0
0,0,0,0,0,0,0,0,0,0,220,0,9,0
1,0,0,0,1,0,0,0,0,0,134,1,27,0
3,2,2,2,0,6,4,1,2,1,122,6,94,1
3,0,2,2,4,2,0,0,0,0,281,6,49,0
0,0,2,2,1,1,0,0,0,0,779,2,41,0
1,1,2,2,0,0,2,0,1,0,724,3,62,1
1,1,1,2,4,4,4,1,1,2,602,8,76,1
0,0,0,2,2,0,1,0,0,0,282,5,36,0
4,0,0,1,6,1,5,1,2,1,1269,6,92,1
0,0,0,0,0,0,0,0,0,0,330,0,19,0
0,0,0,0,0,0,1,0,0,0,772,1,20,0
0,0,0,0,1,0,1,0,0,0,265,1,7,0
2,0,0,1,0,5,0,1,0,0,871,1,46,0
0,0,0,1,6,1,0,0,0,0,402,4,38,0
1,0,0,0,1,1,0,0,0,0,363,0,29,0
0,0,0,0,0,0,0,0,0,0,502,1,11,0
0,0,1,2,4,3,2,1,1,1,386,5,79,1
1,0,0,0,1,0,0,0,0,0,553,1,19,0
4,0,0,1,6,1,3,0,1,1,804,6,96,1
0,0,0,0,1,0,1,0,0,0,296,1,28,0
4,2,0,2,0,0,0,0,0,1,462,0,69,1
0,0,0,0,1,1,1,0,0,0,128,1,9,0
1,1,2,2,2,6,3,1,1,0,710,1,50,1
0,0,0,0,1,1,0,0,0,0,195,1,12,0
1,1,1,2,1,0,5,1,0,2,1618,4,94,1
4,2,2,2,0,1,3,1,0,0,994,1,60,1
3,2,1,2,5,6,4,0,2,0,886,3,80,1
4,2,0,1,4,2,0,1,1,2,1716,5,88,1
1,0,0,0,0,0,0,0,0,0,123,1,0,0
0,0,0,0,0,1,0,0,0,0,566,1,5,0
1,1,0,1,4,3,5,0,1,1,726,6,95,1
1,0,0,0,1,1,1,0,0,0,363,1,26,0
2,0,0,0,0,0,0,0,0,0,244,5,43,0
0,0,0,0,0,0,1,0,0,0,698,1,16,0
4,0,0,0,3,6,5,1,1,0,1140,8,69,1
0,0,0,0,0,0,1,0,0,0,203,0,22,0
2,0,0,0,4,1,0,0,0,0,276,5,31,0
2,2,2,1,2,3,0,0,0,1,923,8,92,1
0,0,0,2,1,6,1,1,1,0,1084,3,84,1
0,0,0,0,1,0,1,0,0,0,192,0,7,0
2,1,1,2,2,5,2,1,2,0,350,7,56,1
1,0,0,0,3,2,5,1,2,1,903,5,97,1
0,0,2,2,0,3,3,1,1,0,290,7,57,1
1,0,0,0,1,0,0,0,0,0,321,1,18,0
0,0,0,0,1,0,1,0,0,0,580,1,6,0
0,0,0,0,0,1,1,0,0,0,305,0,20,0
3,2,1,0,3,2,2,0,2,2,131,5,72,1
0,0,0,0,0,1,0,0,0,0,630,0,34,0
5,2,1,0,0,6,3,1,2,0,1525,0,85,1
4,1,2,2,6,4,3,1,2,2,1524,1,80,1
0,0,0,0,0,1,0,0,0,0,779,1,28,0
0,0,1,1,5,4,5,0,1,1,237,6,66,1
1,0,1,0,5,4,1,0,0,0,540,7,41,0
4,1,0,2,3,4,1,0,0,2,852,2,69,1
4,1,1,2,2,6,0,0,1,1,1532,1,83,1
2,0,1,2,6,4,4,1,0,0,1212,8,85,1
0,0,1,2,6,6,3,1,0,1,1147,0,82,1
2,0,2,1,4,3,3,1,1,1,1449,1,71,1
3,2,1,1,0,1,1,0,0,2,688,2,89,1
3,2,0,2,5,6,5,1,2,2,804,7,87,1
0,0,0,0,1,1,0,0,0,0,146,0,12,0
2,1,0,2,1,1,5,1,2,0,227,2,54,1
1,0,0,0,0,0,0,0,0,0,650,0,28,0
2,0,0,1,3,0,1,0,0,0,102,6,37,0
1,1,0,2,1,1,2,1,0,1,972,2,89,1
0,0,0,0,1,0,0,0,0,0,555,0,15,0
1,0,1,1,3,2,2,0,1,0,1282,7,56,1
0,0,0,0,0,1,1,0,0,0,782,0,27,0
2,1,2,0,4,6,5,0,0,0,920,8,60,1
1,0,0,0,0,1,0,0,0,0,384,1,17,0
1,1,0,1,5,4,0,0,1,0,534,7,62,1
4,2,0,0,2,6,3,0,0,0,1518,8,88,1
4,2,0,0,4,3,4,1,0,2,1001,7,68,1
0,0,0,0,1,0,1,0,0,0,451,0,4,0
1,0,0,0,1,0,0,0,0,0,229,3,34,0
0,0,0,0,0,0,1,0,0,0,583,1,18,0
0,0,0,0,0,1,1,0,0,0,175,1,4,0
0,0,0,0,0,0,0,0,0,0,221,1,3,0
0,0,0,0,1,0,1,0,0,0,654,0,24,0
1,0,0,0,1,1,0,0,0,0,504,0,5,0
2,2,2,2,6,5,3,1,2,0,298,7,63,1
2,0,0,2,5,1,1,0,0,0,771,7,35,0
2,0,0,0,1,0,0,0,0,0,275,8,33,0
2,0,1,0,2,3,2,1,0,0,1094,4,51,1
1,0,0,0,1,1,0,0,0,0,517,1,17,0
0,0,0,0,1,1,0,0,0,0,185,0,10,0
0,0,0,2,2,5,0,0,0,0,938,0,55,1
3,0,2,0,0,4,3,0,1,0,470,1,58,1
2,0,1,0,5,0,0,0,0,0,877,3,48,0
1,0,0,0,0,0,0,0,0,0,387,1,8,0
0,0,0,0,1,1,0,0,0,0,780,1,27,0
3,1,0,2,6,3,5,0,2,0,1106,2,55,1
2,1,0,1,5,1,0,1,0,1,197,4,98,1
1,0,0,0,1,0,0,0,0,0,553,4,34,0
2,0,0,1,3,0,0,0,0,0,783,6,36,0
3,0,1,2,1,6,5,0,1,0,287,1,87,1
0,0,0,1,5,0,0,0,0,0,547,6,35,0
2,0,0,0,6,0,1,0,0,0,158,3,39,0
1,1,0,1,0,6,5,0,2,1,392,4,66,1
0,0,2,1,5,5,4,0,0,0,361,5,62,1
3,0,1,2,2,0,0,1,2,2,1270,5,88,1
1,0,0,0,0,1,0,0,0,0,752,1,20,0
6,2,2,2,2,3,2,1,1,0,1336,7,100,1
0,0,0,0,0,0,0,0,0,0,494,0,10,0
1,0,0,0,3,1,1,0,0,0,734,4,30,0
3,1,1,1,2,3,2,1,2,1,1115,6,76,1
3,1,2,2,0,1,2,0,1,0,670,0,50,1
0,0,0,0,1,0,0,0,0,0,213,1,27,0
2,2,1,0,5,1,5,1,2,1,1515,2,89,1
1,0,0,0,1,0,0,0,0,0,116,1,15,0
4,0,1,2,0,6,0,1,2,0,1365,8,73,1
1,0,0,0,1,0,1,0,0,0,509,0,24,0
2,0,2,0,4,1,1,0,0,0,522,5,41,0
1,0,0,0,0,0,1,0,0,0,569,0,26,0
2,0,0,2,0,3,2,0,2,1,220,3,97,1
1,0,1,0,1,3,1,0,0,0,138,2,41,0
5,2,1,0,5,1,5,0,2,2,1248,5,92,1
2,0,0,0,1,6,5,0,1,1,1274,5,74,1
4,2,1,2,6,1,2,0,2,2,999,1,73,1
3,1,1,0,3,6,0,0,2,0,276,1,55,1
3,0,0,0,4,0,5,0,0,2,827,3,82,1
1,1,0,1,2,6,5,0,1,2,419,1,68,1
3,1,0,1,6,6,4,0,0,0,702,6,83,1
3,0,1,0,0,3,1,1,0,0,350,5,70,1
1,0,0,0,1,0,0,0,0,0,471,1,26,0
4,2,1,1,1,0,1,0,0,0,515,1,80,1
6,0,1,0,2,5,5,1,1,2,895,2,92,1
0,0,2,1,1,0,2,0,2,1,628,0,77,1
3,0,0,1,3,5,0,0,0,1,1571,8,97,1
2,0,0,2,2,1,1,0,0,0,481,3,35,0
1,1,0,0,3,2,4,0,0,2,486,5,79,1
0,0,0,0,5,0,1,0,0,0,736,4,30,0
1,0,0,0,1,0,0,0,0,0,103,1,8,0
2,1,1,2,1,2,2,1,2,2,588,8,84,1
3,0,0,0,5,2,4,1,2,0,104,5,54,1
1,0,0,0,0,0,0,0,0,0,346,0,0,0
2,2,2,2,2,3,1,1,1,1,1005,3,72,1
0,0,0,0,1,0,1,0,0,0,352,0,12,0
4,1,1,1,3,0,0,0,0,0,688,3,69,1
2,2,2,0,4,1,4,1,0,1,448,8,90,1
6,0,2,2,0,6,2,1,1,2,1379,6,95,1
1,0,0,0,0,0,1,0,0,0,244,1,1,0
3,0,1,1,4,0,1,0,1,0,1123,8,58,1
0,0,0,0,1,1,0,0,0,0,337,1,20,0
0,0,2,2,2,1,4,0,2,0,1464,6,99,1
1,0,0,0,0,1,0,0,0,0,377,0,3,0
0,0,0,0,0,1,1,0,0,0,815,1,29,0
1,0,0,1,6,1,1,0,0,0,833,0,35,0
0,0,0,0,1,1,1,0,0,0,696,0,24,0
4,2,1,2,0,6,5,0,2,0,944,4,60,1
1,0,2,0,3,3,0,0,0,0,679,5,41,0
0,0,2,2,4,2,0,0,1,1,735,7,77,1
1,0,0,2,4,2,2,0,2,0,338,4,60,1
0,0,0,0,5,4,3,0,1,0,393,5,57,1
4,0,2,2,4,2,5,1,2,0,1005,1,65,1
4,0,1,1,2,4,0,0,2,2,1257,5,81,1
0,0,0,0,0,1,1,0,0,0,415,1,14,0
3,0,2,2,1,3,1,0,0,0,1131,3,47,0
6,1,0,1,3,0,5,0,0,1,1663,1,100,1
5,0,1,0,3,6,4,0,0,2,381,0,83,1
1,0,0,0,0,0,1,0,0,0,734,1,28,0
1,0,0,0,0,1,1,0,0,0,253,1,10,0
1,0,0,0,1,1,0,0,0,0,219,1,4,0
0,0,1,0,6,1,4,0,2,1,1088,0,76,1
1,0,0,0,1,1,1,0,0,0,421,1,23,0
0,0,0,0,0,1,1,0,0,0,614,1,17,0
0,0,0,0,0,1,1,0,0,0,344,0,22,0
2,2,2,0,3,0,5,1,2,0,399,3,83,1
0,0,0,0,0,1,0,0,0,0,411,1,6,0
3,0,1,0,1,4,1,0,0,0,904,6,45,0
0,0,0,0,1,1,1,0,0,0,376,1,16,0
1,0,0,0,1,1,0,0,0,0,342,0,26,0
1,0,0,0,1,0,1,0,0,0,783,0,27,0
1,0,0,0,1,0,1,0,0,0,441,1,16,0
1,0,0,0,0,0,1,0,0,0,269,1,2,0
0,0,0,0,1,1,0,0,0,0,556,0,23,0
2,1,0,0,1,2,0,0,1,0,1248,8,59,1
1,0,0,0,0,0,1,0,0,0,190,1,22,0
1,0,0,0,1,1,1,0,0,0,115,0,11,0
3,0,1,1,5,2,0,1,2,0,1410,2,77,1
2,0,1,1,0,0,2,1,2,1,473,4,87,1
0,0,1,2,6,5,5,0,0,0,841,8,80,1
0,0,0,0,0,0,0,0,0,0,459,0,8,0
0,0,0,0,1,1,0,0,0,0,460,0,14,0
0,0,0,0,1,1,0,0,0,0,663,1,18,0
1,0,0,0,0,0,1,0,0,0,539,1,3,0
3,0,0,2,6,4,0,1,0,0,120,6,49,0
1,0,0,0,0,1,1,0,0,0,114,1,6,0
0,0,0,0,0,0,1,0,0,0,122,0,12,0
2,2,1,0,3,4,0,1,0,2,1257,3,84,1
0,0,0,1,1,5,0,0,0,0,984,4,41,0
0,0,2,1,1,1,2,0,0,0,608,4,55,1
1,0,0,0,0,0,1,0,0,0,236,1,10,0
1,0,1,2,1,3,0,0,0,0,939,8,47,0
2,1,0,2,3,4,2,1,1,2,1388,4,69,1
0,0,0,2,2,3,4,1,1,0,1257,1,56,1
0,0,0,0,1,1,1,0,0,0,731,0,23,0
1,0,0,0,1,1,1,0,0,0,357,1,0,0
2,0,0,0,5,0,0,0,0,0,928,3,32,0
1,0,0,0,1,0,1,0,0,0,435,1,7,0
2,0,0,2,5,1,1,0,0,0,126,1,42,0
0,0,0,0,1,1,0,0,0,0,132,0,9,0
4,2,2,2,0,5,5,0,1,2,212,1,100,1
0,0,0,0,1,1,0,0,0,0,620,1,14,0
2,0,0,1,2,1,0,0,0,0,893,2,35,0
1,0,1,0,0,6,0,0,0,0,779,1,44,0
0,0,0,0,1,1,0,0,0,0,511,1,11,0
4,2,0,0,3,2,2,0,1,1,453,0,96,1
0,0,0,0,1,1,1,0,0,0,481,0,0,0
0,0,0,1,3,0,0,0,0,0,283,8,39,0
2,0,1,2,5,5,0,0,0,0,671,3,47,0
2,0,2,2,0,5,0,1,0,0,511,2,45,0
3,2,0,2,5,4,5,0,0,0,1016,7,59,1
1,0,0,0,6,1,2,0,1,0,752,3,57,1
1,0,0,0,1,0,1,0,0,0,783,0,26,0
2,2,1,0,5,0,3,1,1,1,375,3,80,1
3,2,2,2,0,0,4,0,0,2,196,7,75,1
0,0,1,2,6,4,1,1,0,0,1196,7,48,0
0,0,0,1,1,5,3,1,1,2,1566,6,98,1
1,0,1,1,4,3,3,0,1,0,115,2,61,1
3,0,1,0,1,4,0,1,1,0,419,1,70,1
3,0,2,1,5,3,4,0,1,0,568,4,51,1
0,0,0,0,1,0,1,0,0,0,655,1,21,0
5,1,1,1,6,0,5,1,2,2,1276,5,94,1
4,2,0,0,0,4,0,0,0,0,164,4,64,1
0,0,0,0,3,1,0,0,0,0,406,8,38,0
2,1,1,1,5,0,2,1,1,0,628,0,99,1
2,2,2,1,0,3,1,0,1,2,1451,6,99,1
6,1,0,1,0,0,0,0,0,1,1300,0,98,1
1,0,0,0,2,0,0,0,0,0,235,0,32,0
3,0,1,2,6,4,0,1,1,0,113,2,54,1
4,2,2,0,5,3,0,0,1,0,664,2,92,1
1,0,0,0,1,0,0,0,0,0,592,1,7,0
1,0,1,2,3,6,3,1,0,0,671,5,59,1
3,0,0,2,2,5,0,0,2,1,1237,5,66,1
2,2,0,2,2,5,3,1,0,1,1936,7,97,1
6,2,0,0,1,3,0,1,0,1,289,7,100,1
1,0,0,0,1,0,1,0,0,0,617,0,15,0
5,2,1,0,0,0,3,1,2,2,745,4,89,1
0,0,0,0,5,2,4,0,2,0,1298,6,59,1
1,0,0,0,0,0,0,0,0,0,136,1,26,0
1,1,0,1,5,3,4,0,2,1,603,3,87,1
1,0,0,0,0,1,1,0,0,0,184,1,0,0
1,0,0,0,1,1,0,0,0,0,114,0,0,0
1,0,0,0,0,1,0,0,0,0,505,1,4,0
0,0,0,0,0,1,1,0,0,0,297,1,11,0
0,0,1,1,0,5,0,0,0,0,1082,8,49,0
0,0,0,1,2,6,0,1,0,0,253,2,46,0
0,0,1,0,6,5,1,0,0,0,299,8,43,0
5,0,0,1,0,2,5,0,0,0,265,3,77,1
1,0,0,0,0,0,0,0,0,0,799,1,27,0
0,0,0,0,0,1,1,0,0,0,336,0,4,0
3,1,1,2,5,5,5,1,2,0,310,0,59,1
4,1,1,0,0,3,1,1,2,1,112,3,70,1
3,1,2,1,5,0,1,0,0,0,1314,8,63,1
2,0,0,0,2,1,0,0,0,0,831,2,32,0
2,0,1,2,5,2,0,0,0,0,1143,5,47,0
1,0,0,0,0,0,1,0,0,0,307,0,9,0
1,0,2,1,6,0,0,0,0,0,532,3,44,0
1,0,1,1,0,6,5,0,0,0,353,3,83,1
1,0,2,1,3,5,5,0,2,0,469,1,63,1
1,0,0,0,0,0,0,0,0,0,220,0,27,0
0,0,0,0,0,0,1,0,0,0,683,0,13,0
0,0,0,0,0,0,0,0,0,0,628,0,28,0
5,2,2,1,6,0,1,0,2,0,1250,6,80,1
5,2,2,2,0,4,0,1,0,0,1665,5,84,1
4,1,0,2,1,2,4,0,1,2,1174,7,82,1
4,1,2,0,3,3,4,1,2,0,205,2,62,1
1,0,0,1,2,1,0,0,0,0,304,5,35,0
4,2,2,2,3,2,4,1,0,2,1585,2,73,1
3,0,0,2,0,6,3,1,1,0,1730,2,87,1
2,2,2,2,0,0,2,1,1,2,1280,8,81,1
6,0,1,0,5,5,4,0,1,2,902,5,99,1
4,1,1,2,4,5,0,1,0,0,1809,4,97,1
2,1,1,1,1,3,3,0,2,0,953,3,68,1
1,0,0,0,1,1,0,0,0,0,618,0,27,0
1,0,0,0,1,1,1,0,0,0,188,1,9,0
2,0,0,1,3,1,1,0,0,0,1056,0,39,0
4,2,1,1,0,0,3,0,1,0,296,4,67,1
0,0,0,0,0,0,1,0,0,0,401,1,1,0
1,0,0,0,1,1,1,0,0,0,188,0,1,0
4,1,0,2,5,2,2,0,1,0,1742,4,97,1
4,1,2,2,5,5,5,1,2,0,1191,1,68,1
2,1,1,2,2,3,3,0,1,0,1434,3,63,1
0,0,2,2,5,3,1,0,0,0,968,5,55,1
5,0,1,1,2,3,3,1,0,0,709,0,78,1
3,0,1,1,2,6,0,0,2,2,508,3,72,1
1,0,0,0,0,0,1,0,0,0,842,0,24,0
3,2,1,2,3,5,1,0,2,2,829,3,87,1
2,0,0,1,0,6,5,0,0,1,1626,8,95,1
0,0,1,0,1,1,0,0,0,0,147,7,40,0
4,2,2,1,3,3,4,1,1,0,165,5,89,1
0,0,0,0,5,0,0,0,0,0,630,6,37,0
1,1,0,1,1,5,2,0,0,0,1143,8,50,1
1,0,0,0,1,1,1,0,0,0,210,0,11,0
1,1,0,2,2,6,5,0,0,0,325,4,64,1
1,0,1,1,5,1,2,0,2,1,985,3,67,1
3,0,2,0,4,6,1,0,0,0,749,4,47,0
1,1,1,1,3,0,2,1,0,0,1018,4,60,1
5,1,2,0,0,5,5,0,1,0,362,3,86,1
1,0,0,0,1,0,0,0,0,0,841,0,24,0
1,0,1,0,6,1,1,0,0,0,602,7,42,0
0,0,2,0,2,6,5,1,2,0,1192,6,57,1
0,0,0,0,1,1,0,0,0,0,254,0,10,0
0,0,1,0,1,4,1,1,0,0,756,5,47,0
2,0,0,0,4,1,0,0,0,0,963,0,33,0
0,0,0,0,6,0,1,0,0,0,704,8,36,0
2,1,1,2,0,0,5,1,2,1,1450,6,66,1
3,2,0,2,4,5,1,1,2,2,498,6,87,1
5,0,2,1,4,4,4,0,2,2,1097,8,81,1
5,0,0,1,5,5,4,0,2,0,1165,1,76,1
0,0,0,0,0,1,0,0,0,0,243,0,1,0
1,0,2,1,6,5,1,1,1,0,909,7,64,1
1,0,0,1,3,0,0,0,0,0,248,5,36,0
1,0,0,0,1,1,1,0,0,0,477,1,2,0
4,0,1,2,2,2,3,1,0,0,115,0,64,1
0,0,0,0,0,1,0,0,0,0,563,0,16,0
0,0,0,2,2,0,0,0,0,0,907,1,37,0
2,0,0,0,3,0,1,0,0,0,722,2,31,0
4,1,0,2,6,4,3,1,1,1,556,8,68,1
2,0,2,1,2,6,0,0,0,0,1092,2,87,1
1,0,0,0,0,1,1,0,0,0,105,0,10,0
0,0,0,0,1,1,0,0,0,0,336,0,23,0
5,0,0,2,6,1,3,0,0,1,1200,4,82,1
1,0,0,0,1,0,0,0,0,0,386,1,1,0
1,0,0,1,5,4,0,0,0,0,279,0,41,0
0,0,0,0,0,1,1,0,0,0,448,0,4,0
0,0,0,0,1,0,0,0,0,0,624,1,28,0
2,0,1,0,2,0,0,0,0,0,517,4,40,0
1,0,0,0,1,0,1,0,0,0,155,0,0,0
1,0,0,1,0,1,5,0,2,2,1281,5,65,1
0,0,0,0,0,0,0,0,0,0,191,0,7,0
1,0,0,2,4,5,5,0,2,2,744,8,94,1
1,0,0,0,0,1,0,0,0,0,424,0,15,0
0,0,0,0,0,1,0,0,0,0,501,0,22,0
0,0,0,0,1,0,0,0,0,0,147,0,6,0
2,0,1,2,5,2,0,0,0,0,281,4,42,0
1,1,0,2,5,4,5,1,2,2,350,7,83,1
4,0,1,1,1,0,5,0,2,2,1630,1,77,1
1,0,0,0,1,0,0,0,0,0,545,1,13,0
0,0,0,0,1,0,0,0,0,0,580,1,6,0
4,2,0,0,3,2,5,1,1,0,1426,0,86,1
0,0,2,0,5,3,1,1,1,0,1427,3,80,1
3,0,1,2,5,5,1,0,2,2,745,6,78,1
1,0,2,2,3,4,0,0,0,0,971,7,44,0
0,0,0,0,1,1,1,0,0,0,119,0,9,0
0,0,0,0,1,1,0,0,0,0,428,0,29,0
2,0,0,0,5,0,1,0,0,0,890,7,31,0
1,0,0,0,0,0,1,0,0,0,384,1,5,0
4,1,2,1,6,0,4,0,0,2,1476,2,70,1
1,1,1,0,2,0,1,1,0,1,899,8,88,1
2,1,2,0,0,2,3,0,0,1,1732,8,84,1
2,0,0,0,0,0,1,0,0,0,113,4,33,0
2,0,2,2,4,1,1,0,0,0,233,4,42,0
0,0,2,2,3,2,4,1,2,0,296,7,60,1
0,0,0,0,0,1,0,0,0,0,421,0,18,0
1,0,0,0,1,0,0,0,0,0,657,1,28,0
0,0,0,0,0,1,1,0,0,0,617,0,26,0
0,0,0,0,0,0,0,0,0,0,615,1,26,0
1,0,2,1,3,2,2,0,0,1,623,0,88,1
2,0,1,1,2,5,1,0,0,0,261,7,43,0
2,2,0,2,6,2,0,1,1,2,1469,4,95,1
5,2,2,0,6,5,0,1,1,1,848,4,90,1
0,0,2,0,0,6,0,1,2,2,683,4,77,1
0,0,0,0,1,0,0,0,0,0,739,5,34,0
4,1,1,0,3,4,3,0,0,1,1359,5,85,1
2,0,2,1,3,4,5,1,2,1,237,6,82,1
0,0,0,0,0,0,1,0,0,0,837,0,25,0
0,0,0,0,0,6,1,0,0,0,880,2,44,0
0,0,0,0,0,1,1,0,0,0,478,5,31,0
1,0,2,1,6,1,0,0,0,0,704,3,49,0
1,0,0,0,0,0,1,0,0,0,505,1,25,0
1,0,0,0,1,1,1,0,0,0,390,1,1,0
1,0,0,0,1,1,0,0,0,0,448,0,11,0
4,0,2,2,6,4,3,0,1,1,1036,4,88,1
0,0,0,1,6,2,3,1,1,1,923,4,89,1
1,0,0,0,0,0,1,0,0,0,283,1,1,0
3,0,1,0,0,0,3,1,1,2,899,3,65,1
1,1,2,2,3,1,1,1,1,0,966,2,78,1
2,0,1,1,1,5,4,0,1,0,1325,4,64,1
3,2,1,0,3,5,1,0,2,0,606,6,56,1
0,0,0,1,4,3,3,1,2,0,853,3,94,1
2,0,0,1,0,0,1,0,0,0,660,1,36,0
2,1,2,2,4,5,5,0,2,0,904,1,54,1
2,1,1,2,6,6,3,1,0,2,1469,5,65,1
3,1,1,0,1,6,3,0,2,0,446,4,57,1
1,0,0,0,1,0,0,0,0,0,611,0,16,0
5,0,0,1,1,3,3,1,1,1,1036,3,79,1
0,0,2,0,3,1,3,1,0,2,499,6,77,1
3,0,1,0,2,3,1,1,0,0,822,7,47,0
0,0,1,0,1,1,3,0,2,2,1617,2,80,1
1,0,0,0,1,1,1,0,0,0,278,1,25,0
2,2,0,1,3,2,4,0,1,0,716,8,88,1
0,0,2,2,2,5,3,0,2,0,517,8,81,1
0,0,0,0,5,1,5,0,1,1,1665,6,81,1
0,0,0,0,5,6,5,0,2,0,772,1,61,1
4,0,2,2,3,0,3,1,2,0,729,8,76,1
2,1,2,2,0,0,0,0,0,2,1304,7,77,1
3,0,0,2,5,5,0,1,0,0,212,4,45,0
2,0,1,0,3,3,5,0,0,0,913,3,98,1
1,0,2,1,1,4,1,0,0,0,190,0,41,0
2,0,0,0,4,0,1,0,0,0,965,7,37,0
2,0,0,0,4,1,1,0,0,0,642,4,33,0
5,0,0,1,6,4,1,1,0,0,1202,2,100,1
1,1,2,1,6,6,2,1,1,0,1208,0,58,1
2,0,1,0,5,0,0,0,0,0,760,2,43,0
0,0,2,1,6,5,3,0,1,0,853,6,50,1
1,1,0,0,2,0,1,0,1,0,500,7,54,1
4,1,0,0,3,1,1,0,2,1,910,8,79,1
1,1,2,2,2,3,0,0,0,1,1485,0,80,1
1,1,0,0,6,3,1,0,0,2,758,6,90,1
0,0,0,0,0,1,0,0,0,0,345,1,23,0
0,0,0,1,3,2,4,0,0,0,548,8,57,1
0,0,2,0,4,4,3,0,2,0,1146,7,54,1
0,0,0,0,1,1,1,0,0,0,258,1,4,0
1,0,2,0,3,3,5,0,1,0,130,6,97,1
1,0,0,0,1,1,1,0,0,0,216,1,5,0
1,1,1,2,3,0,3,0,1,2,1417,6,75,1
0,0,0,0,1,0,1,0,0,0,795,0,26,0
0,0,0,0,0,0,0,0,0,0,135,0,2,0
0,0,0,0,0,1,1,0,0,0,263,1,24,0
2,1,0,0,4,0,3,0,0,0,801,0,64,1
1,0,0,0,0,0,1,0,0,0,249,1,26,0
4,2,0,1,1,2,4,1,0,2,257,6,93,1
4,2,0,2,1,0,0,1,0,2,873,7,67,1
2,2,1,0,1,6,5,1,1,1,1088,6,70,1
3,2,0,2,1,0,0,1,0,1,129,3,94,1
3,1,1,1,6,2,1,1,0,0,1174,8,64,1
1,0,0,0,1,0,1,0,0,0,372,1,21,0
2,1,0,2,1,2,5,1,2,1,452,1,99,1
1,0,0,0,0,0,1,0,0,0,497,1,6,0
3,2,2,2,2,5,4,0,0,0,1167,6,87,1
0,0,0,0,1,1,0,0,0,0,393,0,6,0
5,2,2,2,6,2,3,1,1,0,159,4,84,1
1,0,0,0,0,0,1,0,0,0,443,1,23,0
6,2,2,2,2,5,1,0,2,2,116,5,94,1
1,0,0,0,0,1,1,0,0,0,745,0,27,0
3,1,2,0,2,6,3,0,1,2,1503,4,88,1
1,0,0,0,6,0,0,0,0,0,479,8,32,0
1,0,0,0,0,1,0,0,0,0,671,1,23,0
1,0,0,0,4,0,0,0,0,0,766,8,33,0
1,0,2,0,2,4,3,1,2,1,1331,4,73,1
0,0,2,1,6,0,1,1,0,0,1120,1,48,0
0,0,0,0,5,1,1,0,0,0,881,4,33,0
5,2,0,0,2,3,3,0,0,1,1952,2,98,1
1,0,0,0,0,0,1,0,0,0,871,7,35,0
3,1,0,1,3,4,3,1,1,1,537,6,69,1
0,0,0,0,0,5,5,0,1,1,1250,6,99,1
1,0,0,0,1,1,1,0,0,0,371,0,10,0
2,0,2,2,3,4,1,0,1,2,958,2,69,1
4,2,0,2,1,1,3,0,0,1,1312,6,68,1
0,0,0,0,0,0,0,0,0,0,241,1,1,0
1,0,1,0,1,2,1,1,1,2,1622,1,90,1
1,0,0,0,0,1,1,0,0,0,556,0,13,0
2,0,0,1,5,3,3,1,0,0,886,3,64,1
1,0,0,0,0,0,1,0,0,0,245,1,14,0
3,0,0,2,5,4,0,0,2,0,674,4,65,1
0,0,0,0,1,0,0,0,0,0,270,1,4,0
2,0,0,2,1,1,1,0,0,0,162,8,36,0
2,0,1,0,6,0,1,0,0,0,725,5,40,0
2,2,0,2,3,3,3,1,1,1,746,3,80,1
4,1,1,2,4,0,2,1,2,0,1646,2,96,1
2,0,0,2,1,3,1,0,0,1,1449,4,86,1
0,0,0,0,1,1,1,0,0,0,387,0,6,0
1,0,2,1,1,6,3,0,1,2,1291,1,98,1
1,0,1,1,5,4,3,1,2,1,1557,8,73,1
1,1,0,0,0,6,2,0,2,2,1016,0,96,1
0,0,0,0,0,1,0,0,0,0,246,1,4,0
2,0,0,2,5,6,1,0,1,1,414,4,96,1
0,0,0,1,3,0,0,0,0,0,840,0,37,0
3,1,1,1,3,5,5,1,1,0,210,3,54,1
0,0,0,0,6,0,4,1,2,0,847,7,56,1
2,0,2,2,5,1,2,1,2,1,1508,3,99,1
0,0,1,2,6,0,5,1,2,0,926,1,58,1
0,0,2,0,4,4,3,1,2,0,836,8,88,1
0,0,0,0,4,1,3,1,0,2,1426,7,75,1
1,0,0,0,1,0,1,0,0,0,511,0,8,0
0,0,0,0,2,3,5,0,2,1,191,6,97,1
2,1,2,1,6,4,0,0,0,1,108,8,83,1
0,0,1,0,4,0,0,0,1,0,700,2,53,1
1,0,0,0,0,1,1,0,0,0,241,0,27,0
1,0,0,0,1,0,0,0,0,0,249,1,14,0
0,0,1,2,5,1,4,0,1,1,1304,2,87,1
1,0,0,0,0,0,0,0,0,0,337,1,29,0
0,0,0,0,1,1,1,0,0,0,334,0,18,0
1,0,0,0,0,0,0,0,0,0,664,0,18,0
0,0,0,0,1,1,0,0,0,0,473,0,25,0
1,0,0,0,0,1,0,0,0,0,609,1,24,0
1,1,1,2,4,0,4,1,2,0,331,3,57,1
0,0,0,0,1,0,0,0,0,0,880,0,27,0
4,0,2,0,4,1,5,1,1,1,289,3,70,1
3,0,1,1,2,6,2,0,1,2,708,7,67,1
1,0,0,0,2,0,0,0,0,0,531,0,41,0
0,0,2,2,2,4,4,0,1,0,315,0,61,1
3,0,1,2,3,4,4,1,1,1,1614,3,88,1
3,0,0,1,6,6,2,1,1,1,1342,4,88,1
1,0,0,0,1,0,1,0,0,0,319,1,17,0
0,0,0,0,1,1,0,0,0,0,561,0,26,0
1,0,0,0,2,1,0,0,0,0,267,2,32,0
2,0,0,1,5,5,0,1,0,0,432,0,48,0
0,0,0,0,0,1,1,0,0,0,220,1,7,0
0,0,2,1,0,4,4,1,0,2,1706,7,95,1
1,0,0,0,1,0,0,0,0,0,205,1,2,0
2,0,0,0,4,1,1,0,0,0,670,2,34,0
1,1,1,2,1,2,3,0,0,0,777,3,54,1
0,0,0,0,1,1,1,0,0,0,391,0,14,0
0,0,2,2,2,6,0,0,0,0,441,4,41,0
0,0,0,0,2,3,5,0,1,0,888,1,77,1
1,0,0,0,0,0,0,0,0,0,348,0,2,0
5,1,0,1,1,4,0,1,1,2,636,0,79,1
4,2,2,1,3,4,3,1,2,0,253,1,71,1
2,0,1,2,0,3,1,0,0,0,599,8,46,0
0,0,0,0,1,1,0,0,0,0,141,1,16,0
0,0,0,0,6,1,0,0,0,0,887,8,32,0
5,1,2,1,3,0,4,1,0,2,1685,3,87,1
1,0,0,0,1,1,1,0,0,0,524,1,6,0
0,0,1,2,2,0,5,0,0,0,1599,3,83,1
0,0,0,0,0,1,1,0,0,0,511,0,20,0
1,0,0,0,1,1,0,0,0,0,415,0,2,0
0,0,2,0,5,6,0,0,2,0,463,6,53,1
0,0,0,0,0,1,1,0,0,0,875,0,25,0
4,0,0,0,2,0,5,0,0,2,982,5,98,1
4,0,2,1,3,1,4,0,1,1,1187,3,82,1
1,1,2,0,1,1,0,1,2,0,550,2,54,1
0,0,1,0,0,0,0,0,0,0,652,1,41,0
0,0,0,0,0,1,0,0,0,0,637,0,23,0
0,0,0,0,0,0,0,0,0,0,370,0,9,0
6,2,1,1,1,6,0,0,0,0,1007,4,95,1
0,0,0,2,2,5,0,0,0,0,170,1,42,0
1,0,0,0,0,1,0,0,0,0,480,0,8,0
0,0,0,0,1,0,1,0,0,0,209,0,10,0
1,0,0,0,0,0,0,0,0,0,270,1,20,0
6,1,0,2,1,3,3,0,0,2,212,7,99,1
2,0,0,0,0,1,0,0,0,0,391,3,31,0
0,0,0,1,2,0,2,0,1,0,881,8,63,1
0,0,1,1,0,0,4,1,2,0,565,4,64,1
1,1,2,0,6,1,3,1,0,1,478,4,69,1
4,2,2,0,2,1,1,0,2,0,730,7,60,1
0,0,2,0,3,4,0,0,0,0,829,6,43,0
1,0,0,0,1,0,1,0,0,0,640,1,24,0
4,0,0,2,2,2,3,1,0,0,1064,0,64,1
3,1,1,1,3,1,3,0,0,0,898,1,56,1
1,0,0,0,0,0,0,0,0,0,110,1,4,0
1,0,0,0,0,1,0,0,0,0,612,0,26,0
2,0,1,2,0,0,1,0,0,0,1053,8,41,0
0,0,1,2,0,0,1,0,0,0,633,7,49,0
1,0,0,2,3,2,0,0,0,0,364,4,41,0
0,0,0,2,2,1,1,0,0,0,863,2,39,0
3,0,1,0,4,2,0,0,2,0,567,8,51,1
0,0,0,0,1,1,0,0,0,0,426,1,29,0
0,0,0,0,1,1,1,0,0,0,794,1,23,0
0,0,0,0,1,1,0,0,0,0,501,0,11,0
0,0,0,0,0,0,0,0,0,0,224,1,7,0
3,0,2,1,5,4,3,0,2,0,594,0,64,1
0,0,1,0,6,2,4,1,0,0,1341,0,73,1
1,1,0,2,6,2,3,1,2,0,908,0,53,1
0,0,1,2,4,0,0,0,0,0,844,5,42,0
1,1,0,1,5,4,2,0,1,2,122,4,93,1
0,0,0,0,0,1,0,0,0,0,520,0,14,0
3,0,0,1,4,5,3,0,0,0,1263,0,63,1
0,0,0,0,0,5,0,0,0,0,775,1,42,0
3,1,1,0,2,4,2,1,0,0,518,1,67,1
1,0,0,0,6,1,1,0,0,0,958,7,31,0
1,0,0,0,1,1,0,0,0,0,323,1,15,0
1,0,0,0,0,0,1,0,0,0,362,0,12,0
1,1,2,0,6,0,0,0,0,0,320,5,65,1
1,0,0,0,0,0,1,0,0,0,535,1,18,0
2,2,1,1,5,3,0,1,2,1,388,5,73,1
0,0,0,0,1,1,0,0,0,0,316,1,2,0
4,1,2,2,5,4,2,0,2,0,344,5,100,1
0,0,0,0,0,0,1,0,0,0,624,0,13,0
0,0,0,0,1,1,0,0,0,0,160,0,10,0
3,1,2,0,3,3,2,0,2,2,1732,3,88,1
3,0,1,0,5,5,3,0,0,0,827,5,59,1
0,0,1,2,2,4,1,0,2,1,1196,2,88,1
2,0,2,0,2,5,2,1,0,0,662,0,53,1
1,0,0,0,1,0,0,0,0,0,623,1,23,0
0,0,1,1,3,5,5,0,1,0,1103,0,57,1
0,0,0,0,1,0,0,0,0,0,162,0,24,0
1,1,1,1,1,3,0,0,0,0,370,6,59,1
4,0,2,2,3,5,1,0,1,2,1011,6,76,1
0,0,0,0,1,1,1,0,0,0,490,0,11,0
0,0,0,0,0,0,1,0,0,0,234,1,12,0
1,0,0,0,2,6,1,0,0,0,385,6,46,0
0,0,0,1,0,5,0,0,0,0,924,8,42,0
1,0,0,0,3,1,1,0,0,0,979,6,33,0
2,0,0,1,1,5,0,0,0,0,540,7,46,0
2,0,0,0,3,0,1,0,0,0,406,5,34,0
3,0,0,0,5,1,2,1,1,0,716,1,53,1
1,0,1,2,6,5,0,0,0,0,224,3,41,0
0,0,0,0,0,1,0,0,0,0,148,0,8,0
6,2,0,2,3,3,3,0,0,0,1114,1,100,1
5,0,0,1,0,6,5,0,0,1,945,8,98,1
6,2,1,2,2,4,1,1,2,0,973,7,96,1
2,1,1,0,1,2,2,1,0,0,1272,5,61,1
2,0,2,1,4,2,1,0,0,0,1035,6,46,0
1,0,0,0,0,0,0,0,0,0,344,1,5,0
1,0,0,0,0,1,1,0,0,0,378,1,14,0
0,0,0,0,1,0,0,0,0,0,378,1,23,0
0,0,0,0,1,0,1,0,0,0,264,1,5,0
0,0,0,0,3,1,0,1,2,0,187,8,60,1
1,0,0,0,0,1,0,0,0,0,225,1,5,0
3,1,2,1,2,1,1,0,2,0,1228,7,81,1
2,2,2,0,2,4,4,1,0,2,1659,4,89,1
1,1,1,1,5,6,0,0,2,2,108,3,65,1
2,1,1,0,5,0,3,0,1,2,539,8,92,1
1,0,0,0,1,0,0,0,0,0,878,6,33,0
1,0,0,0,6,0,1,0,0,0,272,1,31,0
2,0,2,0,1,3,0,1,0,1,194,5,71,1
1,0,0,1,4,1,0,0,0,0,873,1,36,0
2,0,1,0,5,0,0,1,1,0,841,0,60,1
2,0,0,2,1,1,1,0,0,0,661,1,37,0
0,0,0,0,3,1,0,0,0,0,177,5,36,0
0,0,0,0,4,1,0,0,0,0,777,8,30,0
2,0,0,0,1,0,0,0,0,0,943,3,30,0
0,0,2,2,3,2,5,0,0,0,1115,4,64,1
0,0,0,0,1,0,1,0,0,0,317,0,28,0
1,0,0,0,1,0,0,0,0,0,427,1,28,0
1,1,1,0,2,6,3,0,0,0,422,6,60,1
1,0,0,0,4,0,0,0,0,0,324,4,36,0
1,0,2,1,0,6,5,0,0,0,407,7,95,1
1,0,0,1,5,2,0,0,0,0,725,4,42,0
0,0,0,0,4,6,4,0,2,2,1639,1,85,1
5,2,2,0,2,5,5,0,1,0,1763,2,91,1
3,0,1,2,3,2,1,0,2,2,1140,3,76,1
0,0,0,0,0,1,1,0,0,0,732,0,19,0
0,0,0,0,0,1,1,0,0,0,324,1,3,0
1,0,0,0,1,1,1,0,0,0,419,1,10,0
2,0,0,0,2,0,1,0,0,0,327,7,34,0
1,0,0,0,0,0,0,0,0,0,309,1,18,0
1,0,1,2,2,2,5,1,2,2,548,7,68,1
2,0,0,2,1,0,0,1,1,0,333,2,69,1
2,1,1,2,5,4,3,1,1,0,1007,0,53,1
3,0,0,1,0,2,0,0,0,0,571,3,45,0
1,0,0,0,1,0,1,0,0,0,444,0,29,0
0,0,0,0,1,1,0,0,0,0,156,0,15,0
2,0,0,0,3,1,5,0,0,2,1400,2,93,1
0,0,0,0,0,1,0,0,0,0,653,0,16,0
1,0,0,0,0,1,1,0,0,0,669,1,16,0
1,0,1,0,4,4,3,1,2,0,1205,6,53,1
1,0,0,0,1,1,0,0,0,0,689,0,29,0
4,1,2,0,0,0,1,1,2,2,525,8,79,1
1,0,0,0,0,0,0,0,0,0,553,1,24,0
0,0,0,0,1,1,1,0,0,0,295,0,24,0
0,0,0,0,0,0,1,0,0,0,528,1,7,0
1,0,0,0,4,5,3,0,0,2,1242,6,99,1
2,0,2,0,0,2,0,1,0,0,700,4,48,0
2,2,0,0,4,3,2,1,2,0,409,6,52,1
0,0,2,0,0,2,3,0,0,0,428,6,74,1
0,0,0,0,1,0,0,0,0,0,203,1,5,0
3,0,0,0,2,1,4,0,0,0,1376,0,79,1
2,0,0,1,1,0,0,0,0,0,855,6,39,0
1,0,0,0,0,0,0,0,0,0,603,0,15,0
6,2,2,2,1,5,4,0,0,0,1833,1,95,1
0,0,0,0,1,0,0,0,0,0,568,1,5,0
1,0,0,0,1,1,0,0,0,0,244,0,6,0
0,0,2,1,6,5,3,1,2,0,310,0,89,1
1,0,0,0,1,0,0,0,0,0,405,1,6,0
0,0,0,0,0,1,1,0,0,0,344,0,17,0
0,0,1,2,1,5,5,1,0,0,1086,6,60,1
0,0,0,0,0,0,1,0,0,0,481,0,19,0
2,1,1,2,1,0,3,1,2,2,538,6,74,1
0,0,0,0,1,0,1,0,0,0,465,1,1,0
6,2,1,0,5,0,3,0,1,0,411,5,95,1
2,2,1,2,1,3,1,0,1,0,166,1,61,1
0,0,0,0,0,0,1,0,0,0,552,0,27,0
0,0,0,0,0,1,1,0,0,0,239,0,22,0
0,0,0,2,1,0,1,0,0,0,879,2,35,0
1,0,0,0,1,0,0,0,0,0,224,1,18,0
2,0,0,0,2,3,3,1,1,1,962,0,81,1
6,1,0,2,5,1,2,0,1,1,587,4,93,1
0,0,0,0,0,1,0,0,0,0,731,0,22,0
4,0,0,2,0,3,4,1,1,1,984,8,89,1
0,0,0,0,1,1,1,0,0,0,480,1,1,0
0,0,0,0,1,1,1,0,0,0,217,0,14,0
1,0,0,2,3,1,1,0,0,0,487,6,35,0
1,0,0,2,1,1,1,0,0,0,712,0,38,0
0,0,0,0,1,1,1,0,0,0,520,1,23,0
4,0,1,2,2,6,2,1,1,0,703,4,91,1
1,0,0,0,1,3,5,1,2,0,606,5,57,1
0,0,0,0,0,1,0,0,0,0,791,1,20,0
0,0,0,0,1,1,1,0,0,0,332,1,22,0
0,0,0,0,1,0,1,0,0,0,586,0,20,0
3,0,1,2,4,1,0,0,0,0,397,0,48,0
0,0,0,0,1,0,0,0,0,0,149,1,24,0
0,0,2,0,1,0,2,0,0,0,604,8,59,1
2,0,2,2,2,2,2,0,1,0,1094,1,69,1
0,0,1,0,0,4,4,1,1,1,1212,0,71,1
3,1,2,1,2,5,3,0,2,0,167,6,55,1
0,0,1,1,0,1,1,0,0,0,426,4,41,0
1,1,0,1,1,6,5,0,1,0,344,5,60,1
0,0,0,0,1,1,1,0,0,0,160,0,18,0
1,0,0,0,1,1,0,0,0,0,308,0,0,0
2,0,1,1,1,5,0,0,0,0,339,2,43,0
1,0,0,0,1,0,0,0,0,0,540,0,24,0
1,0,0,1,3,0,1,0,2,0,1120,0,50,1
1,1,0,1,3,6,4,0,0,0,285,6,57,1
5,1,1,0,3,5,4,0,1,1,1418,6,77,1
0,0,0,0,1,1,0,0,0,0,478,0,2,0
4,1,2,0,2,2,4,0,2,2,896,1,74,1
0,0,0,2,3,4,0,1,0,0,454,2,46,0
1,0,1,1,2,6,0,0,0,0,734,4,41,0
2,2,0,2,5,4,0,1,1,0,575,6,92,1
1,0,0,0,0,0,1,0,0,0,180,1,29,0
1,0,0,0,1,3,1,1,1,0,1193,0,72,1
2,0,0,0,1,0,0,0,0,0,858,6,34,0
1,0,0,0,2,1,0,0,0,0,514,4,32,0
2,1,0,1,1,5,4,1,2,0,771,1,74,1
3,0,1,1,5,6,0,1,0,0,616,1,46,0
0,0,0,2,5,4,0,0,1,0,1000,0,56,1
0,0,2,2,4,5,1,0,1,0,1226,7,50,1
1,0,0,0,1,0,1,0,0,0,599,1,8,0
3,1,0,0,6,5,5,0,0,0,1491,7,77,1
3,2,1,1,6,5,3,0,2,1,1512,8,79,1
0,0,1,1,3,0,1,1,1,0,943,2,52,1
1,0,2,1,0,1,1,0,0,0,236,6,42,0
0,0,0,0,0,1,0,0,0,0,381,0,17,0
1,0,0,0,1,1,1,0,0,0,700,1,19,0
2,0,0,1,4,0,4,1,2,0,1413,4,66,1
2,0,0,0,3,0,1,0,0,0,802,8,34,0
0,0,0,0,0,1,0,0,0,0,412,0,4,0
0,0,0,0,1,0,1,0,1,0,1169,8,57,1
4,1,0,2,1,3,5,0,1,2,1851,3,93,1
0,0,0,0,1,1,1,0,0,0,128,1,11,0
0,0,2,1,1,0,4,0,2,1,435,2,65,1
0,0,0,0,0,0,1,0,0,0,289,0,21,0
0,0,0,0,1,1,1,0,0,0,562,0,10,0
2,0,0,0,5,0,0,0,0,0,909,2,32,0
1,0,0,0,0,1,0,0,0,0,398,1,2,0
0,0,0,2,1,1,1,0,0,0,961,1,39,0
0,0,0,0,1,1,0,0,0,0,178,0,16,0
2,2,0,1,4,3,3,1,0,0,1004,3,56,1
0,0,0,0,0,0,0,0,0,0,372,1,0,0
1,0,0,0,0,0,0,0,0,0,516,1,7,0
0,0,0,0,0,1,0,0,0,0,531,0,7,0
1,0,0,0,0,1,0,0,0,0,275,0,11,0
3,1,2,2,5,5,0,1,1,0,251,8,73,1
4,0,1,1,2,5,0,1,1,1,858,3,71,1
0,0,0,0,6,0,1,0,0,0,799,7,35,0
1,0,0,0,0,1,0,0,0,0,568,1,10,0
0,0,2,2,6,4,1,0,0,0,365,3,40,0
0,0,0,0,4,3,4,0,1,2,452,1,86,1
2,2,0,2,1,0,0,1,2,0,662,2,64,1
1,0,0,0,1,1,1,0,0,0,744,0,20,0
3,0,0,2,2,3,0,0,0,0,141,2,52,1
1,0,0,0,0,1,1,0,0,0,305,1,7,0
3,0,0,2,2,2,1,0,0,0,187,3,45,0
0,0,0,0,5,0,1,0,0,0,931,5,33,0
1,0,0,0,1,1,0,0,0,0,588,0,9,0
1,1,2,2,0,3,1,1,2,0,548,1,62,1
0,0,0,0,1,0,0,0,0,0,131,0,20,0
0,0,0,0,1,1,0,0,0,0,323,0,22,0
0,0,0,0,0,1,0,0,0,0,565,1,12,0
0,0,2,0,1,0,5,1,2,1,1476,3,88,1
3,2,1,2,3,1,4,1,1,0,767,4,65,1
0,0,1,0,6,1,5,0,0,0,490,7,50,1
1,0,0,0,0,1,1,0,0,0,589,0,29,0
0,0,0,2,4,6,5,0,2,1,1113,8,66,1
0,0,0,0,1,0,1,0,0,0,165,1,28,0
5,1,1,1,6,6,2,1,1,1,554,1,88,1
0,0,0,0,0,1,1,0,0,0,588,1,7,0
0,0,0,1,2,1,0,0,0,0,379,8,39,0
0,0,1,1,1,4,0,1,1,0,1347,7,76,1
2,1,1,1,0,0,5,1,2,2,945,6,72,1
2,2,0,1,6,1,2,1,1,0,1184,3,67,1
6,0,1,0,6,6,1,0,0,2,1604,1,92,1
0,0,0,0,1,0,1,0,0,0,207,1,17,0
0,0,0,0,0,0,0,0,0,0,392,1,4,0
1,0,0,0,0,0,0,0,0,0,682,1,14,0
0,0,0,0,1,1,1,0,0,0,419,0,5,0
1,0,0,1,4,2,0,0,0,2,1565,6,72,1
5,1,0,2,6,1,2,0,0,1,1283,3,89,1
2,0,0,1,5,1,1,0,0,0,524,2,38,0
3,1,2,1,3,4,1,0,2,1,400,1,77,1
5,1,2,0,0,5,4,0,1,2,1708,0,98,1
6,0,1,2,4,5,2,1,1,0,1191,7,91,1
1,0,0,0,2,1,1,0,0,0,295,5,31,0
3,0,0,0,0,6,1,1,1,2,1353,2,65,1
2,0,1,1,2,2,1,0,0,0,912,4,40,0
0,0,0,0,1,0,0,0,0,0,994,5,39,0
0,0,0,1,4,1,0,0,0,0,397,0,49,0
2,1,0,2,2,3,5,1,1,0,1062,2,90,1
2,0,0,0,6,0,1,0,0,0,739,7,36,0
1,0,0,0,0,1,0,0,0,0,426,0,13,0
3,2,0,0,2,5,1,1,1,0,128,7,62,1
5,0,1,0,6,6,1,0,0,1,216,6,81,1
0,0,0,0,6,0,0,0,0,0,496,2,31,0
4,0,2,2,5,4,3,0,0,0,534,0,82,1
1,1,1,0,6,6,4,1,1,0,324,7,60,1
3,2,1,2,0,3,1,1,1,1,293,4,75,1
1,0,0,0,0,1,1,0,0,0,604,0,8,0
1,0,0,0,0,0,0,0,0,0,514,0,6,0
0,0,0,1,0,6,4,1,2,0,138,6,57,1
1,1,0,0,6,3,3,0,1,2,1371,2,96,1
2,0,1,1,4,3,5,0,1,2,672,0,70,1
1,0,2,1,5,0,0,0,0,0,117,6,41,0
0,0,0,0,1,1,0,0,0,0,581,0,13,0
1,0,0,0,1,1,1,0,0,0,203,1,13,0
4,2,0,1,4,6,0,0,2,1,1320,8,67,1
0,0,0,0,0,1,0,0,0,0,529,1,29,0
0,0,0,0,0,1,0,0,0,0,182,2,34,0
6,1,0,0,4,5,0,0,2,2,409,7,90,1
2,1,2,1,1,4,4,0,1,0,976,7,62,1
0,0,0,0,1,1,0,0,0,0,546,1,29,0
3,1,0,0,0,2,1,0,1,2,380,7,98,1
4,2,1,0,2,0,3,0,2,2,1631,6,86,1
1,0,0,0,1,1,1,0,0,0,592,1,18,0
3,0,2,1,3,2,0,0,0,2,147,6,66,1
3,0,2,0,4,5,3,0,2,0,721,5,51,1
0,0,0,0,1,1,0,0,0,0,715,0,15,0
1,0,0,0,0,1,0,0,0,0,159,1,9,0
2,2,2,1,5,0,1,1,0,2,1700,2,80,1
1,0,1,1,0,2,5,1,0,0,415,2,55,1
3,0,0,1,4,2,3,0,1,0,869,8,92,1
1,0,0,0,1,1,1,0,0,0,637,1,26,0
0,0,0,0,3,5,0,0,2,1,871,4,89,1
0,0,0,0,1,1,1,0,0,0,154,1,5,0
3,1,2,1,5,1,2,0,2,2,1114,4,67,1
1,0,0,0,1,0,1,0,0,0,439,1,12,0
2,1,2,1,5,1,4,0,0,0,722,8,53,1
1,0,0,0,1,0,1,0,0,0,163,1,15,0
1,1,1,1,5,2,0,0,2,1,203,0,98,1
1,0,0,1,5,2,5,1,1,2,1367,2,81,1
3,0,1,0,6,2,5,0,1,0,1212,1,53,1
2,0,0,2,5,0,1,0,0,0,469,8,38,0
0,0,1,1,4,1,0,0,0,0,555,6,48,0
3,1,1,1,0,1,1,1,1,1,124,4,68,1
1,0,0,0,3,0,1,0,0,0,678,4,34,0
0,0,2,0,2,0,4,0,2,1,387,8,84,1
6,2,0,1,5,5,2,1,0,1,476,7,97,1
0,0,0,0,0,0,0,0,0,0,460,0,4,0
1,0,0,0,1,0,1,0,0,0,319,0,19,0
2,0,0,1,3,3,5,0,2,0,971,8,92,1
1,0,1,0,6,6,0,0,0,0,825,2,41,0
4,1,1,0,0,6,0,0,2,0,159,1,65,1
0,0,0,1,0,6,1,1,0,0,620,2,45,0
3,2,0,2,2,0,0,1,1,0,379,8,59,1
3,1,1,2,3,4,4,0,2,0,1497,4,68,1
5,1,0,1,0,2,5,0,2,2,1127,5,79,1
2,0,0,2,3,1,0,0,0,0,987,3,37,0
1,0,0,0,1,1,0,1,1,0,1243,8,62,1
1,1,1,2,0,1,4,1,1,0,648,8,51,1
2,0,2,2,6,5,1,0,0,0,774,2,43,0
2,1,0,0,2,3,1,1,1,0,494,2,52,1
5,0,2,2,0,5,0,1,0,2,1319,6,79,1
0,0,0,0,1,1,0,0,0,0,299,1,22,0
1,0,0,0,0,0,0,0,0,0,308,1,11,0
2,0,0,0,5,0,0,0,0,0,917,2,33,0
1,0,0,0,1,0,0,0,0,0,455,1,1,0
2,1,0,1,2,6,2,1,0,0,485,4,59,1
3,1,1,2,4,0,5,1,1,0,1035,8,63,1
0,0,2,1,0,4,0,1,0,0,225,5,47,0
0,0,0,0,3,6,1,0,0,0,796,1,48,0
0,0,0,0,0,1,0,0,0,0,112,1,7,0
0,0,0,0,0,0,0,0,0,0,241,1,4,0
3,1,2,2,5,3,4,1,2,0,110,6,61,1
0,0,0,0,4,0,0,0,0,0,107,7,37,0
1,1,1,0,1,2,4,1,1,0,798,7,83,1
0,0,0,0,1,0,1,0,0,0,506,0,4,0
0,0,0,0,5,5,2,1,2,0,183,5,56,1
1,0,2,1,6,4,2,0,2,1,682,7,68,1
0,0,1,0,3,4,1,0,0,0,476,8,47,0
1,1,2,2,5,1,2,0,0,0,845,2,51,1
3,0,1,0,5,3,1,0,0,0,983,4,45,0
0,0,0,0,0,1,1,0,0,0,162,1,27,0
3,1,0,1,4,1,3,0,1,0,794,6,72,1
6,0,2,0,0,0,4,0,2,0,670,1,97,1
1,0,0,0,1,0,1,0,0,0,460,0,11,0
3,0,0,2,3,6,2,0,0,0,313,5,54,1
0,0,0,0,0,1,0,0,0,0,529,0,16,0
4,1,0,1,1,6,4,1,1,0,576,1,73,1
0,0,0,0,1,1,0,0,0,0,270,1,3,0
0,0,0,0,0,0,1,0,0,0,464,1,12,0
3,1,1,0,3,5,3,0,2,1,619,2,97,1
1,0,0,0,1,0,1,0,0,0,169,1,17,0
0,0,0,0,0,0,0,0,0,0,497,0,3,0
1,0,0,0,5,0,0,0,0,0,419,5,38,0
0,0,0,0,1,1,1,0,0,0,205,5,35,0
1,0,0,0,2,0,0,0,0,0,472,5,32,0
1,0,1,0,4,1,5,0,1,1,662,1,72,1
0,0,2,2,3,1,4,1,2,0,368,8,85,1
1,0,0,0,4,0,0,0,0,0,882,1,36,0
3,1,0,1,5,0,5,0,2,2,1241,3,80,1
3,2,2,1,0,0,3,0,0,1,1521,1,94,1
2,2,1,1,2,6,0,0,0,1,619,3,68,1
0,0,0,0,5,6,3,1,2,0,553,2,82,1
1,1,2,1,6,5,5,1,0,0,554,8,56,1
1,1,1,1,5,2,4,1,0,2,484,2,73,1
0,0,2,1,3,5,1,0,0,0,894,2,40,0
1,0,0,0,1,0,1,0,0,0,394,1,20,0
1,0,0,0,0,1,1,0,0,0,393,6,30,0
1,0,0,0,0,1,1,0,0,0,334,1,17,0
2,0,2,2,2,4,0,0,0,0,550,4,45,0
3,2,1,1,5,4,4,1,2,0,784,3,60,1
4,0,0,0,1,0,4,0,0,2,1812,1,90,1
0,0,0,0,1,0,1,0,0,0,529,0,23,0
0,0,2,1,1,6,0,0,0,0,403,8,45,0
1,0,0,0,3,2,1,0,0,0,1010,4,81,1
6,2,2,2,5,5,4,1,0,0,829,4,97,1
2,0,1,0,6,6,4,0,0,2,879,6,66,1
2,2,2,0,2,6,1,0,1,0,418,2,52,1
0,0,0,0,4,0,1,0,0,0,382,6,30,0
2,1,2,2,2,3,2,0,0,1,715,8,73,1
4,1,0,1,1,1,2,1,2,0,937,2,71,1
5,2,2,0,6,3,3,0,1,2,363,5,84,1
0,0,0,0,0,0,1,0,0,0,527,0,23,0
1,1,0,1,0,0,1,0,0,0,1226,4,57,1
1,0,0,0,1,0,0,0,0,0,174,1,5,0
1,0,0,0,1,0,0,0,0,0,606,1,16,0
3,2,2,1,1,2,0,1,0,0,1206,6,64,1
3,1,1,0,5,1,3,0,1,0,1258,6,61,1
1,0,0,1,3,0,5,1,2,0,927,5,60,1
0,0,0,0,0,0,1,0,0,0,347,0,4,0
0,0,0,0,1,1,0,0,0,0,655,0,22,0
0,0,0,1,1,1,0,0,0,0,739,5,39,0
1,1,1,1,0,2,4,1,1,1,1397,4,86,1
2,0,2,2,2,0,0,0,0,0,876,8,43,0
5,0,2,2,6,4,4,0,2,0,440,0,96,1
3,1,1,2,4,6,0,1,1,0,826,2,56,1
2,0,0,2,0,5,0,0,0,0,819,5,42,0
1,0,0,0,0,0,0,0,0,0,152,1,17,0
1,0,0,0,1,0,0,0,0,0,581,1,25,0
0,0,0,0,0,0,0,0,0,0,529,1,7,0
1,1,0,0,1,5,4,0,2,0,806,8,64,1
6,1,1,1,1,5,3,0,1,2,1502,8,94,1
1,0,1,0,5,4,5,0,1,2,748,0,66,1
0,0,2,1,0,4,4,0,2,0,898,5,55,1
0,0,0,0,0,0,1,0,0,0,267,1,9,0
1,0,1,1,3,6,4,1,2,0,518,8,57,1
2,0,1,0,0,5,1,0,0,0,451,7,48,0
2,2,0,1,3,2,2,0,0,0,1327,1,58,1
1,1,0,1,4,0,2,0,2,0,843,6,52,1
0,0,0,0,0,0,0,0,0,0,212,1,16,0
1,0,0,0,3,1,5,1,2,0,1106,0,63,1
5,2,2,1,0,5,4,1,0,0,207,7,94,1
1,0,0,1,1,0,0,0,0,0,302,5,38,0
1,0,1,1,5,6,0,0,2,2,369,2,78,1
1,0,0,0,3,4,1,1,0,0,938,4,53,1
1,0,0,0,1,0,0,0,0,0,745,1,18,0
3,2,2,2,5,0,5,0,0,0,1700,1,82,1
3,0,0,0,4,5,4,0,2,2,861,6,87,1
2,0,0,0,0,0,1,0,0,0,122,2,30,0
0,0,0,0,4,6,0,1,0,0,1040,6,93,1
1,0,0,0,1,0,0,0,0,0,625,0,9,0
0,0,0,0,1,1,1,0,0,0,362,2,31,0
1,0,2,2,0,5,3,1,2,0,895,2,84,1
1,0,0,0,0,1,1,0,0,0,471,1,14,0
1,0,0,1,3,1,0,0,0,0,621,1,43,0
1,1,0,2,1,0,2,0,0,0,146,6,52,1
0,0,1,0,0,5,3,1,1,1,1130,2,83,1
0,0,0,0,1,0,0,0,0,0,238,1,0,0
0,0,1,0,4,2,1,1,0,0,606,7,45,0
0,0,0,0,0,1,0,0,0,0,193,0,0,0
0,0,0,0,1,1,1,0,0,0,125,1,21,0
1,0,0,0,0,1,0,0,0,0,608,0,26,0
0,0,0,0,1,0,0,0,0,0,223,1,15,0
2,0,0,1,4,4,0,0,0,0,1134,7,47,0
0,0,0,0,0,0,1,0,0,0,193,0,15,0
0,0,0,0,5,0,0,0,0,0,776,2,39,0
0,0,0,2,5,5,0,1,0,0,342,0,49,0
6,0,2,2,6,3,3,1,1,2,1316,7,90,1
0,0,1,2,6,1,0,1,0,0,1316,3,56,1
2,2,0,1,2,3,2,0,2,1,1000,4,89,1
0,0,1,0,2,2,3,1,2,0,1278,6,62,1
0,0,0,0,1,0,1,0,0,0,897,6,32,0
3,0,0,2,5,0,2,1,0,2,1362,3,75,1
5,2,0,1,1,2,1,0,2,0,982,2,90,1
1,0,0,0,0,1,0,0,0,0,157,1,2,0
0,0,0,0,1,0,0,0,0,0,151,0,18,0
4,2,1,0,5,1,5,0,1,1,301,5,84,1
1,1,2,2,4,4,5,1,1,0,1358,0,84,1
0,0,0,0,1,1,0,0,0,0,632,0,24,0
4,1,2,2,2,0,3,0,1,0,269,0,69,1
5,2,1,2,3,5,1,1,1,2,1650,8,100,1
3,2,1,1,5,4,4,1,0,0,775,4,90,1
0,0,0,0,1,0,1,0,0,0,483,1,19,0
1,0,0,2,2,5,1,1,2,0,1174,0,58,1
4,1,1,0,2,5,1,0,0,0,1204,7,70,1
3,1,2,0,1,6,4,1,2,0,616,1,62,1
1,0,0,0,0,0,0,0,0,0,253,1,8,0
0,0,0,1,3,1,0,1,2,0,1117,2,92,1
1,0,0,0,3,0,1,0,0,0,581,4,33,0
0,0,1,0,3,1,0,0,0,0,830,2,46,0
2,2,1,1,5,5,3,1,1,0,935,8,55,1
0,0,0,0,0,0,0,0,0,0,466,1,15,0
2,0,1,1,1,0,1,0,0,0,120,7,41,0
2,0,2,2,1,4,3,0,2,1,1857,0,92,1
2,2,2,0,1,2,4,0,1,0,442,3,60,1
2,1,2,0,1,5,1,0,0,2,1065,1,71,1
1,0,0,0,0,1,0,0,0,0,452,0,4,0
3,2,2,0,4,1,4,1,1,0,667,5,69,1
3,2,2,0,1,6,4,1,0,0,1652,8,98,1
0,0,0,0,6,1,1,0,0,0,901,0,33,0
2,0,0,0,5,0,0,0,0,0,930,1,32,0
3,0,0,0,5,1,2,0,2,1,206,6,70,1
0,0,0,0,0,1,1,0,0,0,126,1,17,0
5,2,2,2,5,5,1,0,0,0,530,7,95,1
4,1,0,2,5,1,2,0,1,2,430,8,86,1
5,1,2,2,4,0,2,0,1,2,784,1,77,1
1,0,1,1,2,3,1,0,0,0,373,2,44,0
1,0,0,1,1,3,2,1,0,0,669,8,59,1
0,0,0,2,5,0,2,0,2,0,388,4,61,1
2,1,1,0,1,5,5,1,1,2,1272,3,80,1
0,0,1,0,0,1,0,0,1,1,122,4,65,1
0,0,2,1,4,4,3,0,1,1,1286,7,75,1
0,0,0,0,0,0,0,0,0,0,599,0,27,0
1,0,0,0,0,0,1,0,0,0,476,1,29,0
2,0,2,0,1,1,1,0,0,0,551,8,66,1
3,2,2,2,0,4,3,1,0,1,129,4,65,1
1,0,0,0,1,0,1,0,0,0,190,1,10,0
2,2,2,2,5,2,2,0,2,1,1260,8,71,1
0,0,1,0,5,6,2,0,1,0,701,7,84,1
2,0,0,0,6,0,0,0,0,0,803,8,36,0
0,0,0,0,1,0,1,0,0,0,462,1,8,0
0,0,0,2,5,0,1,0,0,0,895,7,45,0
2,0,0,1,6,0,0,0,0,0,729,6,38,0
1,0,0,0,0,1,0,0,0,0,286,1,16,0
1,0,0,0,0,0,1,0,0,0,340,1,12,0
1,0,1,0,6,4,3,0,1,0,878,8,89,1
0,0,0,0,0,1,0,0,0,0,604,0,8,0
1,0,0,0,0,1,1,0,0,0,106,0,3,0
1,0,2,2,1,2,1,0,0,0,282,1,40,0
0,0,2,2,2,3,4,1,0,1,636,4,96,1
0,0,0,0,1,1,1,0,0,0,409,1,2,0
0,0,0,0,1,0,0,0,0,0,596,0,28,0
0,0,0,0,1,1,1,0,0,0,459,1,14,0
1,0,0,0,1,0,0,0,0,0,191,0,5,0
1,0,0,0,1,1,0,0,0,0,196,0,3,0
1,0,0,0,0,0,1,0,0,0,181,0,6,0
1,0,0,0,2,0,1,0,0,0,613,5,35,0
0,0,0,0,0,1,1,0,0,0,170,1,6,0
0,0,2,2,1,1,0,0,0,0,145,8,43,0
2,0,2,2,5,6,1,0,0,0,430,2,40,0
0,0,0,0,0,1,1,0,0,0,383,1,8,0
0,0,0,0,0,0,0,0,0,0,856,2,39,0
1,0,0,0,1,1,0,0,0,0,422,1,3,0
0,0,2,1,1,0,4,0,1,0,1285,7,63,1
1,1,2,0,1,4,2,0,1,1,388,6,78,1
4,0,0,1,2,0,0,1,1,0,813,4,64,1
2,0,0,2,0,3,5,0,1,0,1037,3,57,1
3,1,2,0,5,4,5,1,2,0,113,1,54,1
0,0,0,0,0,0,0,0,0,0,642,0,22,0
4,1,2,0,5,2,3,1,1,2,780,4,89,1
0,0,0,2,4,1,0,0,0,0,301,7,36,0
0,0,0,0,0,0,1,0,0,0,194,0,20,0
2,2,0,2,6,3,0,1,1,0,214,8,66,1
1,1,0,0,1,0,2,1,0,0,707,3,63,1
5,1,1,2,1,5,2,0,0,2,295,5,77,1
2,1,1,0,5,1,5,1,1,1,824,5,98,1
2,0,0,0,1,1,0,0,0,0,546,5,30,0
2,0,0,2,6,0,3,1,1,0,361,7,88,1
1,0,0,0,1,0,1,0,2,2,1027,0,72,1
1,0,2,2,5,1,4,1,0,2,470,6,84,1
0,0,0,0,1,0,0,0,0,0,316,0,3,0
1,0,0,0,0,0,1,0,0,0,489,1,3,0
3,1,0,0,1,4,3,0,2,0,1091,7,60,1
1,0,0,0,1,0,0,0,0,0,552,1,26,0
6,2,1,0,6,1,4,0,2,1,1542,3,91,1
0,0,2,1,6,1,5,0,2,0,208,8,50,1
0,0,2,0,4,4,0,1,1,0,753,5,55,1
1,1,1,2,1,3,0,0,1,0,169,2,89,1
1,0,1,0,4,3,2,0,0,1,1904,2,94,1
3,2,0,0,4,4,1,0,2,0,558,6,62,1
2,2,0,0,3,5,2,1,0,1,1180,8,83,1
3,0,2,2,1,0,4,0,0,0,270,8,76,1
1,0,1,0,2,6,1,0,0,0,631,4,44,0
3,0,0,2,0,5,3,0,1,1,1090,4,66,1
0,0,2,0,1,1,4,1,0,0,1090,3,76,1
1,0,0,2,2,6,3,1,0,0,202,7,50,1
1,0,0,0,1,0,0,0,0,0,645,1,21,0
2,0,2,2,0,4,3,0,1,0,554,5,64,1
1,0,2,1,5,4,1,1,0,0,480,2,49,0
0,0,0,0,5,1,0,0,0,0,704,3,32,0
0,0,0,0,3,0,1,0,0,0,326,4,32,0
1,0,0,0,4,0,0,0,0,0,357,1,32,0
1,0,0,0,1,1,1,0,0,0,105,0,2,0
1,1,1,0,4,3,3,1,2,1,927,8,76,1
1,0,0,0,0,1,1,0,0,0,456,1,3,0
0,0,0,0,1,0,1,0,0,0,625,0,15,0
2,1,0,0,3,2,3,0,0,0,513,1,52,1
1,0,0,0,5,1,0,0,0,0,147,2,33,0
1,0,0,0,1,1,1,0,0,0,393,1,1,0
3,1,2,0,5,1,2,0,1,0,655,7,50,1
3,2,0,0,3,5,5,1,1,0,607,7,56,1
3,0,0,0,6,2,2,1,1,1,1086,4,70,1
1,0,0,0,1,0,1,0,0,0,503,0,7,0
0,0,2,2,5,0,0,0,0,0,810,5,44,0
2,0,2,0,3,5,4,0,2,0,488,6,54,1
1,0,0,0,0,1,1,0,0,0,592,1,18,0
1,0,2,0,4,2,5,0,0,2,1049,8,77,1
1,0,2,1,1,6,0,1,0,0,283,3,49,0
2,0,0,0,5,6,1,0,0,0,636,5,40,0
1,0,0,0,0,0,0,0,0,0,168,0,10,0
4,0,1,1,3,1,3,1,0,2,582,7,98,1
5,1,1,1,0,0,2,1,2,2,679,7,98,1
1,1,0,0,4,0,0,0,1,0,286,2,98,1
0,0,0,0,5,1,1,0,0,0,840,6,33,0
4,1,2,0,4,4,3,1,1,0,823,3,61,1
2,0,0,0,1,1,0,0,0,0,308,1,31,0
1,0,0,0,1,1,1,0,0,0,112,0,5,0
0,0,0,0,1,1,1,0,0,0,295,1,11,0
0,0,0,0,4,1,1,0,0,0,181,4,31,0
0,0,0,0,3,1,1,0,0,0,935,8,39,0
0,0,1,0,0,4,4,0,1,0,846,1,70,1
0,0,0,0,1,1,1,0,0,0,419,1,19,0
0,0,1,1,2,5,4,1,0,0,303,2,63,1
5,2,0,2,3,0,1,1,0,0,902,3,100,1
3,0,0,0,0,4,1,0,0,1,497,5,68,1
5,2,0,1,4,0,0,1,1,0,1142,8,96,1
1,1,0,2,3,1,4,1,0,0,635,4,52,1
2,1,2,0,5,2,3,0,0,0,444,1,56,1
4,0,2,1,3,3,5,1,0,2,1341,3,98,1
1,0,0,0,1,0,1,0,0,0,215,1,24,0
1,0,0,0,1,0,0,0,0,0,283,1,10,0
3,2,2,2,2,3,4,1,2,2,887,7,66,1
1,1,2,2,5,6,4,1,1,2,1166,0,89,1
4,1,2,2,4,5,3,1,1,0,342,6,93,1
1,0,0,0,1,1,1,0,0,0,633,0,27,0
0,0,0,0,1,0,0,0,0,0,617,1,15,0
1,0,0,0,1,0,0,0,0,0,260,0,17,0
1,0,0,0,0,1,1,0,0,0,425,1,6,0
4,2,0,2,4,1,2,0,1,0,1587,7,98,1
2,0,0,0,4,0,1,0,0,0,505,0,31,0
3,0,1,0,2,0,4,0,2,0,1065,2,55,1
0,0,2,2,4,5,0,1,1,0,223,6,51,1
4,2,0,2,1,1,1,0,1,1,1519,3,82,1
2,2,1,2,0,0,4,1,0,0,344,1,51,1
0,0,0,0,0,0,1,0,0,0,273,0,11,0
1,0,0,0,0,0,1,0,0,0,402,0,14,0
4,0,2,2,1,5,3,0,0,1,132,5,79,1
3,0,1,1,3,4,1,0,0,1,979,2,68,1
0,0,0,0,4,1,1,0,0,0,939,3,32,0
0,0,1,0,5,3,3,0,0,2,1385,1,75,1
0,0,0,0,0,0,0,0,0,0,327,1,22,0
1,0,0,0,0,0,0,0,0,0,246,0,7,0
1,0,1,0,1,1,4,0,0,0,1221,1,58,1
4,1,1,2,2,5,5,1,1,0,1509,5,70,1
0,0,0,0,1,1,0,0,0,0,456,0,20,0
3,1,2,0,1,1,1,0,1,2,1621,0,98,1
0,0,0,0,2,3,2,1,0,2,120,1,74,1
2,0,0,0,4,2,0,0,0,0,487,2,42,0
3,1,0,2,0,0,1,0,2,1,1435,8,85,1
1,1,1,1,4,6,0,0,2,0,1666,0,78,1
3,0,2,2,0,5,0,1,0,0,936,8,49,0
0,0,2,0,3,2,3,0,0,0,1477,7,94,1
1,0,0,0,3,1,0,0,0,0,316,4,39,0
1,0,0,0,1,1,0,0,0,0,346,1,4,0
1,1,1,2,4,5,3,0,1,0,1592,4,81,1
1,0,2,0,5,6,4,0,0,1,1339,8,82,1
0,0,0,0,1,1,0,0,0,0,408,0,17,0
5,0,1,1,3,4,0,1,0,1,1762,2,87,1
3,1,1,1,1,4,5,0,1,0,597,0,50,1
1,0,0,0,0,0,0,0,0,0,375,1,24,0
0,0,0,0,0,0,4,1,0,0,1378,8,80,1
3,0,1,1,6,3,1,1,0,1,1033,5,95,1
0,0,0,0,1,0,1,0,0,0,369,0,16,0
3,0,2,0,1,4,1,1,0,0,479,4,47,0
2,0,2,1,4,4,0,1,2,0,1107,4,59,1
2,0,2,2,2,3,5,1,1,0,532,1,54,1
3,0,0,0,5,4,5,1,2,2,1272,7,100,1
4,1,0,2,6,3,1,1,0,2,1544,5,71,1
0,0,0,0,0,0,0,0,0,0,199,1,17,0
0,0,0,0,0,1,0,0,0,0,140,0,24,0
1,0,1,0,5,3,4,0,2,1,1212,2,83,1
0,0,1,1,3,5,0,0,0,0,700,7,40,0
4,2,1,2,0,6,3,0,1,0,610,1,84,1
1,0,1,2,4,5,5,0,1,2,476,6,83,1
3,2,2,1,2,6,1,0,0,0,566,8,54,1
1,0,0,1,3,0,0,0,0,0,571,5,36,0
2,0,0,2,2,1,0,0,0,0,796,1,38,0
0,0,2,1,5,5,2,0,1,0,494,6,56,1
1,0,0,0,1,0,0,0,0,0,175,0,15,0
0,0,0,0,0,1,1,0,0,0,140,1,19,0
0,0,1,0,0,0,3,0,1,0,1055,6,74,1
2,0,1,1,5,0,5,1,1,0,205,5,65,1
2,1,1,0,5,6,1,0,1,0,1373,4,70,1
0,0,0,0,0,1,1,0,0,0,390,1,20,0
1,0,0,0,0,0,1,0,0,0,715,1,20,0
2,2,2,1,4,0,1,0,1,0,820,3,63,1
1,0,0,0,1,0,0,0,0,0,661,0,28,0
3,0,1,2,2,3,5,1,1,0,985,8,64,1
4,2,0,2,5,6,1,1,2,1,932,8,99,1
1,0,0,0,0,1,1,0,0,0,439,1,4,0
0,0,0,0,2,5,1,1,0,0,484,6,45,0
3,0,0,0,5,3,0,1,0,0,1361,4,63,1
4,1,1,1,5,1,3,0,1,1,760,7,90,1
3,0,1,0,0,4,1,0,0,0,514,3,49,0
1,1,0,0,2,2,3,0,1,0,1038,7,50,1
0,0,2,1,2,4,2,1,0,1,179,7,84,1
2,0,2,1,0,6,1,1,1,0,159,5,58,1
1,0,0,0,1,0,0,0,0,0,238,7,31,0
3,0,2,2,0,2,3,0,0,0,1144,6,51,1
1,0,0,2,1,0,1,0,0,0,194,6,35,0
0,0,1,2,4,1,5,1,1,2,433,2,79,1
0,0,1,1,6,2,3,0,0,0,951,8,57,1
3,0,2,0,5,1,4,1,2,0,150,5,67,1
3,2,0,0,3,6,2,0,2,1,935,2,94,1
4,0,1,0,5,1,5,0,1,0,351,0,96,1
4,1,2,1,1,2,2,0,1,1,1676,4,93,1
4,2,0,1,6,4,1,0,1,0,434,8,68,1
0,0,0,0,1,1,0,0,0,0,215,1,11,0
3,1,2,0,5,3,4,1,0,1,1215,8,96,1
1,1,0,1,2,4,0,1,0,0,882,5,60,1
1,0,0,0,0,1,0,0,0,0,155,1,7,0
1,0,0,0,2,1,1,0,0,0,446,3,38,0
2,0,1,2,5,5,1,0,2,2,706,5,89,1
1,0,0,0,6,4,0,1,0,0,278,0,48,0
1,0,2,0,4,2,0,0,0,1,1264,7,70,1
2,2,2,2,6,1,1,1,1,0,1211,3,58,1
2,0,1,1,4,0,1,1,0,0,1175,1,45,0
0,0,0,0,0,0,0,0,0,0,726,1,26,0
3,2,1,2,2,3,2,0,0,1,873,6,91,1
2,0,0,0,4,0,0,0,0,0,285,7,31,0
1,0,0,0,1,1,1,0,0,0,348,0,1,0
1,0,0,0,0,1,0,0,0,0,330,1,4,0
0,0,0,0,0,1,0,0,0,0,444,0,4,0
5,1,1,0,3,5,1,0,2,0,279,5,92,1
1,0,0,0,1,0,1,0,0,0,848,1,38,0
1,0,2,2,5,3,5,1,0,0,1459,4,93,1
0,0,2,0,5,3,5,1,2,0,341,8,93,1
2,0,2,0,6,1,0,0,0,0,470,3,42,0
1,0,0,0,0,0,0,0,0,0,520,0,11,0
1,0,0,0,0,0,0,0,0,0,662,1,19,0
1,1,2,2,4,3,1,0,2,2,210,6,95,1
1,0,0,1,1,4,0,0,0,0,205,6,40,0
2,2,1,1,3,1,1,1,1,1,1622,0,89,1
2,0,1,0,3,2,3,0,1,1,1381,0,94,1
4,1,2,0,0,3,5,1,0,2,1259,6,76,1
0,0,0,0,0,0,1,0,0,0,522,1,16,0
1,0,0,0,1,1,0,0,0,0,550,0,13,0
1,0,0,0,1,0,0,0,0,0,554,1,17,0
5,2,2,2,3,3,5,1,2,0,126,1,92,1
4,2,2,1,3,6,5,1,1,2,1325,5,81,1
1,0,0,0,1,0,1,0,0,0,189,0,24,0
0,0,0,2,2,1,1,0,0,0,467,2,35,0
1,0,0,0,1,0,0,0,0,0,451,1,3,0
3,0,2,0,1,5,4,0,2,1,1393,3,97,1
0,0,1,2,2,5,4,0,1,0,222,6,58,1
0,0,2,1,2,0,3,1,1,0,429,1,95,1
0,0,1,1,3,6,2,0,2,0,1284,3,58,1
0,0,0,0,1,0,1,0,0,0,357,1,1,0
1,0,0,0,0,0,1,0,0,0,183,0,16,0
1,0,0,0,2,1,1,0,0,0,568,2,30,0
1,1,2,0,5,5,4,1,2,0,334,4,59,1
3,0,2,0,4,0,1,1,1,0,218,4,59,1
0,0,1,2,3,0,5,1,1,0,248,8,52,1
1,0,0,0,1,0,1,0,0,0,689,0,15,0
0,0,0,0,1,0,0,0,0,0,250,0,19,0
5,0,2,1,4,6,4,0,0,0,1661,4,94,1
1,0,2,1,3,1,4,1,1,0,1088,5,62,1
1,0,0,0,1,0,1,0,0,0,497,1,8,0
0,0,0,0,0,1,1,0,0,0,417,0,3,0
0,0,0,2,1,1,1,0,0,0,938,0,38,0
0,0,0,2,5,1,0,0,0,0,869,0,43,0
1,0,0,0,1,1,0,0,0,0,458,0,13,0
0,0,0,0,1,0,0,0,0,0,263,0,10,0
2,0,0,2,4,0,0,0,0,0,485,0,37,0
0,0,0,1,2,1,1,0,0,0,559,6,39,0
1,1,0,2,0,4,1,1,1,0,1138,4,55,1
4,0,1,1,2,4,2,1,2,0,1839,2,90,1
0,0,2,0,2,5,3,1,1,0,1353,5,59,1
4,2,1,0,1,3,0,0,2,0,511,5,61,1
1,0,0,0,0,1,0,0,0,0,526,1,15,0
0,0,0,0,1,0,0,0,0,0,510,1,6,0
0,0,1,0,2,1,4,0,1,0,663,5,50,1
2,0,0,0,5,1,1,0,0,0,451,4,30,0
1,0,0,0,0,1,1,0,0,0,754,1,20,0
0,0,2,2,4,3,0,0,0,0,169,1,44,0
2,0,0,0,4,0,0,0,0,0,594,2,36,0
3,0,2,1,5,2,0,1,0,0,954,0,46,0
0,0,0,0,1,1,1,0,0,0,638,1,15,0
0,0,0,1,0,1,1,1,0,0,857,8,45,0
0,0,0,0,0,1,1,0,0,0,130,1,13,0
3,1,2,0,5,0,1,1,0,0,182,8,54,1
2,0,0,0,5,0,0,0,0,0,124,6,34,0
2,0,0,0,4,0,1,0,0,0,642,2,31,0
6,0,1,2,5,0,0,1,2,2,1027,2,99,1
0,0,0,0,1,0,0,0,0,0,212,1,8,0
0,0,1,2,0,0,1,0,0,0,1086,2,42,0
1,0,0,0,0,1,1,0,0,0,132,0,13,0
1,1,2,1,0,3,0,0,0,0,1452,5,78,1
2,0,1,0,5,0,1,0,0,0,1065,8,41,0
0,0,2,1,1,4,4,1,0,0,368,5,74,1
2,0,1,0,5,1,1,0,0,0,450,3,44,0
0,0,0,0,0,1,0,0,0,0,107,0,22,0
2,0,2,2,1,1,0,0,0,0,546,6,42,0
0,0,0,0,3,3,5,0,1,2,1479,7,80,1
2,1,1,2,6,1,0,0,0,0,1619,7,83,1
5,2,0,2,6,4,3,1,1,1,1180,4,81,1
0,0,0,1,5,5,0,0,0,0,596,5,43,0
3,2,1,0,3,0,0,0,2,2,193,3,86,1
1,0,0,0,0,0,1,0,0,0,317,1,25,0
2,0,1,0,2,0,1,0,2,1,299,1,90,1
1,1,2,1,6,2,5,1,2,0,581,6,50,1
1,0,0,0,0,0,0,0,0,0,373,0,21,0
0,0,1,0,1,1,3,0,1,0,376,8,55,1
0,0,0,2,2,5,0,0,2,0,1101,5,59,1
0,0,0,0,0,0,0,0,0,0,370,0,10,0
4,1,1,1,3,6,4,1,2,1,662,5,73,1
5,2,2,0,6,6,3,0,0,0,555,2,77,1
1,1,1,0,5,1,0,0,2,1,1608,3,75,1
0,0,0,0,0,0,0,0,0,0,883,0,27,0
0,0,0,0,1,0,1,0,0,0,292,0,7,0
0,0,0,0,0,0,0,0,0,0,695,1,24,0
3,2,0,0,1,0,3,1,0,0,202,0,64,1
1,1,1,1,4,1,0,1,0,1,1546,2,88,1
0,0,0,0,1,0,1,0,0,0,388,1,28,0
1,0,0,0,0,0,1,0,0,0,333,1,29,0
3,0,1,1,1,0,0,1,1,0,1399,2,78,1
0,0,1,2,1,4,1,0,0,0,1025,6,41,0
2,2,2,0,1,4,0,1,0,0,116,3,62,1
2,1,2,1,0,6,2,0,0,0,708,0,63,1
0,0,0,0,1,1,0,0,0,0,476,0,13,0
6,0,2,1,0,4,4,1,0,2,677,0,90,1
4,2,1,1,5,1,4,0,0,2,1216,5,68,1
0,0,0,0,0,0,0,0,0,0,393,0,19,0
2,2,2,1,5,0,2,1,2,0,930,4,51,1
3,0,0,0,0,4,3,0,0,2,851,0,69,1
5,2,2,2,4,2,1,0,2,1,1365,4,92,1
0,0,0,0,0,1,0,0,0,0,317,0,1,0
1,0,0,0,1,0,1,0,0,0,249,0,29,0
2,0,0,0,2,1,0,0,0,0,539,5,34,0
3,0,0,1,5,3,1,0,0,0,569,5,46,0
2,0,1,0,3,2,5,1,1,2,1496,2,84,1
0,0,2,2,2,2,3,0,1,0,558,5,59,1
1,0,0,0,0,1,1,0,0,0,397,1,28,0
5,0,1,2,5,3,2,0,2,2,229,2,93,1
0,0,0,2,4,3,0,0,0,0,1016,1,49,0
0,0,0,0,1,1,0,0,0,0,248,0,13,0
1,0,0,0,1,0,0,0,0,0,655,0,18,0
2,0,0,1,4,1,1,0,0,0,803,5,36,0
0,0,0,0,5,0,0,0,0,0,383,2,33,0
1,0,0,0,0,1,0,0,0,0,355,0,18,0
5,0,1,2,1,5,4,1,0,2,258,8,100,1
3,1,2,0,1,6,5,1,1,0,761,6,52,1
3,1,2,1,4,2,5,1,0,1,1240,7,92,1
5,2,1,1,4,5,3,0,0,2,1370,7,82,1
1,1,2,2,0,4,5,1,0,1,507,3,88,1
4,1,1,1,1,5,3,1,2,0,533,2,61,1
0,0,0,1,0,2,0,1,0,0,731,0,49,0
3,0,0,2,5,6,1,0,2,0,159,7,61,1
2,0,0,2,2,1,0,0,0,0,858,4,39,0
0,0,0,0,0,1,1,0,0,0,211,0,11,0
2,0,0,0,6,0,1,0,0,0,776,1,30,0
0,0,0,0,0,1,0,0,0,0,450,4,34,0
2,2,2,0,2,1,2,0,2,0,807,0,99,1
1,0,0,0,0,0,1,0,0,0,135,0,7,0
1,0,0,0,0,1,1,0,0,0,735,0,24,0
4,0,1,2,2,1,4,0,1,0,1006,0,91,1
0,0,1,2,5,5,0,1,2,0,1080,6,53,1
0,0,0,0,3,0,1,0,0,0,1005,0,37,0
0,0,0,0,2,0,0,0,0,0,332,4,30,0
1,0,0,0,1,0,0,0,0,0,207,1,8,0
0,0,0,0,1,0,1,0,0,0,260,1,7,0
0,0,0,0,0,0,1,0,0,0,161,1,1,0
0,0,0,0,1,0,0,0,0,0,555,0,21,0
4,1,0,0,2,1,0,0,2,2,1103,1,82,1
4,1,2,0,2,5,3,0,1,0,934,3,60,1
3,1,2,1,5,5,2,0,1,0,763,6,54,1
3,0,2,1,1,4,2,0,1,2,1451,7,73,1
2,0,0,0,4,0,1,0,0,0,178,1,39,0
1,1,0,1,6,2,1,0,0,0,340,1,88,1
1,1,2,0,3,5,2,1,1,1,1182,3,88,1
4,0,1,2,3,4,5,0,0,0,181,3,73,1
1,0,0,0,0,1,0,0,0,0,625,1,28,0
0,0,2,1,3,3,0,1,1,1,1834,0,91,1
1,0,2,1,3,3,3,0,1,0,884,2,76,1
0,0,1,1,1,4,3,0,1,0,1100,4,50,1
1,0,0,0,0,1,1,0,0,0,235,1,4,0
0,0,0,0,6,0,1,0,0,0,653,2,37,0
1,1,1,0,3,1,3,0,0,2,1668,0,92,1
0,0,1,1,4,4,0,1,0,0,527,8,49,0
0,0,0,1,1,0,0,1,2,2,1610,5,88,1
1,0,0,0,1,0,1,0,0,0,102,1,3,0
3,2,1,0,6,5,3,0,1,0,561,8,65,1
0,0,0,0,0,0,0,0,0,0,147,0,18,0
1,0,0,0,0,0,1,0,0,0,668,1,14,0
1,0,0,0,1,0,0,0,0,0,443,1,2,0
1,0,0,0,4,0,1,0,0,0,749,1,32,0
1,0,0,0,0,0,0,0,0,0,366,0,1,0
6,0,2,0,4,5,5,0,0,0,865,3,99,1
2,1,2,1,1,3,5,0,1,0,1353,2,58,1
5,1,0,2,0,4,5,1,0,0,938,6,96,1
3,0,1,1,3,5,1,1,0,0,351,3,46,0
1,0,0,0,0,1,0,0,0,0,100,0,1,0
3,0,0,2,2,3,4,1,1,0,999,4,50,1
4,0,1,1,6,6,5,0,1,0,234,7,64,1
0,0,0,0,4,0,1,0,0,0,627,3,45,0
4,0,0,1,6,1,0,1,0,0,838,8,71,1
1,0,0,0,0,1,1,0,0,0,768,1,26,0
1,1,1,1,0,2,0,1,2,1,547,7,100,1
0,0,0,2,5,1,0,1,0,0,1078,8,49,0
1,0,0,0,1,0,1,0,0,0,253,1,15,0
5,1,2,0,6,5,3,0,1,2,476,5,86,1
4,0,1,2,6,5,5,0,0,2,595,5,73,1
6,2,2,2,0,5,5,1,0,2,481,4,93,1
1,0,0,1,5,1,0,0,0,0,419,2,39,0
2,0,1,2,0,1,0,0,0,0,670,6,40,0
4,1,0,2,6,5,1,0,0,0,991,2,97,1
3,2,1,0,0,5,0,0,2,1,558,5,68,1
0,0,0,0,5,6,5,1,1,0,1423,4,76,1
0,0,0,1,4,0,0,0,0,0,385,3,36,0
0,0,0,0,1,1,1,0,0,0,523,1,2,0
1,0,2,1,2,1,5,1,0,0,1213,5,56,1
0,0,0,2,3,1,1,0,0,0,644,3,45,0
2,0,2,1,4,6,2,1,2,0,1052,2,98,1
1,0,0,0,0,0,1,0,0,0,459,1,1,0
4,2,2,0,3,1,3,0,0,0,806,2,79,1
3,0,1,1,5,4,0,0,2,0,716,4,60,1
3,2,2,0,2,1,4,0,2,1,692,0,69,1
0,0,0,1,6,2,4,1,2,0,763,7,72,1
0,0,0,0,0,0,0,0,0,0,260,0,25,0
1,0,0,0,0,1,1,0,0,0,143,1,29,0
1,0,2,2,2,6,0,0,1,1,1502,7,81,1
2,2,0,2,3,0,4,0,0,1,241,8,69,1
2,0,2,1,0,0,0,0,0,0,691,6,48,0
1,0,2,0,4,6,0,0,0,0,277,2,41,0
1,0,0,0,0,1,0,0,0,0,450,1,2,0
0,0,0,0,0,1,1,0,0,0,408,1,3,0
2,0,1,1,5,5,0,0,1,0,387,5,72,1
0,0,0,0,1,1,1,0,0,0,412,0,5,0
2,2,2,2,0,4,1,0,2,0,552,6,59,1
1,0,0,0,1,1,0,0,0,0,337,0,2,0
3,0,2,1,3,4,3,1,0,0,1067,3,53,1
4,0,0,2,0,1,5,1,2,2,425,2,73,1
1,0,0,0,0,0,1,0,0,0,259,1,10,0
2,1,1,0,3,4,3,0,0,1,129,3,87,1
0,0,0,0,6,1,1,0,0,0,633,5,33,0
0,0,0,0,1,0,0,0,0,0,740,1,28,0
2,0,2,0,4,5,0,0,2,2,878,5,81,1
1,0,0,2,2,0,1,0,0,0,237,0,35,0
2,0,2,1,4,2,4,1,0,1,421,5,73,1
0,0,0,0,0,0,0,0,0,0,175,0,7,0
1,0,0,1,1,6,4,1,1,0,431,8,53,1
0,0,0,0,1,1,1,0,0,0,557,1,14,0
0,0,0,0,0,1,1,0,0,0,187,0,19,0
0,0,0,0,0,0,1,0,0,0,277,0,26,0
2,0,2,0,2,6,2,0,0,0,1901,6,97,1
1,0,0,0,0,1,1,0,0,0,758,1,22,0
3,0,1,0,1,2,2,1,0,0,829,5,97,1
0,0,1,1,1,6,0,0,0,0,917,1,42,0
2,1,1,2,6,6,2,0,2,2,1594,0,74,1
1,0,0,0,2,0,1,0,0,0,429,4,32,0
6,1,2,2,6,1,4,0,1,0,1442,8,92,1
3,1,1,0,6,5,0,1,0,0,997,4,66,1
4,2,0,0,3,0,4,0,0,0,488,1,78,1
2,0,1,1,3,6,1,0,0,0,335,6,47,0
1,0,0,0,0,1,1,0,0,0,408,1,25,0
1,0,0,0,1,1,1,0,0,0,333,0,3,0
1,0,2,0,4,4,1,0,0,0,602,5,40,0
5,0,1,0,2,5,4,0,1,2,705,2,87,1
0,0,0,0,0,0,0,0,0,0,580,0,20,0
0,0,0,1,2,1,1,0,0,0,368,1,52,1
2,0,2,0,2,6,0,1,2,0,1571,5,97,1
1,0,0,0,0,0,1,0,0,0,172,1,28,0
3,0,2,0,1,5,2,0,2,0,651,0,52,1
1,0,0,0,1,4,1,1,2,0,1744,5,83,1
3,0,2,0,5,3,1,0,0,1,1815,6,89,1
3,2,0,0,4,6,3,1,2,0,371,6,62,1
0,0,0,0,0,1,0,0,0,0,615,0,29,0
0,0,0,0,0,1,1,0,0,0,261,1,24,0
1,0,0,0,0,1,1,0,0,0,874,1,27,0
2,0,0,1,6,6,1,0,0,0,420,2,45,0
4,0,2,2,0,1,4,0,2,0,1254,1,77,1
3,2,0,0,4,6,5,0,1,0,1048,1,59,1
2,1,1,2,2,5,4,1,1,0,994,1,58,1
0,0,0,0,1,1,1,0,0,0,364,1,19,0
1,0,0,0,1,1,1,0,0,0,392,0,13,0
2,2,2,0,2,4,0,0,0,0,1203,1,61,1
0,0,0,2,5,2,2,1,2,0,662,5,64,1
1,1,0,1,2,0,3,0,2,0,723,1,57,1
0,0,0,0,0,1,1,0,0,0,842,1,25,0
1,0,0,0,1,0,1,0,0,0,464,1,18,0
1,0,0,0,2,0,0,0,0,0,748,2,32,0
0,0,2,0,3,2,0,0,2,1,1023,2,73,1
4,0,1,0,1,3,0,0,2,1,348,1,73,1
0,0,0,0,0,0,0,0,0,0,550,1,27,0
1,0,0,0,1,0,1,0,0,0,186,0,12,0
3,2,1,0,1,1,0,1,2,0,279,3,69,1
1,0,0,0,1,1,0,0,0,0,304,1,21,0
1,0,0,0,0,0,1,0,0,0,523,1,3,0
0,0,0,1,1,1,1,0,0,0,633,1,39,0
3,0,0,1,5,4,2,0,2,1,984,4,71,1
1,0,0,0,1,1,0,0,0,0,704,0,20,0
0,0,2,2,6,2,5,1,2,0,404,7,51,1
5,1,0,2,4,0,5,0,0,2,344,6,89,1
0,0,0,0,0,0,0,0,0,0,208,0,15,0
0,0,0,1,5,3,4,1,0,0,1074,4,62,1
0,0,0,0,5,5,3,0,0,0,1123,3,65,1
3,0,2,0,3,5,1,0,1,0,1285,5,72,1
0,0,1,1,0,4,3,1,1,1,624,1,65,1
3,1,0,1,2,4,2,1,2,1,644,2,87,1
1,0,0,0,2,1,1,0,0,0,972,5,36,0
1,0,0,0,1,1,0,0,0,0,276,1,28,0
0,0,1,1,3,3,0,0,0,0,322,5,42,0
1,0,1,1,0,5,1,0,0,0,473,1,47,0
0,0,0,0,1,0,1,0,0,0,629,1,10,0
1,0,0,0,0,1,1,0,0,0,369,1,3,0
3,1,0,0,2,2,5,1,2,0,1235,2,53,1
1,1,0,1,1,1,2,0,2,0,1164,7,55,1
0,0,0,0,1,0,1,0,0,0,142,0,1,0
1,1,0,1,4,6,3,0,2,0,476,1,50,1
1,0,0,0,0,1,1,0,0,0,364,0,8,0
0,0,2,1,3,0,1,0,2,0,869,2,52,1
2,1,2,0,1,5,1,0,0,0,960,1,60,1
0,0,0,0,1,1,0,0,0,0,580,1,14,0
4,0,0,2,1,1,5,1,0,0,753,8,99,1
2,2,1,2,3,1,4,0,2,2,1156,4,80,1
0,0,1,2,0,3,5,0,1,0,769,5,50,1
0,0,2,1,6,5,0,1,1,0,762,1,55,1
0,0,0,1,6,1,2,1,1,1,1160,3,81,1
0,0,0,0,1,1,0,0,0,0,558,1,25,0
2,0,2,1,4,4,2,0,2,2,653,7,70,1
1,1,2,1,1,4,0,0,1,0,1036,1,59,1
0,0,0,0,6,1,1,0,0,0,1045,4,38,0
1,0,0,0,0,1,0,0,0,0,321,0,6,0
4,1,1,2,2,1,2,1,0,0,899,4,65,1
0,0,0,0,0,0,0,0,0,0,637,0,21,0
5,2,2,1,2,5,4,1,0,0,1598,1,99,1
1,0,2,1,4,2,3,0,0,0,1251,1,83,1
5,1,2,2,4,2,1,1,1,2,192,1,96,1
3,0,1,2,5,0,5,1,0,0,502,7,59,1
0,0,0,0,0,1,0,0,0,0,408,1,7,0
2,0,1,2,1,3,2,1,0,2,880,0,94,1
1,0,2,1,1,0,0,0,0,0,440,6,44,0
0,0,1,2,6,6,2,0,1,0,1112,6,60,1
0,0,0,0,0,1,0,0,0,0,268,1,7,0
0,0,2,1,4,3,5,1,0,0,1065,6,53,1
2,1,1,1,6,6,4,0,1,1,1280,3,66,1
1,0,0,0,4,1,1,0,0,0,415,6,31,0
0,0,0,0,0,5,4,1,1,1,898,5,69,1
0,0,0,0,1,1,1,0,0,0,679,1,25,0
1,0,0,0,1,0,0,0,0,0,337,1,17,0
0,0,2,2,1,2,1,1,0,0,1044,5,84,1
1,0,0,0,1,1,1,0,0,0,464,0,23,0
0,0,2,2,0,1,4,1,1,2,1347,3,76,1
0,0,0,0,3,1,1,0,0,0,936,1,30,0
1,0,2,2,2,4,0,0,0,0,1039,2,48,0
6,0,1,0,1,6,2,1,1,2,342,5,98,1
1,0,1,1,5,0,5,1,0,2,1152,1,100,1
4,0,2,1,2,2,1,0,1,0,1350,3,80,1
5,1,0,0,5,3,4,1,2,0,793,0,78,1
0,0,1,0,1,4,1,0,1,0,819,1,51,1
0,0,0,0,1,1,1,0,0,0,561,1,14,0
4,0,0,0,1,0,1,0,1,0,302,7,90,1
0,0,0,0,0,1,1,0,0,0,876,1,28,0
0,0,0,0,0,1,1,0,0,0,600,1,26,0
0,0,0,0,1,0,1,0,0,0,224,1,1,0
0,0,0,0,4,2,4,1,2,0,958,0,70,1
1,1,0,1,6,0,1,0,0,0,815,7,52,1
0,0,0,0,1,0,0,0,0,0,563,0,23,0
1,0,0,0,3,3,0,1,0,0,1324,6,64,1
5,2,0,2,3,6,2,1,2,0,688,4,94,1
0,0,0,0,0,1,0,0,0,0,200,1,16,0
0,0,0,2,5,1,2,1,1,0,911,8,51,1
4,0,1,0,4,2,2,0,0,0,1056,0,61,1
1,0,0,0,1,1,0,0,0,0,672,1,26,0
2,0,1,2,3,3,4,0,2,0,541,6,64,1
1,1,2,2,4,4,5,1,1,0,161,2,76,1
0,0,0,0,1,0,0,0,0,0,131,1,6,0
0,0,1,1,4,5,0,0,2,2,565,3,69,1
0,0,0,0,1,0,1,0,0,0,238,0,9,0
2,0,2,2,6,1,1,0,0,0,721,3,41,0
0,0,1,0,3,3,1,1,2,0,315,0,62,1
2,0,0,0,0,0,1,0,0,0,380,0,31,0
2,0,0,2,5,3,5,1,0,0,326,8,94,1
0,0,2,0,2,1,4,0,0,1,1424,8,71,1
0,0,0,0,0,0,0,0,0,0,484,0,18,0
1,0,0,0,0,1,0,0,0,0,170,6,32,0
3,2,1,2,0,2,0,1,1,2,1772,5,99,1
0,0,0,2,1,2,0,0,0,0,792,3,49,0
0,0,0,0,0,1,0,0,0,0,719,0,23,0
4,2,0,0,1,2,5,1,0,1,1556,7,94,1
1,0,0,0,0,1,1,0,0,0,206,0,21,0
0,0,1,0,3,5,3,0,0,2,1073,2,73,1
2,0,0,1,2,4,0,0,2,0,1461,5,86,1
2,0,1,2,2,6,5,1,2,1,965,5,84,1
1,0,0,0,0,1,1,0,0,0,420,0,8,0
0,0,0,0,0,0,1,0,0,0,432,1,20,0
2,1,0,1,4,1,0,0,0,0,853,0,55,1
0,0,0,0,1,0,0,0,0,0,148,0,27,0
0,0,0,0,1,0,1,0,0,0,378,1,17,0
3,0,1,0,0,4,0,1,0,0,973,5,47,0
0,0,2,1,0,3,3,1,1,1,855,1,70,1
1,0,0,1,5,4,0,0,0,0,574,0,42,0
0,0,0,0,0,1,0,0,0,0,374,1,1,0
1,0,0,1,6,0,1,0,0,0,417,2,37,0
5,2,0,2,0,1,5,1,2,2,660,4,79,1
0,0,0,0,0,0,0,0,0,0,268,1,3,0
4,1,1,2,0,1,5,1,1,2,871,4,67,1
0,0,0,2,1,0,1,0,0,0,696,6,38,0
4,2,0,2,4,3,4,1,2,1,1765,3,87,1
2,0,0,1,4,1,0,0,0,0,973,5,37,0
1,0,2,0,5,0,2,0,2,0,924,0,60,1
3,0,2,1,4,0,1,1,0,0,753,8,46,0
0,0,0,0,0,0,1,0,0,0,414,1,15,0
2,0,0,1,2,3,1,1,2,0,1267,8,58,1
2,0,0,0,6,0,0,0,0,0,250,0,34,0
1,0,2,1,6,5,0,1,2,2,887,1,87,1
4,2,0,0,5,6,1,1,2,0,218,1,61,1
2,2,1,1,1,1,1,0,0,0,1539,2,100,1
0,0,1,1,2,1,3,0,0,0,223,1,51,1
1,0,0,0,0,0,1,0,0,0,665,0,17,0
4,2,0,2,3,0,5,1,1,1,1524,7,83,1
1,0,0,0,1,1,0,0,0,0,123,0,18,0
5,0,2,2,4,6,2,1,1,2,1005,1,90,1
1,0,0,0,3,0,0,0,0,0,760,0,34,0
1,0,0,2,3,0,0,0,0,1,637,0,79,1
0,0,0,0,1,1,1,0,0,0,374,0,24,0
0,0,0,0,4,0,1,0,0,0,989,7,33,0
3,2,1,0,2,0,1,0,2,1,633,5,83,1
4,0,0,2,2,0,2,0,1,1,1655,3,77,1
3,0,2,2,4,0,4,1,1,0,1391,3,65,1
0,0,0,0,0,1,0,0,0,0,289,1,7,0
2,0,2,2,2,1,1,0,0,0,470,0,42,0
5,2,1,1,0,0,5,1,2,1,1840,2,98,1
0,0,0,0,0,1,1,0,0,0,226,1,0,0
0,0,0,0,3,5,0,0,2,0,274,3,59,1
0,0,0,0,1,5,1,0,1,2,724,3,80,1
1,0,0,0,1,1,0,0,0,0,540,1,25,0
0,0,1,1,5,2,0,0,0,0,909,3,51,1
1,1,1,2,3,1,1,0,2,2,1098,2,65,1
2,0,0,2,6,1,0,0,0,0,685,6,35,0
5,2,2,0,4,4,3,0,1,2,489,1,92,1
1,0,0,0,0,1,0,0,0,0,479,1,0,0
0,0,0,0,0,1,1,0,0,0,304,1,8,0
4,1,2,2,0,6,2,0,2,0,226,2,73,1
1,1,0,1,1,5,2,1,0,2,263,5,71,1
0,0,0,0,0,1,1,0,0,0,639,1,21,0
1,0,0,0,1,1,0,0,0,0,289,1,15,0
3,2,1,2,6,1,4,1,0,0,1181,6,51,1
0,0,0,2,3,3,4,0,0,0,755,4,65,1
3,1,0,2,2,4,2,1,0,0,1251,2,57,1
0,0,0,1,2,0,1,1,1,2,1316,1,69,1
4,0,1,0,4,3,1,0,0,0,988,0,61,1
3,1,0,0,1,4,3,0,0,1,828,0,71,1
0,0,0,0,1,0,1,0,0,0,110,0,14,0
0,0,0,1,3,0,1,0,0,0,216,3,39,0
3,1,2,0,4,3,2,0,1,0,1053,0,63,1
0,0,0,0,0,1,1,0,0,0,838,4,34,0
4,1,0,1,5,4,5,1,0,0,128,1,63,1
0,0,0,0,1,1,0,0,0,0,432,0,19,0
2,1,0,0,4,3,0,1,0,2,1225,2,84,1
0,0,0,0,1,0,1,0,0,0,735,0,18,0
0,0,0,0,1,0,1,0,0,0,749,0,22,0
3,1,2,0,4,1,2,0,1,0,596,2,83,1
2,0,0,2,3,2,1,0,0,0,1061,0,41,0
0,0,0,0,0,0,0,0,0,0,255,1,17,0
0,0,2,0,6,0,4,0,1,0,769,8,54,1
0,0,1,0,5,4,2,1,2,0,384,8,96,1
3,2,0,0,4,5,0,1,2,0,601,0,54,1
3,1,2,0,6,5,2,1,0,1,147,7,78,1
1,0,2,2,2,4,1,1,1,0,840,3,60,1
1,0,0,0,1,0,1,0,0,0,770,0,27,0
0,0,0,0,1,0,0,0,0,0,836,1,24,0
1,0,0,0,1,1,0,0,0,0,211,0,2,0
1,0,0,0,1,1,0,0,0,0,779,0,20,0
4,0,1,1,2,6,2,1,2,0,932,7,60,1
3,2,2,0,3,5,4,1,2,1,325,2,70,1
0,0,0,2,5,1,3,0,1,0,563,7,61,1
1,0,0,0,1,1,1,0,0,0,309,1,1,0
1,0,0,0,1,0,1,0,0,0,280,0,13,0
4,1,0,1,2,0,4,1,0,0,1406,8,89,1
0,0,0,0,1,0,1,0,0,0,134,0,21,0
0,0,2,0,4,0,2,0,2,1,1589,4,81,1
1,0,1,1,2,4,5,0,2,2,1180,1,93,1
1,0,0,0,0,1,1,0,0,0,151,1,4,0
1,1,0,1,5,2,2,1,1,1,1818,8,100,1
1,0,0,0,1,1,0,0,0,0,423,1,20,0
3,0,0,0,0,2,0,0,0,0,275,6,45,0
0,0,0,0,0,1,1,0,0,0,445,1,2,0
3,1,1,2,0,4,1,0,0,0,1285,7,60,1
1,1,1,1,2,6,2,1,2,0,708,3,51,1
0,0,0,0,1,1,1,0,0,0,194,0,13,0
1,1,0,1,1,1,4,0,2,0,914,2,51,1
0,0,2,2,1,5,5,1,1,2,611,7,73,1
1,1,1,0,1,0,2,1,0,0,1066,1,81,1
1,0,0,0,1,1,1,0,0,0,406,0,26,0
2,1,0,2,1,2,0,0,0,0,547,6,56,1
1,0,0,2,1,1,0,0,0,0,484,6,38,0
1,0,1,1,3,2,0,1,1,0,133,3,58,1
2,0,0,2,3,0,2,1,1,0,188,4,60,1
4,1,2,0,1,1,3,0,2,0,1060,3,61,1
3,0,1,2,2,3,1,0,0,0,946,5,46,0
0,0,0,0,1,1,1,0,0,0,183,1,27,0
3,1,2,0,3,4,3,1,1,2,668,8,88,1
4,1,0,2,2,6,0,1,0,0,1239,0,72,1
1,0,0,0,1,1,0,0,0,0,451,1,32,0
0,0,0,0,1,1,0,0,0,0,469,1,0,0
3,0,0,2,5,2,2,0,0,0,1441,7,80,1
1,1,0,1,1,3,2,0,2,0,389,8,81,1
0,0,0,0,0,0,1,0,0,0,346,0,15,0
0,0,0,0,1,1,0,0,0,0,564,1,15,0
0,0,0,0,1,0,0,0,0,0,265,1,13,0
5,1,1,1,5,6,4,1,0,2,1266,4,80,1
0,0,0,0,1,0,1,0,0,0,648,1,16,0
1,0,0,2,1,2,1,1,1,0,751,2,64,1
0,0,0,0,1,0,1,0,0,0,636,0,19,0
0,0,0,0,0,1,0,0,0,0,452,1,29,0
0,0,0,2,2,5,2,1,1,0,488,0,99,1
5,1,1,0,4,2,5,0,1,0,1797,1,97,1
0,0,0,0,1,0,1,0,0,0,546,0,26,0
2,0,1,1,2,4,1,1,0,0,712,7,46,0
1,0,1,2,6,1,5,1,2,0,899,7,52,1
1,0,0,0,0,0,0,0,0,0,823,1,27,0
0,0,1,0,1,6,3,1,2,0,271,7,50,1
0,0,0,0,1,1,0,0,0,0,399,1,20,0
4,1,0,0,4,1,4,0,2,0,120,1,70,1
0,0,0,0,1,0,0,0,0,0,106,0,7,0
4,0,1,2,1,4,2,0,1,0,535,0,77,1
0,0,2,1,6,6,0,1,0,0,1095,0,54,1
1,0,0,0,1,0,1,0,0,0,658,0,24,0
0,0,1,1,3,5,4,1,2,0,1356,7,85,1
0,0,0,0,2,1,1,0,0,0,707,8,37,0
0,0,0,0,1,0,0,0,0,0,381,1,28,0
0,0,0,0,0,0,0,0,0,0,192,0,26,0
0,0,2,0,4,6,3,0,0,1,1054,2,91,1
1,0,0,0,3,0,0,0,0,0,711,4,31,0
1,0,0,0,0,1,1,0,0,0,435,1,24,0
1,0,0,0,0,0,1,0,0,0,447,0,17,0
1,0,0,0,1,1,1,0,0,0,143,1,9,0
4,0,1,1,1,2,3,0,1,2,1418,8,65,1
0,0,0,0,1,1,0,0,0,0,129,1,7,0
3,1,1,0,3,2,0,0,0,0,857,6,76,1
2,0,1,0,3,3,0,1,0,0,1555,0,92,1
1,0,0,1,5,6,0,0,0,0,295,7,40,0
0,0,0,0,1,1,0,0,0,0,257,0,12,0
0,0,0,0,1,1,1,0,0,0,555,1,7,0
5,2,0,2,4,1,4,0,0,1,988,6,78,1
0,0,0,0,0,1,1,0,0,0,594,1,7,0
1,0,0,0,1,1,0,0,0,0,505,0,19,0
2,0,2,0,0,4,1,0,0,0,144,5,42,0
0,0,0,0,1,0,0,0,0,0,435,1,1,0
3,0,0,2,6,2,0,1,1,1,141,3,68,1
2,0,0,1,0,0,0,0,0,0,504,3,38,0
2,2,1,1,3,1,1,1,0,0,1414,7,61,1
1,0,0,0,3,0,0,0,0,0,677,8,33,0
1,0,2,2,2,4,1,0,0,1,1138,4,73,1
3,0,1,0,4,4,1,1,1,1,344,1,72,1
0,0,1,2,0,6,1,1,0,0,1199,7,58,1
2,0,1,1,1,5,0,0,0,0,848,1,40,0
0,0,1,1,3,0,1,1,2,0,1495,2,98,1
0,0,1,0,4,4,5,1,1,0,269,0,53,1
0,0,0,0,1,0,0,0,0,0,160,0,29,0
1,0,0,0,1,0,0,0,0,0,213,1,24,0
2,0,0,0,1,0,1,0,0,0,470,8,39,0
0,0,0,0,1,1,0,0,0,0,303,1,12,0
3,2,2,2,4,2,1,1,2,0,1207,0,86,1
1,0,2,1,5,4,0,1,0,0,1169,1,49,0
1,1,0,0,0,0,5,1,2,0,1154,2,63,1
0,0,2,1,6,1,1,0,0,0,781,2,41,0
0,0,0,0,0,0,0,0,0,0,650,0,11,0
0,0,1,1,6,3,0,1,1,0,528,2,75,1
0,0,0,0,1,1,1,0,0,0,296,0,11,0
2,1,2,0,5,4,1,0,0,1,1153,1,89,1
1,0,0,0,0,1,0,0,0,0,481,0,3,0
3,0,0,0,3,4,1,1,0,0,189,7,51,1
1,0,0,0,0,1,0,0,0,0,395,0,27,0
3,0,1,2,2,0,1,1,0,0,112,4,46,0
0,0,1,1,2,3,1,1,2,0,178,1,53,1
3,0,2,1,0,1,0,0,1,0,707,0,66,1
3,0,0,2,4,4,1,1,0,2,566,6,75,1
0,0,0,0,1,1,1,0,0,0,553,1,14,0
0,0,0,0,3,1,0,0,0,0,563,0,36,0
5,1,1,1,2,1,1,0,0,0,1517,5,82,1
0,0,0,0,1,4,0,0,0,0,1544,2,80,1
2,0,0,0,1,1,0,0,0,0,745,5,34,0
4,0,0,0,6,1,0,1,0,0,189,8,87,1
0,0,0,1,3,6,2,0,1,1,292,4,69,1
0,0,0,0,0,1,1,0,0,0,166,1,7,0
1,0,0,0,0,0,1,0,0,0,478,1,1,0
1,0,0,0,5,0,1,0,0,0,357,5,33,0
0,0,0,0,1,1,1,0,0,0,508,0,22,0
0,0,0,0,3,3,4,1,0,2,956,5,72,1
4,1,0,2,0,2,1,1,0,1,601,5,86,1
0,0,0,2,6,1,1,0,0,0,638,5,38,0
0,0,0,0,1,1,1,0,0,0,496,1,28,0
2,2,2,2,5,0,4,1,0,0,1410,4,99,1
5,0,0,1,0,4,5,1,0,0,360,7,96,1
2,0,0,0,5,0,1,0,0,0,246,6,33,0
6,2,2,1,1,0,2,1,2,1,114,5,95,1
4,2,2,2,5,1,1,0,2,1,1672,4,88,1
2,1,0,2,4,1,2,1,2,0,194,2,51,1
4,1,2,1,0,6,5,1,2,1,1723,8,98,1
0,0,0,0,0,0,0,0,0,0,140,1,11,0
2,0,0,2,4,4,1,1,1,2,1583,0,91,1
0,0,0,0,0,0,1,0,0,0,333,0,5,0
2,0,1,0,1,0,1,0,0,0,464,2,40,0
1,0,0,0,1,1,1,0,0,0,124,0,6,0
3,0,0,1,6,4,0,0,0,0,894,0,45,0
4,1,0,1,1,1,5,1,1,1,1645,7,87,1
3,1,2,1,5,6,0,1,0,0,1173,6,75,1
0,0,0,0,1,0,1,0,0,0,106,1,11,0
1,0,1,2,1,6,1,0,0,0,1063,2,43,0
1,1,0,2,5,4,3,1,2,0,638,2,66,1
4,1,2,2,4,1,2,1,1,2,416,4,67,1
1,0,0,0,1,0,1,0,0,0,584,0,15,0
3,0,1,2,3,3,1,0,1,0,1094,6,60,1
2,1,1,0,2,3,2,0,0,1,509,0,97,1
4,1,0,0,0,4,4,0,0,2,843,3,76,1
1,0,0,0,1,1,1,0,0,0,378,0,5,0
0,0,0,0,1,1,0,0,0,0,718,0,29,0
2,0,1,0,4,6,5,1,2,0,1054,5,63,1
3,1,2,1,0,6,3,1,2,0,714,0,85,1
3,2,1,2,3,0,1,0,1,1,632,5,78,1
0,0,0,0,1,1,0,0,0,0,376,1,5,0
0,0,2,1,0,1,0,1,2,2,1319,8,80,1
0,0,0,1,1,1,1,0,0,0,184,5,39,0
3,1,2,2,3,4,1,1,0,2,625,8,92,1
1,1,0,0,3,0,3,1,0,0,568,3,50,1
0,0,0,0,1,0,0,0,0,0,359,0,6,0
0,0,1,2,0,6,1,0,0,0,265,7,49,0
3,1,1,2,3,3,0,1,1,1,445,0,79,1
0,0,2,0,4,0,0,0,0,0,174,1,44,0
1,1,0,2,3,1,0,0,0,2,1335,0,67,1
3,0,0,2,5,4,0,0,0,0,730,2,49,0
0,0,0,0,3,1,0,0,0,0,820,4,31,0
1,0,1,1,0,5,1,0,0,0,168,7,44,0
5,1,0,2,2,6,4,0,0,0,441,1,75,1
1,0,0,0,0,0,1,0,0,0,523,1,29,0
1,1,2,0,1,2,3,0,2,2,1700,3,87,1
3,0,0,1,3,6,3,1,1,0,1408,6,88,1
1,0,1,2,2,5,4,1,2,0,1159,4,54,1
0,0,2,2,4,5,1,1,2,0,300,7,61,1
2,1,2,0,5,6,5,1,2,0,1672,4,86,1
0,0,1,2,0,0,5,1,1,1,128,0,85,1
2,0,0,0,6,0,1,0,0,0,294,3,36,0
2,2,0,0,5,1,4,1,2,0,259,3,58,1
0,0,0,0,1,1,1,0,0,0,136,0,15,0
0,0,1,0,5,4,4,1,2,0,708,2,53,1
2,0,0,1,6,1,1,0,0,0,585,7,44,0
1,0,0,0,0,0,1,0,0,0,283,1,1,0
5,1,1,0,4,0,5,1,2,2,418,8,83,1
0,0,0,0,1,1,1,0,0,0,293,0,17,0
1,1,1,0,5,6,2,0,2,0,1125,3,64,1
1,0,0,0,0,1,0,0,0,0,134,0,24,0
1,0,2,2,5,3,1,0,0,0,853,4,49,0
2,0,0,0,4,1,0,0,0,0,558,5,33,0
1,0,1,0,4,4,0,0,0,0,259,3,40,0
5,1,0,2,0,3,0,1,1,1,535,8,82,1
1,0,0,0,1,0,0,0,0,0,551,1,18,0
4,1,1,2,0,3,4,0,0,1,349,3,74,1
1,0,0,0,1,0,0,0,0,0,308,1,13,0
5,0,1,1,4,3,1,0,1,0,1438,6,95,1
1,0,0,0,1,0,0,0,0,0,755,1,19,0
3,0,1,2,5,3,0,1,0,0,1177,0,47,0
0,0,2,1,2,2,0,0,0,0,782,2,46,0
1,0,0,0,4,1,0,0,0,0,929,0,37,0
0,0,0,0,0,1,2,0,2,1,764,1,83,1
1,1,0,0,2,4,2,1,2,0,1133,3,59,1
0,0,0,2,4,2,5,1,2,0,834,8,54,1
0,0,0,0,1,1,0,0,0,0,576,0,23,0
0,0,2,2,0,1,4,1,0,0,332,7,60,1
1,0,1,0,3,4,3,1,2,2,1638,4,86,1
2,2,1,2,2,4,1,0,1,0,504,2,99,1
0,0,0,0,1,0,1,0,0,0,666,0,16,0
1,1,1,0,2,6,4,1,1,0,1268,3,59,1
1,1,2,1,5,1,2,0,0,1,134,2,99,1
0,0,0,2,6,0,1,0,0,0,142,8,36,0
1,1,1,0,1,6,3,0,1,0,1345,2,80,1
3,2,0,1,5,5,5,0,1,0,1066,5,83,1
1,0,0,0,1,0,0,0,0,0,282,1,10,0
0,0,0,0,0,0,0,0,0,0,319,0,4,0
0,0,0,0,0,0,0,0,0,0,700,1,27,0
2,2,2,1,2,0,1,0,1,1,1433,0,91,1
3,1,0,1,5,3,2,1,2,0,360,0,57,1
0,0,1,0,1,5,2,0,2,0,580,3,58,1
0,0,0,0,1,0,0,0,0,0,620,1,11,0
5,0,1,1,1,1,0,0,2,0,872,2,94,1
3,0,1,2,4,2,1,1,0,0,1112,4,45,0
2,0,1,0,2,3,1,0,0,0,646,3,49,0
0,0,0,0,2,1,0,0,0,0,749,5,32,0
0,0,2,0,0,2,2,1,1,2,865,0,85,1
2,1,1,0,2,6,1,1,1,2,412,2,87,1
4,2,0,2,1,5,1,1,0,0,1266,7,97,1
5,2,2,1,6,4,0,1,1,2,968,8,82,1
1,0,1,0,0,0,4,1,1,0,284,1,57,1
1,0,0,0,1,0,0,0,0,0,183,1,6,0
2,0,1,2,5,4,0,1,1,0,318,7,54,1
0,0,0,0,1,1,0,0,0,0,751,0,20,0
2,1,0,2,2,0,0,0,1,1,966,7,71,1
0,0,0,0,4,0,1,0,0,0,655,0,30,0
0,0,2,1,6,1,3,1,1,0,184,1,67,1
0,0,1,1,6,3,1,0,2,0,153,8,96,1
2,0,0,0,2,1,1,0,0,0,819,3,34,0
5,0,2,0,1,2,0,0,1,1,931,6,77,1
3,1,2,1,3,0,2,0,0,0,713,5,74,1
1,0,0,0,0,1,0,0,0,0,108,1,21,0
0,0,0,0,0,0,1,0,0,0,431,0,24,0
1,0,2,0,5,3,5,0,1,0,798,5,72,1
4,2,1,0,3,3,3,0,0,1,882,4,85,1
0,0,0,0,1,0,1,0,0,0,388,1,7,0
1,0,0,0,1,1,1,0,0,0,726,1,25,0
0,0,0,0,0,1,0,0,0,0,428,1,17,0
0,0,2,2,4,6,4,0,1,0,746,0,54,1
1,0,0,0,0,0,0,0,0,0,609,0,13,0
5,0,1,1,5,3,2,1,1,0,1618,0,96,1
1,0,1,0,1,5,1,1,0,0,735,3,46,0
1,0,1,1,4,5,0,0,0,0,221,5,41,0
1,0,0,0,0,1,1,0,0,0,646,1,22,0
4,0,1,2,4,1,4,1,2,2,644,7,72,1
0,0,1,1,4,5,0,1,1,1,822,0,76,1
1,0,2,0,0,1,2,0,1,0,1100,4,100,1
1,0,0,0,0,1,1,0,0,0,428,1,16,0
2,0,2,0,6,3,0,0,0,0,1039,2,42,0
1,0,0,0,0,1,0,0,0,0,411,1,2,0
1,0,0,0,0,1,0,0,0,0,396,0,21,0
1,0,0,0,0,1,1,0,0,0,106,1,1,0
1,1,0,2,1,4,1,0,2,0,207,0,51,1
4,0,1,0,1,4,2,0,2,2,464,5,86,1
0,0,2,1,5,3,1,0,2,0,443,5,63,1
0,0,1,1,1,5,0,1,1,0,592,6,62,1
1,0,0,0,1,0,0,0,0,0,502,0,29,0
2,0,2,2,3,4,1,0,2,2,1441,3,67,1
1,0,0,0,0,1,1,0,0,0,210,1,26,0
1,0,0,2,1,0,5,1,1,1,615,1,70,1
2,0,2,1,4,4,1,0,0,0,966,4,41,0
1,1,1,2,4,5,1,0,0,2,1441,3,66,1
4,0,2,2,1,6,0,1,2,1,590,2,85,1
0,0,0,0,1,0,1,0,0,0,459,0,0,0
1,0,0,0,1,1,0,0,0,0,189,0,18,0
0,0,0,0,0,1,0,0,0,0,308,0,1,0
0,0,0,0,0,1,0,0,0,0,478,1,8,0
5,0,0,1,4,5,4,1,1,0,1265,6,100,1
0,0,2,1,5,1,0,0,0,0,439,6,44,0
0,0,0,2,5,3,5,0,2,0,1257,6,53,1
3,0,2,0,4,0,1,1,1,0,237,2,55,1
1,0,2,1,2,5,3,1,0,1,194,8,69,1
0,0,0,0,0,1,1,0,0,0,773,0,22,0
0,0,0,0,0,1,0,0,0,0,328,1,2,0
4,0,1,0,6,4,1,0,1,1,1057,2,65,1
1,0,0,0,0,0,0,0,0,0,238,1,3,0
1,0,0,0,0,1,0,0,0,0,277,0,28,0
4,1,2,2,0,4,0,0,1,0,1049,4,66,1
4,2,2,1,1,1,0,1,2,1,1084,3,84,1
2,0,2,2,4,2,0,1,0,0,609,5,52,1
4,0,2,0,6,1,4,0,0,1,1565,6,75,1
0,0,1,0,3,2,1,1,0,0,426,3,47,0
2,0,2,1,3,5,3,1,1,2,1176,4,85,1
3,1,2,0,1,1,2,0,1,1,1134,0,80,1
0,0,2,0,3,6,3,1,0,2,1739,6,89,1
0,0,0,0,0,1,1,0,0,0,548,1,4,0
1,1,0,0,6,6,1,0,2,0,631,5,52,1
3,1,0,2,2,1,1,1,0,0,601,6,88,1
0,0,0,0,1,0,0,0,0,0,555,1,28,0
0,0,0,2,4,6,3,0,2,0,1224,7,82,1
0,0,1,2,4,4,1,1,2,0,212,5,86,1
1,0,1,2,1,2,0,0,0,0,1022,4,43,0
0,0,0,0,1,1,0,0,0,0,573,0,16,0
3,2,0,0,3,6,2,1,1,2,957,7,97,1
6,0,1,0,3,2,4,0,1,0,1044,5,95,1
0,0,2,0,0,6,1,1,0,2,1238,2,76,1
0,0,0,0,6,2,1,0,1,1,241,1,71,1
0,0,0,0,0,0,0,0,0,0,214,0,0,0
1,0,0,0,0,0,0,0,0,0,293,1,9,0
1,0,0,0,0,1,0,0,0,0,223,0,0,0
1,0,2,0,6,0,1,0,0,2,1523,5,72,1
0,0,0,0,0,1,0,0,0,0,141,1,20,0
0,0,0,0,1,0,1,0,0,0,410,1,17,0
0,0,0,0,1,1,0,0,0,0,228,1,5,0
3,2,0,2,6,1,4,0,2,0,1049,6,88,1
4,2,0,1,2,0,5,0,0,2,447,6,74,1
6,2,0,1,4,1,5,1,0,2,778,3,92,1
4,0,2,1,2,2,1,1,1,0,253,2,73,1
2,0,2,0,6,4,1,1,0,0,699,3,49,0
0,0,0,0,1,1,0,0,0,0,220,0,18,0
2,0,0,0,1,0,1,0,0,0,723,0,33,0
2,0,1,1,3,1,1,1,0,0,658,1,49,0
0,0,0,0,0,1,1,0,0,0,173,1,27,0
1,0,0,0,0,0,0,0,0,0,777,0,23,0
5,1,0,2,5,1,5,1,2,1,782,2,76,1
0,0,1,0,2,1,5,0,1,0,946,7,98,1
0,0,0,0,1,1,0,0,0,0,354,0,25,0
5,2,1,2,3,1,5,1,1,2,185,0,80,1
0,0,0,0,0,0,1,0,0,0,566,1,21,0
2,0,0,1,5,6,0,1,1,0,1557,2,74,1
1,0,2,0,4,6,1,0,0,0,117,0,61,1
0,0,0,0,0,0,0,0,0,0,672,0,27,0
0,0,0,0,0,0,0,0,0,0,201,1,6,0
0,0,0,1,0,3,4,0,1,1,684,0,65,1
1,0,0,0,0,1,0,0,0,0,463,1,10,0
1,0,2,1,0,4,1,0,0,0,749,4,47,0
0,0,0,0,0,1,0,0,0,0,241,0,20,0
0,0,2,1,2,2,2,1,0,0,471,4,60,1
1,0,0,0,1,1,0,0,0,0,419,1,19,0
1,0,0,0,1,0,0,0,0,0,124,0,23,0
0,0,0,0,1,0,0,0,0,0,120,0,1,0
0,0,2,0,5,3,3,0,1,0,600,0,55,1
1,0,0,0,0,0,1,0,0,0,132,0,20,0
2,0,0,0,1,6,1,1,0,0,680,1,47,0
0,0,2,0,6,1,1,0,0,0,1152,1,45,0
0,0,2,1,3,5,0,0,0,0,767,3,46,0
0,0,2,1,6,3,1,1,1,0,1226,4,59,1
0,0,1,0,5,4,1,1,0,2,507,6,82,1
1,0,0,0,0,1,0,0,0,0,689,0,18,0
1,1,2,0,1,4,2,1,1,0,157,5,59,1
2,1,2,1,1,5,1,0,2,0,1008,0,93,1
1,0,0,0,0,1,1,0,0,0,148,0,1,0
2,1,1,1,0,5,3,1,2,2,1295,8,71,1
3,2,0,2,3,3,2,0,0,0,1562,8,72,1
4,2,1,0,2,6,4,0,1,2,1443,6,95,1
1,1,0,1,5,2,4,0,0,2,331,5,88,1
1,0,0,0,0,0,0,0,0,0,175,0,28,0
1,0,0,1,5,4,1,1,0,0,793,1,45,0
2,0,0,2,6,1,5,1,0,0,260,7,57,1
5,0,0,1,2,3,1,1,2,1,717,2,99,1
2,0,2,1,5,3,0,0,0,0,939,1,41,0
2,1,2,0,0,3,0,0,0,1,709,5,72,1
1,0,0,0,1,1,0,0,0,0,760,1,20,0
1,0,0,0,1,0,0,0,0,0,125,0,5,0
0,0,0,0,1,0,1,0,0,0,402,1,24,0
0,0,0,0,1,1,1,0,0,0,162,0,11,0
3,0,0,0,0,6,4,1,2,0,1519,7,80,1
0,0,0,0,0,0,1,0,0,0,494,1,9,0
1,0,0,0,0,0,1,0,0,0,417,0,1,0
2,2,1,2,5,2,3,0,1,2,1400,5,97,1
2,0,2,2,4,6,0,0,0,0,438,2,41,0
2,0,1,2,2,5,0,0,0,1,1747,1,96,1
0,0,2,2,3,2,1,0,0,0,553,1,43,0
1,0,0,0,0,6,0,0,0,0,160,4,48,0
2,2,0,0,4,6,1,0,1,0,1367,6,86,1
4,2,2,2,4,5,1,0,0,1,1313,6,65,1
1,0,0,0,1,1,1,0,0,0,371,1,25,0
0,0,0,0,0,0,1,0,0,0,152,1,8,0
0,0,0,0,0,1,1,0,0,0,229,1,18,0
0,0,0,0,0,6,5,0,2,2,144,2,93,1
0,0,1,0,2,4,2,0,2,0,1298,8,79,1
0,0,0,0,0,0,0,0,0,0,443,1,13,0
0,0,0,0,0,1,1,0,0,0,177,0,1,0
0,0,1,1,3,1,1,0,2,0,351,7,50,1
0,0,0,0,0,0,0,0,0,0,431,1,13,0
0,0,0,2,1,1,0,0,0,0,1021,6,39,0
4,2,2,1,4,0,2,0,0,0,903,6,91,1
3,0,2,2,1,0,0,0,0,0,607,8,47,0
3,1,2,1,3,6,3,1,0,0,644,2,86,1
1,0,0,1,6,2,1,0,2,1,1072,1,71,1
0,0,0,1,1,0,1,0,0,0,182,3,39,0
2,1,0,1,4,6,0,1,0,2,1597,1,77,1
0,0,0,0,1,0,1,0,0,0,521,0,10,0
3,0,0,0,5,3,5,1,0,1,283,3,76,1
3,0,1,1,5,4,0,1,1,0,832,0,59,1
2,2,2,0,0,0,1,1,1,1,1318,4,65,1
0,0,0,0,1,1,0,0,0,0,148,1,27,0
5,1,2,0,1,3,4,0,0,2,467,2,99,1
2,0,2,0,6,6,3,0,2,0,723,4,51,1
0,0,0,0,1,0,0,0,0,0,305,0,18,0
2,1,0,0,4,3,2,0,0,0,691,8,54,1
0,0,0,0,0,0,1,0,0,0,509,0,2,0
2,0,0,1,3,1,0,0,0,0,222,4,39,0
1,0,0,0,1,0,1,0,0,0,201,0,22,0
1,0,0,1,6,1,0,0,0,0,273,6,37,0
1,0,0,0,1,1,0,0,0,0,592,0,20,0
1,0,0,0,1,1,0,0,0,0,460,0,14,0
1,0,0,0,1,0,0,0,0,0,429,1,5,0
0,0,0,1,1,1,0,0,0,0,591,0,38,0
1,0,0,0,1,0,1,0,0,0,550,0,5,0
2,0,0,0,3,0,1,0,0,0,217,0,30,0
4,0,2,0,5,1,0,1,2,2,1825,3,99,1
4,2,2,1,4,0,2,1,2,0,904,6,85,1
5,1,0,2,0,5,4,0,0,2,340,8,92,1
0,0,0,2,1,6,0,1,0,1,1416,1,89,1
3,2,0,1,6,4,3,0,1,2,280,7,78,1
5,1,1,1,2,6,0,1,2,2,843,6,96,1
3,2,0,1,6,3,3,0,2,0,218,1,64,1
1,1,2,1,5,4,3,0,2,0,611,2,80,1
0,0,0,0,1,0,1,0,0,0,400,1,8,0
3,0,0,1,5,3,1,0,0,0,1144,2,48,0
2,2,0,0,5,1,5,1,0,0,827,4,50,1
0,0,1,2,2,2,1,0,1,0,322,4,80,1
5,0,0,2,3,5,3,1,0,2,1315,4,92,1
0,0,0,0,1,1,0,0,0,0,171,0,3,0
3,2,2,0,1,1,3,0,0,0,137,0,55,1
1,0,0,0,1,1,0,0,0,0,679,0,28,0
1,0,0,1,5,1,0,0,0,0,499,6,42,0
1,0,2,0,4,0,5,1,0,2,915,0,89,1
3,0,0,1,1,0,2,1,0,0,781,6,61,1
1,0,1,0,3,5,4,1,2,2,1356,4,69,1
0,0,2,2,4,6,4,0,1,1,471,3,80,1
6,2,2,1,3,2,0,1,1,1,1601,0,96,1
0,0,0,0,0,1,1,0,0,0,112,0,3,0
2,0,0,0,2,1,0,0,0,0,376,1,38,0
3,0,1,2,5,4,3,1,1,0,1319,3,60,1
0,0,0,0,4,6,4,1,1,0,601,4,53,1
3,1,1,0,2,6,2,1,0,0,1381,3,62,1
2,0,0,1,5,0,0,0,0,0,189,2,38,0
0,0,2,0,2,1,4,1,0,0,1008,4,70,1
0,0,1,1,4,3,1,0,1,0,888,5,64,1
0,0,0,0,1,0,0,0,0,0,529,0,17,0
2,0,2,0,4,3,3,0,2,0,583,3,59,1
4,2,2,0,3,4,3,0,0,2,363,8,66,1
4,2,2,2,5,4,5,0,2,0,1005,2,61,1
1,0,0,0,0,0,1,0,0,0,198,0,25,0
1,1,0,2,0,0,1,0,2,0,1064,7,55,1
1,0,0,0,0,0,0,0,0,0,249,1,2,0
6,2,1,0,3,1,4,0,0,2,1349,7,100,1
5,0,0,1,3,2,2,0,0,0,1649,8,86,1
0,0,0,0,1,1,0,0,0,0,470,0,1,0
0,0,2,0,2,3,0,1,0,2,1486,4,91,1
0,0,0,0,0,1,1,0,0,0,114,0,4,0
1,0,0,0,1,0,0,0,0,0,570,0,25,0
1,0,0,0,4,3,0,0,0,0,1106,7,42,0
1,0,0,0,1,0,0,0,0,0,213,1,10,0
3,0,1,0,4,5,2,0,2,0,1082,4,63,1
1,0,1,2,2,6,1,1,0,0,438,6,47,0
0,0,2,0,4,6,0,1,0,1,1363,5,88,1
4,2,2,0,0,1,1,1,0,0,540,7,71,1
3,0,0,0,1,6,1,1,0,0,223,3,49,0
2,2,1,0,0,3,4,1,0,0,1058,3,71,1
3,0,0,2,0,0,5,0,2,0,162,4,55,1
3,0,1,2,0,1,0,0,0,0,439,0,45,0
1,0,2,0,3,1,2,0,0,0,143,5,63,1
0,0,0,0,1,0,1,0,0,0,431,1,2,0
1,1,0,2,2,4,5,1,0,0,892,1,58,1
1,1,0,1,4,2,4,0,1,0,710,8,89,1
0,0,0,0,0,1,1,0,0,0,489,0,19,0
1,1,0,0,4,0,3,0,0,2,794,0,84,1
1,0,0,0,1,1,0,0,0,0,444,1,18,0
3,2,2,0,4,4,0,1,2,0,816,7,65,1
1,0,0,1,2,0,1,1,2,0,1219,2,100,1
0,0,1,0,3,2,1,0,2,1,1370,5,78,1
4,0,0,1,4,2,0,0,1,0,437,0,82,1
0,0,0,0,6,1,2,1,1,0,584,8,95,1
2,2,1,2,4,5,1,1,2,0,1136,0,58,1
1,0,1,0,4,0,1,1,2,2,1056,8,89,1
0,0,1,2,2,1,0,1,0,1,1636,7,99,1
1,0,0,0,0,0,0,0,0,0,487,1,2,0
0,0,2,2,4,4,1,1,0,0,326,0,51,1
2,1,2,1,5,5,3,0,2,1,1272,4,86,1
1,0,0,0,0,1,0,0,0,0,181,0,25,0
6,1,2,0,6,4,2,1,1,1,1757,4,98,1
5,1,0,0,2,2,4,1,0,2,1755,5,89,1
0,0,1,1,1,2,0,0,0,0,106,8,46,0
0,0,1,0,6,6,4,0,0,0,1364,3,62,1
1,0,0,1,1,1,0,0,0,0,475,4,37,0
1,1,1,1,5,4,4,1,1,0,983,3,70,1
2,0,0,2,2,1,0,0,0,0,149,2,38,0
2,0,0,0,6,0,1,0,0,0,262,6,31,0
3,2,0,2,3,3,0,0,2,1,1377,0,87,1
0,0,0,0,3,0,0,0,0,0,682,4,34,0
1,0,0,0,0,0,0,0,0,0,339,0,28,0
0,0,0,0,0,0,0,0,0,0,350,0,13,0
1,0,0,2,4,4,1,1,0,0,935,6,49,0
3,1,0,1,5,4,0,1,2,0,590,1,53,1
0,0,0,0,0,0,1,0,0,0,297,1,23,0
1,0,0,0,1,0,1,0,0,0,488,0,4,0
2,2,2,1,2,5,5,1,2,0,633,4,52,1
0,0,0,0,0,0,1,0,0,0,553,0,17,0
4,2,0,1,1,5,0,0,0,1,1383,1,78,1
0,0,2,2,3,0,0,0,0,0,626,0,43,0
2,1,1,1,6,6,3,0,2,2,1245,2,86,1
1,0,0,0,0,0,1,0,0,0,362,1,18,0
0,0,2,1,5,1,2,0,1,1,324,6,73,1
0,0,0,0,4,0,1,0,0,0,465,0,31,0
0,0,2,2,4,6,1,0,1,0,1350,0,97,1
0,0,0,2,3,5,3,1,2,2,1664,1,87,1
6,1,2,2,5,4,0,0,2,2,579,0,99,1
2,0,0,0,1,1,1,0,0,0,896,8,30,0
0,0,0,0,0,0,0,0,0,0,191,1,13,0
1,0,0,0,1,1,1,0,0,0,135,0,2,0
1,0,0,0,0,0,0,0,0,0,710,0,26,0
0,0,2,0,6,5,4,1,0,0,951,1,55,1
1,0,0,0,1,0,1,0,0,0,601,1,7,0
3,1,0,0,2,5,4,0,0,1,315,7,75,1
1,0,1,2,5,2,5,1,2,0,245,0,61,1
2,2,0,2,4,2,0,1,2,2,1229,6,100,1
0,0,0,0,1,1,0,0,0,0,778,1,29,0
3,1,2,1,4,3,4,0,1,0,715,1,53,1
1,0,0,0,1,0,0,0,0,0,466,0,10,0
0,0,0,2,2,0,1,0,0,0,242,6,36,0
4,1,2,2,6,3,4,1,1,2,974,0,77,1
1,0,0,0,0,0,1,0,0,0,520,0,6,0
0,0,0,0,6,0,1,0,0,0,704,6,33,0
2,0,0,0,0,1,1,0,0,0,143,3,34,0
1,1,0,0,1,0,0,0,1,1,1092,7,70,1
0,0,0,0,0,0,1,0,0,0,359,1,6,0
0,0,1,1,3,0,5,1,0,0,150,1,78,1
0,0,0,0,0,0,0,0,0,0,683,0,25,0
2,1,0,0,2,3,0,0,0,2,633,4,83,1
1,1,2,0,1,6,0,1,2,0,741,7,62,1
1,0,0,0,0,1,1,0,0,0,680,1,29,0
1,0,0,0,1,0,1,0,0,0,460,1,6,0
2,1,0,0,2,1,2,1,2,0,1250,3,52,1
2,0,0,0,2,1,1,0,0,0,449,1,33,0
2,1,2,2,6,0,0,1,2,0,403,6,87,1
4,1,2,0,3,0,3,0,2,0,244,7,82,1
4,2,0,2,0,5,0,1,2,0,1122,8,77,1
2,0,0,0,5,0,0,0,0,0,646,5,31,0
5,2,1,2,1,2,2,0,0,1,1527,1,79,1
0,0,1,0,2,5,0,0,2,0,1666,2,89,1
1,0,0,0,0,0,1,0,0,0,447,0,21,0
2,0,0,2,4,1,0,0,0,0,439,2,35,0
1,0,0,0,0,1,0,0,0,0,294,1,4,0
4,0,2,0,6,4,4,1,0,1,1130,6,87,1
2,0,2,1,6,4,3,0,2,2,381,1,73,1
3,2,0,1,3,3,0,1,1,1,1541,8,81,1
0,0,0,2,3,0,0,0,0,1,742,1,94,1
0,0,0,0,0,0,1,0,0,0,307,1,18,0
3,2,0,0,3,2,5,1,0,0,779,8,57,1
3,0,2,1,1,6,0,0,0,0,365,8,45,0
4,1,0,1,6,2,0,1,0,0,293,4,77,1
1,0,0,0,1,0,1,0,0,0,297,0,22,0
0,0,1,0,0,0,1,0,0,0,762,3,41,0
0,0,0,0,1,1,0,0,0,0,145,0,2,0
0,0,1,2,0,2,3,1,1,2,1723,7,98,1
0,0,0,0,2,4,2,0,2,0,1139,4,55,1
0,0,0,2,2,3,0,0,1,0,328,2,52,1
1,1,0,2,6,4,5,1,2,0,511,3,62,1
0,0,0,0,0,1,1,0,0,0,453,1,29,0
3,0,0,1,2,1,5,0,0,2,1960,2,98,1
1,0,0,0,1,0,1,0,0,0,567,0,16,0
0,0,0,0,0,0,1,0,0,0,498,1,4,0
0,0,0,2,4,2,4,0,0,2,1525,1,88,1
1,0,0,0,0,1,1,0,0,0,134,1,11,0
1,0,0,0,1,1,0,0,0,0,495,0,17,0
2,1,1,0,1,4,0,0,2,2,1350,5,80,1
0,0,0,0,1,1,0,0,0,0,355,1,1,0
1,0,0,0,0,1,0,0,0,0,178,0,0,0
1,1,0,1,1,4,3,1,0,0,364,3,98,1
2,0,1,2,5,2,0,0,0,0,162,4,40,0
1,0,0,0,1,1,1,0,0,0,260,0,11,0
0,0,0,0,2,1,1,0,0,0,750,7,34,0
1,0,0,0,0,0,0,0,0,0,785,0,23,0
0,0,2,2,0,4,5,0,2,2,554,8,90,1
1,0,0,0,1,0,1,0,0,0,492,1,4,0
0,0,0,0,0,0,0,0,0,0,774,1,22,0
0,0,1,1,3,5,1,0,0,0,585,3,42,0
3,0,0,1,1,6,3,1,2,0,1240,7,56,1
3,2,1,2,5,4,3,0,0,1,959,0,93,1
3,0,0,1,0,1,0,0,0,0,380,5,47,0
1,0,0,0,0,1,0,0,0,0,268,0,1,0
0,0,1,2,6,2,5,1,2,0,402,6,58,1
2,1,2,2,6,1,2,1,0,0,465,2,58,1
0,0,0,0,1,0,0,0,0,0,301,0,20,0
1,0,0,0,0,0,0,0,0,0,131,1,23,0
2,0,0,1,0,0,0,0,0,0,379,5,38,0
1,0,0,0,1,1,1,0,0,0,289,0,27,0
4,0,2,0,3,1,3,0,1,0,596,3,63,1
1,0,0,0,3,0,0,0,0,0,371,8,33,0
2,1,0,1,3,6,1,0,1,2,852,4,90,1
2,2,0,2,6,3,2,1,1,1,1319,8,71,1
3,2,2,2,6,4,2,0,0,0,150,0,63,1
3,0,0,1,1,1,2,0,1,0,1254,3,64,1
0,0,2,1,5,6,2,1,2,1,1289,5,97,1
3,2,2,1,3,5,3,0,0,0,157,7,51,1
1,1,2,1,0,1,5,0,2,0,935,1,54,1
1,1,2,0,2,5,4,1,1,2,1672,4,96,1
2,0,2,1,5,2,1,1,1,2,667,5,79,1
1,0,0,0,0,1,1,0,0,0,459,1,28,0
2,0,1,2,3,2,2,0,1,2,124,2,79,1
0,0,0,0,1,0,1,0,0,0,675,1,18,0
0,0,0,1,5,2,1,0,0,0,1169,1,48,0
2,0,0,0,6,1,1,0,0,0,719,1,39,0
3,0,1,2,6,0,0,1,0,0,1133,6,47,0
4,0,2,2,0,6,5,0,1,1,1591,8,98,1
0,0,0,0,1,0,0,0,0,0,417,0,18,0
6,1,1,2,3,4,2,1,1,0,436,8,99,1
1,0,0,0,1,0,1,0,0,0,515,0,8,0
2,2,2,0,5,3,1,1,2,2,1537,2,81,1
1,0,0,0,0,0,0,0,0,0,307,0,4,0
0,0,0,1,6,0,1,0,0,0,479,7,36,0
5,0,2,2,2,3,5,1,2,1,1036,6,88,1
1,0,0,0,0,1,1,0,0,0,286,1,3,0
1,0,2,2,1,6,0,0,0,0,620,0,46,0
1,0,2,1,3,5,1,0,0,0,453,1,44,0
4,2,0,1,4,0,2,0,0,1,889,8,89,1
0,0,0,0,1,1,0,0,0,0,508,0,17,0
1,0,0,0,1,0,0,0,0,0,195,1,18,0
1,1,2,1,1,5,3,1,0,2,1739,6,91,1
2,2,1,0,3,0,0,0,2,1,384,2,71,1
1,0,0,0,1,0,1,0,0,0,413,0,29,0
3,0,2,2,0,0,1,0,0,0,166,8,47,0
0,0,0,0,5,0,0,1,0,0,840,8,82,1
3,2,0,1,4,5,3,0,0,0,1416,2,64,1
0,0,2,0,5,0,0,0,0,0,207,8,40,0
2,1,0,1,0,3,1,0,1,0,182,2,64,1
3,0,0,1,4,1,3,1,1,0,614,0,91,1
1,0,0,0,0,0,0,0,0,0,219,0,23,0
1,0,0,0,1,0,1,0,0,0,571,1,6,0
0,0,0,0,0,1,0,0,0,0,494,0,4,0
2,0,0,1,3,1,1,0,0,0,677,4,35,0
3,2,0,1,5,6,5,0,0,0,929,1,56,1
2,1,1,1,5,5,1,0,1,0,981,3,52,1
5,2,0,2,4,1,4,1,2,2,1686,7,85,1
1,0,1,1,4,5,1,1,0,0,276,6,48,0
1,1,0,1,3,6,2,1,2,0,1144,4,55,1
0,0,1,0,6,2,1,0,0,0,330,6,42,0
1,0,0,1,1,0,5,1,1,0,1443,3,68,1
0,0,0,1,0,2,2,1,1,0,446,7,66,1
0,0,0,0,2,0,0,0,0,0,106,5,37,0
4,2,0,0,5,5,3,0,2,1,1428,2,67,1
3,0,0,2,5,1,1,1,0,0,951,3,49,0
2,0,0,2,2,0,1,0,0,0,800,2,39,0
2,2,0,0,5,5,0,0,0,0,564,2,77,1
3,2,2,1,4,2,2,1,1,2,421,1,95,1
0,0,1,2,4,6,0,0,0,2,330,0,94,1
2,0,0,2,0,6,0,0,0,0,155,6,40,0
2,0,0,0,3,1,0,0,0,0,268,1,39,0
2,0,0,0,6,0,1,0,0,0,625,3,38,0
0,0,0,0,0,1,1,0,0,0,785,2,35,0
2,0,0,0,0,6,0,0,0,0,793,3,44,0
1,0,0,0,0,1,0,0,0,0,360,0,7,0
0,0,1,0,6,4,2,0,2,2,340,8,79,1
3,0,1,1,1,4,1,0,0,1,805,6,98,1
0,0,0,0,1,0,0,0,0,0,216,1,8,0
3,2,2,1,5,2,2,0,2,1,1226,0,75,1
4,1,1,1,3,1,2,0,2,2,986,2,69,1
1,0,0,1,2,0,0,0,0,0,1023,3,47,0
1,0,2,1,2,5,5,1,1,0,1477,2,73,1
4,1,0,2,5,5,1,1,1,2,1648,0,78,1
1,0,0,1,6,1,0,0,0,0,1075,0,42,0
1,0,0,0,1,1,0,0,0,0,200,1,16,0
4,2,2,1,5,1,4,1,2,0,1671,6,85,1
0,0,0,2,1,0,0,0,0,0,527,5,43,0
2,0,0,2,1,1,1,0,0,0,260,5,36,0
1,0,0,0,1,0,0,0,0,0,250,0,29,0
2,0,0,0,0,2,2,1,0,0,536,3,75,1
1,0,0,0,0,0,1,0,0,0,195,1,13,0
1,0,0,0,1,0,0,0,0,0,360,0,5,0
0,0,0,0,1,0,1,0,0,0,124,0,6,0
0,0,0,0,0,0,0,0,0,0,165,0,6,0
1,0,0,0,0,1,0,0,0,0,295,0,29,0
2,2,1,0,1,3,4,0,1,0,370,8,63,1
1,0,0,0,0,1,1,0,0,0,505,1,7,0
3,2,0,2,4,0,0,0,0,0,1282,3,77,1
0,0,1,1,0,0,3,0,2,0,617,2,56,1
1,0,0,0,0,0,0,0,0,0,597,0,27,0
0,0,2,2,3,4,0,1,1,0,318,4,85,1
0,0,0,0,0,0,0,0,0,0,741,6,35,0
0,0,0,0,5,0,0,1,1,0,602,5,62,1
1,0,0,0,1,0,0,0,0,0,537,1,25,0
1,1,1,1,4,2,4,0,0,2,1225,2,85,1
2,0,0,1,4,0,1,1,0,0,916,1,49,0
4,1,1,1,5,6,4,1,1,0,1001,3,64,1
4,2,0,2,0,0,3,0,0,1,1343,2,79,1
0,0,0,1,1,0,0,0,0,0,945,5,38,0
1,0,0,0,0,1,0,0,0,0,205,0,2,0
6,0,1,0,0,2,3,1,1,0,166,1,99,1
1,0,0,1,2,3,0,0,0,0,963,1,40,0
0,0,0,2,6,0,0,0,0,0,884,7,35,0
3,1,2,2,5,4,0,0,1,1,116,4,91,1
0,0,0,0,0,1,0,0,0,0,126,0,18,0
2,1,0,0,4,6,2,0,2,1,1340,6,77,1
3,1,0,1,1,5,1,0,0,0,514,2,60,1
3,0,0,0,1,5,1,1,0,0,269,4,45,0
1,0,0,0,1,0,1,0,0,0,442,0,1,0
4,1,1,0,4,0,3,0,2,1,1304,3,95,1
2,0,0,1,0,1,1,0,0,0,505,4,35,0
3,2,2,2,1,0,3,1,2,2,406,0,70,1
2,1,0,1,6,5,3,1,2,0,513,7,63,1
1,0,0,0,0,0,0,0,0,0,598,1,10,0
0,0,0,0,1,1,0,0,0,0,834,1,24,0
2,0,0,0,0,5,4,0,1,0,411,5,58,1
3,1,0,1,5,3,2,0,2,0,1081,8,72,1
2,0,0,0,6,1,1,0,0,0,572,5,37,0
3,0,2,0,2,3,5,1,1,0,864,7,94,1
3,0,2,1,6,1,4,0,0,1,381,8,78,1
0,0,0,0,1,1,0,0,0,0,257,0,21,0
2,0,1,2,1,1,0,0,2,0,1555,8,86,1
3,2,2,2,3,1,1,1,2,0,1249,6,53,1
0,0,0,0,1,1,1,0,0,0,379,1,6,0
4,2,0,1,2,1,1,0,0,2,624,0,79,1
2,1,0,1,3,4,0,0,1,0,810,4,79,1
4,1,2,2,2,0,2,0,2,0,888,2,64,1
1,0,0,0,5,0,1,0,0,0,935,6,30,0
1,1,0,1,2,5,0,1,2,2,766,6,71,1
1,0,0,0,2,0,0,0,0,0,436,7,32,0
1,0,0,0,1,1,1,0,0,0,433,1,18,0
2,0,2,2,4,4,3,0,0,0,1003,0,54,1
1,0,0,0,1,1,1,0,0,0,130,1,0,0
1,0,2,1,5,0,1,1,1,0,500,0,87,1
0,0,0,1,2,5,0,0,0,0,230,1,42,0
6,1,2,0,3,3,4,0,1,1,1144,1,92,1
5,0,0,2,0,6,0,1,2,0,1307,1,90,1
1,0,2,0,3,3,0,0,0,0,635,3,40,0
1,0,0,0,0,1,0,0,0,0,427,1,29,0
0,0,0,0,3,1,0,0,0,0,319,6,30,0
0,0,0,0,0,1,1,0,0,0,240,1,8,0
3,2,1,1,5,1,3,1,0,0,996,7,59,1
6,2,1,2,2,1,2,1,0,0,1042,1,90,1
6,2,0,1,4,2,5,1,2,2,450,6,97,1
1,0,0,0,1,1,0,0,0,0,433,0,27,0
2,2,2,2,2,4,4,0,1,0,1339,5,59,1
0,0,2,1,0,0,0,0,2,2,1602,8,90,1
1,1,2,2,0,2,4,1,1,0,298,3,59,1
1,0,1,2,3,3,4,1,2,0,1351,8,63,1
0,0,0,0,1,0,0,0,0,0,374,1,9,0
1,0,0,2,2,6,2,1,0,1,818,1,94,1
2,0,0,2,6,1,1,0,0,0,607,4,37,0
0,0,0,0,0,1,1,0,0,0,228,0,7,0
0,0,0,0,4,6,4,1,0,0,652,7,53,1
4,0,1,1,3,5,3,0,0,2,1387,2,68,1
2,0,2,0,4,6,5,1,2,0,1004,4,97,1
1,0,0,0,1,1,0,0,0,0,372,1,4,0
1,0,0,0,1,0,1,0,0,0,440,0,4,0
1,0,0,1,5,2,5,1,2,0,625,3,61,1
0,0,0,0,1,0,0,0,0,0,139,1,18,0
1,1,1,2,3,5,0,1,1,1,1707,5,85,1
2,0,0,0,5,0,0,0,0,0,316,3,33,0
0,0,2,2,2,1,2,1,0,0,1297,6,55,1
1,0,0,1,1,4,5,1,2,1,261,7,74,1
0,0,1,2,5,5,0,0,1,1,1336,0,80,1
4,1,0,2,1,2,2,1,0,1,970,3,86,1
0,0,0,0,0,1,1,0,0,0,651,1,27,0
1,0,0,0,0,0,1,0,0,0,226,1,0,0
3,2,1,1,6,5,0,1,1,0,1068,1,52,1
4,1,0,0,6,5,5,0,1,2,838,7,74,1
0,0,0,0,0,5,4,0,0,2,1439,8,88,1
4,1,0,1,5,1,5,1,1,0,163,6,61,1
2,0,1,2,0,3,0,1,0,0,1234,8,72,1
0,0,0,0,0,0,0,0,0,0,554,0,16,0
1,0,0,0,0,0,0,0,0,0,763,0,29,0
0,0,0,0,0,1,1,0,0,0,102,1,2,0
2,0,0,0,2,0,0,0,0,0,308,4,32,0
3,0,1,1,3,1,3,1,0,0,679,0,52,1
0,0,0,0,1,1,1,0,0,0,279,0,22,0
2,2,1,2,5,3,0,0,0,2,1145,2,79,1
1,0,0,0,0,1,1,0,0,0,228,0,27,0
0,0,0,0,0,1,0,0,0,0,593,1,9,0
1,0,2,2,3,1,5,0,1,2,1548,6,83,1
6,2,0,2,1,0,2,0,0,2,1607,2,100,1
0,0,1,2,4,5,0,0,0,0,464,1,42,0
2,0,0,0,5,1,1,0,0,0,776,6,32,0
4,2,1,0,0,2,3,1,0,1,1620,1,80,1
1,0,0,0,0,1,1,0,0,0,446,1,12,0
0,0,0,0,0,0,0,0,0,0,795,0,25,0
1,0,0,1,5,0,1,0,0,0,651,8,36,0
4,0,1,0,6,3,3,0,0,2,1250,3,76,1
1,0,0,2,1,0,5,0,0,0,817,2,79,1
1,0,0,0,1,0,1,0,0,0,827,0,25,0
1,0,0,1,3,0,3,1,2,0,1154,5,72,1
1,0,0,0,1,0,1,0,0,0,456,1,5,0
0,0,0,0,0,0,1,0,0,0,112,1,28,0
1,0,0,0,1,0,0,0,0,0,563,1,14,0
2,1,1,2,5,3,5,1,1,2,539,1,99,1
2,0,2,0,5,0,5,0,2,2,1716,3,95,1
0,0,0,0,0,1,1,0,0,0,781,0,23,0
0,0,1,0,6,3,3,0,1,1,1448,6,100,1
1,0,0,0,1,1,0,0,0,0,164,0,26,0
4,2,1,0,2,4,5,0,2,0,667,5,74,1
1,0,0,0,1,0,0,0,0,0,478,1,1,0
3,0,0,1,3,1,5,1,2,2,1006,2,81,1
0,0,0,0,1,0,0,0,0,0,375,1,16,0
1,0,0,0,1,0,0,0,0,0,800,1,20,0
1,0,0,0,1,0,0,0,0,0,196,0,0,0
1,0,0,0,1,0,1,0,0,0,476,0,1,0
1,1,1,0,2,2,1,0,2,2,387,4,76,1
2,2,2,2,0,1,5,1,1,1,1377,8,69,1
1,0,2,1,1,2,0,0,0,0,1197,6,47,0
2,0,1,0,4,5,4,1,2,0,856,1,55,1
4,1,2,1,1,4,2,1,0,1,809,2,68,1
1,0,0,0,0,0,1,0,0,0,520,0,26,0
0,0,0,0,0,1,1,0,0,0,573,1,9,0
0,0,0,0,0,1,0,0,0,0,351,0,23,0
0,0,0,1,5,0,0,0,0,0,484,5,39,0
1,0,0,0,1,1,1,0,0,0,465,1,14,0
0,0,0,0,1,1,1,0,0,0,162,1,0,0
1,0,0,0,1,0,1,0,0,0,504,1,24,0
0,0,1,2,2,4,0,0,0,0,202,3,59,1
1,0,0,0,1,1,0,0,0,0,595,0,16,0
0,0,0,0,1,1,0,0,0,0,676,0,22,0
1,0,0,0,1,1,0,0,0,0,585,0,19,0
1,0,0,1,4,3,0,0,0,0,1396,7,70,1
1,0,0,0,0,0,0,0,0,0,249,1,9,0
0,0,2,1,5,1,3,0,1,1,466,7,74,1
2,0,0,2,5,3,0,0,0,0,1375,1,98,1
1,0,0,0,0,1,1,0,0,0,377,1,19,0
3,2,2,0,2,4,4,0,0,0,1396,1,79,1
2,2,2,1,5,4,3,1,0,0,867,2,57,1
0,0,0,0,0,1,1,0,0,0,291,1,1,0
4,2,2,0,6,3,0,1,1,1,602,8,86,1
2,0,0,0,3,1,1,0,0,0,599,1,30,0
1,1,1,2,4,4,2,1,1,1,416,5,65,1
1,0,2,1,2,5,1,1,0,0,900,0,46,0
2,0,0,0,1,4,0,0,0,0,755,1,43,0
0,0,2,2,6,0,3,0,0,0,473,2,53,1
2,0,0,1,6,0,1,1,2,0,1123,0,67,1
3,0,1,0,2,1,2,1,0,0,331,7,50,1
0,0,0,0,1,0,0,0,0,0,477,0,4,0
4,0,0,0,6,0,4,0,2,1,1340,8,78,1
2,0,1,2,4,1,3,0,1,1,1333,8,91,1
2,0,2,2,4,4,0,0,0,0,1221,5,49,0
1,1,1,1,6,0,1,0,1,0,190,7,67,1
6,0,0,1,4,5,4,1,1,2,1827,5,92,1
0,0,0,0,0,1,0,0,0,0,606,1,9,0
4,2,1,2,1,5,4,0,2,1,285,0,82,1
2,0,0,2,3,0,5,0,0,2,1382,5,89,1
1,0,2,0,4,5,0,1,1,0,1119,6,53,1
2,1,2,0,5,1,1,0,0,0,1462,7,82,1
0,0,0,0,1,0,0,0,0,0,891,0,39,0
2,0,0,2,4,0,1,0,0,0,678,4,39,0
0,0,0,0,3,0,1,0,0,0,241,1,34,0
1,1,1,2,5,5,0,1,2,0,1604,8,84,1
0,0,0,0,1,1,0,0,0,0,634,0,20,0
3,0,2,1,0,3,0,1,0,0,751,5,46,0
2,0,0,0,0,4,0,1,2,0,241,3,85,1
0,0,0,0,0,0,1,0,0,0,382,0,3,0
1,0,0,0,1,0,1,0,0,0,240,1,13,0
2,0,1,2,3,0,1,1,1,1,871,3,73,1
0,0,0,2,3,2,3,1,2,1,347,1,72,1
0,0,0,0,1,0,1,0,0,0,143,0,11,0
1,0,0,0,0,1,0,0,0,0,728,1,18,0
0,0,0,2,4,5,1,0,0,0,599,8,45,0
1,0,0,0,1,1,1,0,0,0,462,1,8,0
1,0,0,0,1,1,1,0,0,0,561,1,23,0
1,0,0,2,5,6,4,1,1,0,519,7,70,1
1,0,0,0,1,1,0,0,0,0,562,0,18,0
0,0,0,0,1,1,0,0,0,0,511,1,6,0
2,1,2,0,2,0,3,0,1,0,548,5,99,1
0,0,0,0,0,1,0,0,0,0,151,1,6,0
0,0,0,0,0,0,1,0,0,0,240,0,17,0
0,0,0,0,4,0,0,0,0,0,400,4,32,0
6,0,2,2,0,3,0,0,0,2,588,0,94,1
1,0,0,0,0,0,0,0,0,0,580,0,20,0
0,0,0,0,1,1,1,0,0,0,363,1,28,0
1,0,0,0,0,0,1,0,0,0,545,1,7,0
4,2,1,0,2,2,2,0,0,1,1058,2,80,1
0,0,2,2,6,2,1,0,0,0,570,0,42,0
4,2,2,0,6,1,1,0,0,1,522,2,73,1
1,0,0,0,6,0,0,1,2,0,868,2,66,1
2,1,1,0,4,4,0,1,2,0,1003,2,50,1
0,0,0,2,6,6,4,1,1,2,225,4,83,1
0,0,0,0,0,1,1,0,0,0,555,0,6,0
0,0,0,0,0,0,1,0,0,0,288,0,1,0
1,0,0,1,5,6,1,0,0,0,1033,0,48,0
1,0,0,0,1,1,0,0,0,0,771,1,28,0
0,0,0,0,0,0,1,0,0,0,499,0,0,0
1,1,2,2,5,4,4,0,1,0,997,0,54,1
0,0,0,0,0,1,1,0,0,0,146,0,17,0
1,0,0,0,0,1,0,0,0,0,153,1,2,0
0,0,0,0,1,1,0,0,0,0,261,0,22,0
1,0,0,0,1,1,1,0,0,0,185,0,14,0
1,0,0,0,0,0,0,0,0,0,714,0,29,0
5,1,2,1,0,3,1,1,0,1,1731,1,89,1
0,0,0,0,1,1,1,0,0,0,611,1,26,0
0,0,0,2,6,0,5,0,0,0,431,0,59,1
3,0,1,1,1,0,3,1,1,0,408,8,57,1
2,0,2,2,0,3,0,0,0,0,467,8,41,0
1,0,2,0,0,0,1,1,1,1,1727,5,83,1
0,0,1,0,1,3,3,1,2,2,1363,3,68,1
1,0,0,0,0,1,1,0,0,0,583,1,9,0
4,1,2,1,4,2,4,1,2,0,1441,2,82,1
3,0,1,1,1,1,1,0,0,0,488,4,46,0
0,0,0,2,1,4,4,0,0,2,1563,6,96,1
6,2,2,1,1,0,0,0,1,1,1336,6,93,1
2,0,0,2,3,0,0,0,0,0,486,7,36,0
3,2,0,0,4,2,1,0,2,0,913,5,77,1
2,2,0,0,0,5,0,0,2,0,304,2,86,1
0,0,0,0,1,1,1,0,0,0,313,0,12,0
0,0,0,0,1,0,1,0,0,0,400,0,7,0
2,0,0,0,6,4,1,0,0,0,410,8,62,1
0,0,0,0,1,1,0,0,0,0,158,1,26,0
1,0,0,0,1,0,0,0,0,0,474,0,11,0
0,0,0,0,1,1,0,0,0,0,851,0,30,0
0,0,0,2,0,1,2,0,0,2,1274,5,89,1
0,0,1,0,1,2,3,1,0,2,1276,4,89,1
4,1,1,2,5,2,2,1,1,2,1310,0,89,1
0,0,0,0,1,1,1,0,0,0,425,0,27,0
1,0,0,0,1,1,0,0,0,0,407,1,15,0
3,1,1,1,5,1,1,1,0,0,415,6,75,1
1,0,0,0,0,0,0,0,0,0,431,1,7,0
0,0,0,0,0,0,1,0,0,0,109,1,15,0
1,1,2,1,6,2,0,1,0,0,1680,7,97,1
1,0,0,0,0,1,1,0,0,0,702,0,16,0
